{"type":"FeatureCollection","features":[{"type":"Feature","properties":{"OBJECTID":27,"PIN":"6749700025","ADDRESS":"717 A N 95TH ST","PROP_NAME":"townhouse","LAND_SQFT":1696,"LAND_USE_DESC":"Townhouse Plat","ZONING":"LR2","SF_UNITS":0,"YR_BUILT":"1997","REDEV_FL_AREA":1950,"AVAIL_SQFT":678,"STATUS_TEXT_1":"Moderately Developed","STATUS_TEXT_2":"(41% - 80% of allowed density)","UV_NAME":"Aurora-Licton Springs"},"geometry":{"type":"Polygon","coordinates":[[[-122.348966788551,47.6977387093254],[-122.348965798849,47.6976550910875],[-122.34906428645,47.6976545546523],[-122.349189142142,47.6976538731042],[-122.349190153312,47.6977393282083],[-122.349027702153,47.697738878209],[-122.348966788551,47.6977387093254]]]}},{"type":"Feature","properties":{"OBJECTID":84,"PIN":"0164000030","ADDRESS":"13553   AURORA AVE N","PROP_NAME":"ST. VINCENT DEPAUL THRIFT STORE","LAND_SQFT":25929,"LAND_USE_DESC":"Retail Store","ZONING":"C1-65","SF_UNITS":0,"YR_BUILT":"1985","REDEV_FL_AREA":110198,"AVAIL_SQFT":98530,"STATUS_TEXT_1":"Significantly Under Developed","STATUS_TEXT_2":"(under 20% of allowed density)","UV_NAME":"Bitter Lake Village"},"geometry":{"type":"Polygon","coordinates":[[[-122.345257050547,47.7283380263716],[-122.345265194955,47.7283380280802],[-122.346271890404,47.7283384946598],[-122.346274893888,47.7285960745742],[-122.34627521329,47.7286234904042],[-122.345260277449,47.728622987698],[-122.345257112614,47.7283435068189],[-122.345257050547,47.7283380263716]]]}},{"type":"Feature","properties":{"OBJECTID":175,"PIN":"6145600921","ADDRESS":"10301   EVANSTON AVE N","PROP_NAME":"townhouse","LAND_SQFT":1335,"LAND_USE_DESC":"Townhouse Plat","ZONING":"LR2","SF_UNITS":0,"YR_BUILT":"2003","REDEV_FL_AREA":1535,"AVAIL_SQFT":134,"STATUS_TEXT_1":"Substantially Developed","STATUS_TEXT_2":"(81% - 100% of allowed density)","UV_NAME":"Outside Villages"},"geometry":{"type":"Polygon","coordinates":[[[-122.350960856022,47.7037036793906],[-122.350962269046,47.7038348988357],[-122.350942291089,47.7038351648095],[-122.350840773012,47.7038365163021],[-122.35084071917,47.7038311975125],[-122.35084067986,47.7038270713054],[-122.350840632509,47.7038229479474],[-122.350840589138,47.7038188217943],[-122.350840541707,47.7038146956954],[-122.350840498417,47.7038105722833],[-122.350840455046,47.7038064461302],[-122.350840411756,47.7038023227181],[-122.350840368385,47.7037981965651],[-122.350840320954,47.7037940704661],[-122.350840277664,47.703789947054],[-122.350840230233,47.703785820955],[-122.350840186942,47.7037816975429],[-122.350840143572,47.7037775713899],[-122.350840100201,47.7037734452368],[-122.35084005285,47.7037693218788],[-122.35084000948,47.7037651957258],[-122.350839966109,47.7037610695727],[-122.350839922819,47.7037569461606],[-122.350839875388,47.7037528200616],[-122.350839832098,47.7037486966495],[-122.350839788727,47.7037445704964],[-122.350839741296,47.7037404443974],[-122.350839698006,47.7037363209853],[-122.350839654635,47.7037321948323],[-122.350839611425,47.7037280741611],[-122.350839563914,47.7037239453211],[-122.350839520544,47.7037198191681],[-122.350839477254,47.703715695756],[-122.350839429823,47.703711569657],[-122.350839386452,47.7037074435039],[-122.350839343162,47.7037033200918],[-122.350960856022,47.7037036793906]]]}},{"type":"Feature","properties":{"OBJECTID":259,"PIN":"6064801270","ADDRESS":"6889   HOLLY PARK DR S","PROP_NAME":"townhouse","LAND_SQFT":2710,"LAND_USE_DESC":"Townhouse Plat","ZONING":"LR3","SF_UNITS":0,"YR_BUILT":"2004","REDEV_FL_AREA":4336,"AVAIL_SQFT":2710,"STATUS_TEXT_1":"Under Developed","STATUS_TEXT_2":"(21% - 40% of allowed density)","UV_NAME":"Othello"},"geometry":{"type":"Polygon","coordinates":[[[-122.2887887065,47.53952603994],[-122.288846536405,47.5396086033827],[-122.288603541813,47.5397728097857],[-122.288598357219,47.5397682614271],[-122.288594516758,47.5397651545889],[-122.2885905289,47.5397621346396],[-122.288586397694,47.5397592015276],[-122.288582127416,47.5397563634237],[-122.288577722039,47.5397536175352],[-122.288573189964,47.5397509747225],[-122.288568280417,47.5397478651227],[-122.288564380236,47.5397447946941],[-122.288560962955,47.5397414713028],[-122.288558057902,47.5397379302192],[-122.288542519955,47.5396923737468],[-122.2887887065,47.53952603994]]]}},{"type":"Feature","properties":{"OBJECTID":400,"PIN":"7666702210","ADDRESS":"3419   11TH AVE SW","PROP_NAME":"HARDWARE SPECIALTY CO","LAND_SQFT":31722,"LAND_USE_DESC":"Warehouse","ZONING":"IG1 U/85","SF_UNITS":0,"YR_BUILT":"1955","REDEV_FL_AREA":31722,"AVAIL_SQFT":12689,"STATUS_TEXT_1":"Moderately Developed","STATUS_TEXT_2":"(41% - 80% of allowed density)","UV_NAME":"Greater Duwamish"},"geometry":{"type":"Polygon","coordinates":[[[-122.349869420982,47.5730695102903],[-122.349869448044,47.5729050186688],[-122.349869475186,47.5727405297881],[-122.350940426821,47.5727406118897],[-122.350940354538,47.5729051041604],[-122.350940282094,47.5730695909489],[-122.349869420982,47.5730695102903]]]}},{"type":"Feature","properties":{"OBJECTID":490,"PIN":"7129304550","ADDRESS":"9401   RAINIER AVE S","PROP_NAME":"KENTUCKY FRIED CHICKEN","LAND_SQFT":18783,"LAND_USE_DESC":"Restaurant(Fast Food)","ZONING":"NC2-40","SF_UNITS":0,"YR_BUILT":"1985","REDEV_FL_AREA":56349,"AVAIL_SQFT":54471,"STATUS_TEXT_1":"Significantly Under Developed","STATUS_TEXT_2":"(under 20% of allowed density)","UV_NAME":"Rainier Beach"},"geometry":{"type":"Polygon","coordinates":[[[-122.264407433149,47.519412220168],[-122.264569307062,47.5194130679607],[-122.264771651464,47.5194141266665],[-122.264994969903,47.5194152935696],[-122.26499468466,47.519435856427],[-122.264990515813,47.519734739409],[-122.264970236231,47.5197372242222],[-122.2647661688,47.5197622005988],[-122.264660788644,47.5197750968688],[-122.264563408189,47.5197870148164],[-122.26440120689,47.5198068674828],[-122.264407111258,47.5194327834826],[-122.264407433149,47.519412220168]]]}},{"type":"Feature","properties":{"OBJECTID":561,"PIN":"9524100145","ADDRESS":"1141  N 92ND ST","PROP_NAME":"duplex","LAND_SQFT":5638,"LAND_USE_DESC":"Duplex","ZONING":"LR3","SF_UNITS":0,"YR_BUILT":"1920","REDEV_FL_AREA":9021,"AVAIL_SQFT":6766,"STATUS_TEXT_1":"Under Developed","STATUS_TEXT_2":"(21% - 40% of allowed density)","UV_NAME":"Aurora-Licton Springs"},"geometry":{"type":"Polygon","coordinates":[[[-122.342657235793,47.6955402811538],[-122.342654274922,47.6952826455573],[-122.342816712064,47.6952835873161],[-122.342897922438,47.6952840554753],[-122.342899407737,47.6954131597542],[-122.342900883641,47.6955416609149],[-122.342819673103,47.6955412009806],[-122.342657235793,47.6955402811538]]]}},{"type":"Feature","properties":{"OBJECTID":627,"PIN":"3879900570","ADDRESS":"118  W MERCER ST","PROP_NAME":"TUP TIM THAI RESTAURANT & DUPLEX","LAND_SQFT":6400,"LAND_USE_DESC":"Restaurant/Lounge","ZONING":"NC3-40","SF_UNITS":0,"YR_BUILT":"1985","REDEV_FL_AREA":19200,"AVAIL_SQFT":14720,"STATUS_TEXT_1":"Under Developed","STATUS_TEXT_2":"(21% - 40% of allowed density)","UV_NAME":"Uptown"},"geometry":{"type":"Polygon","coordinates":[[[-122.358925278453,47.6249732371755],[-122.358926332533,47.6248361655455],[-122.358927390581,47.6246990911196],[-122.359186841372,47.6247000086757],[-122.359185828526,47.6248370797651],[-122.359184815673,47.624974150854],[-122.358925278453,47.6249732371755]]]}},{"type":"Feature","properties":{"OBJECTID":706,"PIN":"2254502165","ADDRESS":"800   18TH AVE","PROP_NAME":"IMMACULATE CONCEPTION CHURCH","LAND_SQFT":69359,"LAND_USE_DESC":"Church/Welfare/Relig Srvc","ZONING":"LR1","SF_UNITS":0,"YR_BUILT":"1971","REDEV_FL_AREA":69359,"AVAIL_SQFT":20808,"STATUS_TEXT_1":"Landmark/Historic Status or has Transferred Development Rights","STATUS_TEXT_2":null,"UV_NAME":"Outside Villages"},"geometry":{"type":"Polygon","coordinates":[[[-122.307742916752,47.6097735372744],[-122.30826357098,47.6097758080304],[-122.308264795962,47.609611316427],[-122.308266020936,47.609446824823],[-122.308267245592,47.6092823222545],[-122.308787773021,47.6092845812245],[-122.308786594596,47.6094490832204],[-122.308785416008,47.6096135797338],[-122.308784237336,47.6097780735057],[-122.30878305468,47.6099425700705],[-122.30878187607,47.6101070665821],[-122.308780697453,47.6102715630931],[-122.308259904017,47.610269279991],[-122.307739118812,47.6102669971414],[-122.307740382098,47.6101025105547],[-122.307741649429,47.6099380239148],[-122.307742916752,47.6097735372744]]]}},{"type":"Feature","properties":{"OBJECTID":759,"PIN":"7186800110","ADDRESS":"5943   MARTIN LUTHER KING JR WAY S","PROP_NAME":"NEW BEGINNINGS ZION CHURCH","LAND_SQFT":4216,"LAND_USE_DESC":"Church/Welfare/Relig Srvc","ZONING":"C1-65","SF_UNITS":0,"YR_BUILT":"1975","REDEV_FL_AREA":17918,"AVAIL_SQFT":16021,"STATUS_TEXT_1":"Special Land Use Type","STATUS_TEXT_2":null,"UV_NAME":"Othello"},"geometry":{"type":"Polygon","coordinates":[[[-122.28699512344,47.5486036942663],[-122.286939848993,47.5484879959154],[-122.287346139436,47.5484922805621],[-122.287401941482,47.5486079856869],[-122.28699512344,47.5486036942663]]]}},{"type":"Feature","properties":{"OBJECTID":799,"PIN":"1972206120","ADDRESS":"10   DRAVUS ST","PROP_NAME":"STORAGE WAREHOUSE","LAND_SQFT":3602,"LAND_USE_DESC":"Warehouse","ZONING":"C2-40","SF_UNITS":0,"YR_BUILT":"2002","REDEV_FL_AREA":10806,"AVAIL_SQFT":9005,"STATUS_TEXT_1":"Significantly Under Developed","STATUS_TEXT_2":"(under 20% of allowed density)","UV_NAME":"Outside Villages"},"geometry":{"type":"Polygon","coordinates":[[[-122.35705935631,47.6490789470119],[-122.357060376961,47.6487497396389],[-122.357182092259,47.6487498877133],[-122.357181038562,47.6490790489256],[-122.35705935631,47.6490789470119]]]}},{"type":"Feature","properties":{"OBJECTID":907,"PIN":"3395070970","ADDRESS":"7631   39TH AVE S","PROP_NAME":"sfr","LAND_SQFT":3234,"LAND_USE_DESC":"Single Family(Res Use/Zone)","ZONING":"LR2","SF_UNITS":1,"YR_BUILT":"2006","REDEV_FL_AREA":3719,"AVAIL_SQFT":323,"STATUS_TEXT_1":"Under Developed","STATUS_TEXT_2":"(21% - 40% of allowed density)","UV_NAME":"Othello"},"geometry":{"type":"Polygon","coordinates":[[[-122.283596333018,47.5338971835805],[-122.283914743298,47.5338571277278],[-122.283915847602,47.5338611635322],[-122.283916947859,47.5338651993883],[-122.283918040097,47.5338692380887],[-122.283919128212,47.5338732740997],[-122.283920212356,47.5338773129034],[-122.283921292453,47.5338813517588],[-122.283922364455,47.5338853907175],[-122.283923432486,47.5338894324689],[-122.283924496394,47.533893471531],[-122.28392555633,47.5338975133856],[-122.283926608173,47.5339015553437],[-122.283927655968,47.5339055973534],[-122.283928699792,47.5339096421558],[-122.283929739492,47.5339136842688],[-122.283930898235,47.5339182211602],[-122.28393192587,47.5339222661693],[-122.283932949458,47.53392631123],[-122.283933964951,47.533930356394],[-122.28393498052,47.533934404299],[-122.283935988072,47.5339384550484],[-122.283936991347,47.5339424976264],[-122.283937990727,47.5339465457381],[-122.283938982089,47.5339505966941],[-122.283939969328,47.5339546449609],[-122.283940952595,47.5339586960202],[-122.283941931739,47.5339627443903],[-122.283943722954,47.5339702208341],[-122.283624017371,47.5340052206324],[-122.283622913256,47.5340006090075],[-122.28362193406,47.5339965578936],[-122.283620958911,47.5339925067282],[-122.283619971697,47.5339884584587],[-122.283618980359,47.5339844074999],[-122.28361798505,47.5339803593337],[-122.283616985694,47.5339763112192],[-122.283615978319,47.533972265949],[-122.283614966821,47.5339682179895],[-122.283613951352,47.5339641728226],[-122.283612927712,47.533960125018],[-122.283611900177,47.5339560827471],[-122.283610868519,47.5339520377868],[-122.283609229212,47.5339456534489],[-122.283608181441,47.5339416114362],[-122.28360713367,47.5339375694236],[-122.283606073757,47.5339335275659],[-122.283605013844,47.5339294857082],[-122.283603945913,47.5339254466949],[-122.283602873935,47.5339214077331],[-122.283601797909,47.5339173688231],[-122.283600713789,47.5339133300163],[-122.283599625546,47.5339092885202],[-122.283598533484,47.5339052552988],[-122.283597437298,47.5339012193879],[-122.283596333018,47.5338971835805]]]}},{"type":"Feature","properties":{"OBJECTID":1041,"PIN":"5247802725","ADDRESS":"701  S JACKSON ST","PROP_NAME":"AUTO REPAIR","LAND_SQFT":13439,"LAND_USE_DESC":"Service Station","ZONING":"IDM-75-85","SF_UNITS":0,"YR_BUILT":"1960","REDEV_FL_AREA":80634,"AVAIL_SQFT":73914,"STATUS_TEXT_1":"Landmark/Historic Status or has Transferred Development Rights","STATUS_TEXT_2":null,"UV_NAME":"Chinatown-International District"},"geometry":{"type":"Polygon","coordinates":[[[-122.323097959447,47.599055778839],[-122.323099221132,47.5987680273795],[-122.323131646058,47.5987680880911],[-122.323618149008,47.5987689740286],[-122.323617425649,47.5989334242512],[-122.323616878819,47.5990567530627],[-122.323130384553,47.5990558395509],[-122.323097959447,47.599055778839]]]}},{"type":"Feature","properties":{"OBJECTID":1184,"PIN":"1632700005","ADDRESS":"12752   AURORA AVE N","PROP_NAME":"Asian Bistro Vietnamese Cusisine","LAND_SQFT":9968,"LAND_USE_DESC":"Restaurant/Lounge","ZONING":"C1-65","SF_UNITS":0,"YR_BUILT":"1990","REDEV_FL_AREA":42364,"AVAIL_SQFT":39872,"STATUS_TEXT_1":"Significantly Under Developed","STATUS_TEXT_2":"(under 20% of allowed density)","UV_NAME":"Bitter Lake Village"},"geometry":{"type":"Polygon","coordinates":[[[-122.344377770332,47.722191109761],[-122.344374815793,47.7219167234276],[-122.344780032824,47.7219366865689],[-122.344783030096,47.7222105129842],[-122.344377770332,47.722191109761]]]}},{"type":"Feature","properties":{"OBJECTID":1295,"PIN":"7883603860","ADDRESS":"815  S THISTLE ST","PROP_NAME":"SFR","LAND_SQFT":8404,"LAND_USE_DESC":"Single Family(Res Use/Zone)","ZONING":"SF 5000","SF_UNITS":1,"YR_BUILT":"1962","REDEV_FL_AREA":8404,"AVAIL_SQFT":6723,"STATUS_TEXT_1":"Substantially Developed","STATUS_TEXT_2":"(81% - 100% of allowed density)","UV_NAME":"South Park"},"geometry":{"type":"Polygon","coordinates":[[[-122.322078810504,47.5280805229116],[-122.322080947002,47.5277515475608],[-122.322161949977,47.5277517884933],[-122.32226318854,47.5277520904619],[-122.322364423058,47.5277523923933],[-122.322362284224,47.5280813650615],[-122.322261049067,47.5280810631282],[-122.322159809943,47.5280807638987],[-122.322078810504,47.5280805229116]]]}},{"type":"Feature","properties":{"OBJECTID":1324,"PIN":"4310702615","ADDRESS":"9224   ASHWORTH AVE N","PROP_NAME":"townhouse","LAND_SQFT":1302,"LAND_USE_DESC":"Townhouse Plat","ZONING":"LR2","SF_UNITS":0,"YR_BUILT":"2001","REDEV_FL_AREA":1497,"AVAIL_SQFT":521,"STATUS_TEXT_1":"Substantially Developed","STATUS_TEXT_2":"(81% - 100% of allowed density)","UV_NAME":"Aurora-Licton Springs"},"geometry":{"type":"Polygon","coordinates":[[[-122.339204625215,47.6968153484633],[-122.339203859934,47.6967467755113],[-122.339203766854,47.6967385205599],[-122.339294756912,47.6967380532135],[-122.339392301426,47.6967375540259],[-122.339392422075,47.6967474593011],[-122.339392491144,47.6967526435227],[-122.339393120973,47.6968022463237],[-122.339393284966,47.6968160282233],[-122.339204625215,47.6968153484633]]]}},{"type":"Feature","properties":{"OBJECTID":1381,"PIN":"1930300007","ADDRESS":"617  N 42ND ST","PROP_NAME":"TOWNHOUSE","LAND_SQFT":823,"LAND_USE_DESC":"Townhouse Plat","ZONING":"LR3 RC","SF_UNITS":0,"YR_BUILT":"1998","REDEV_FL_AREA":1070,"AVAIL_SQFT":0,"STATUS_TEXT_1":"Substantially Developed","STATUS_TEXT_2":"(81% - 100% of allowed density)","UV_NAME":"Outside Villages"},"geometry":{"type":"Polygon","coordinates":[[[-122.350335112962,47.6576529002681],[-122.350336356547,47.6575159610028],[-122.350403133379,47.6575161683333],[-122.350402101408,47.6576257229844],[-122.350401845503,47.6576531136758],[-122.350362506544,47.6576529878207],[-122.350335112962,47.6576529002681]]]}},{"type":"Feature","properties":{"OBJECTID":1441,"PIN":"9524100327","ADDRESS":"9005   STONE AVE N","PROP_NAME":"Townhouse","LAND_SQFT":1106,"LAND_USE_DESC":"Townhouse Plat","ZONING":"LR3","SF_UNITS":0,"YR_BUILT":"1998","REDEV_FL_AREA":1770,"AVAIL_SQFT":442,"STATUS_TEXT_1":"Moderately Developed","STATUS_TEXT_2":"(41% - 80% of allowed density)","UV_NAME":"Aurora-Licton Springs"},"geometry":{"type":"Polygon","coordinates":[[[-122.341994687795,47.6944250215871],[-122.341994150474,47.6943784090694],[-122.341993802739,47.6943482543196],[-122.342014106657,47.6943481500718],[-122.342054710433,47.6943479416191],[-122.34215621792,47.6943474231919],[-122.342156822023,47.6943996861068],[-122.342157103455,47.694424198681],[-122.341994687795,47.6944250215871]]]}},{"type":"Feature","properties":{"OBJECTID":1521,"PIN":"2856100021","ADDRESS":"6523 C  24TH AVE NW","PROP_NAME":"Townhouse","LAND_SQFT":1266,"LAND_USE_DESC":"Townhouse Plat","ZONING":"LR3","SF_UNITS":0,"YR_BUILT":"1997","REDEV_FL_AREA":1646,"AVAIL_SQFT":506,"STATUS_TEXT_1":"Substantially Developed","STATUS_TEXT_2":"(81% - 100% of allowed density)","UV_NAME":"Outside Villages"},"geometry":{"type":"Polygon","coordinates":[[[-122.387894296444,47.6765751803449],[-122.387893752424,47.6765340571178],[-122.387893391178,47.6765066443556],[-122.388098845067,47.6765049979547],[-122.388099243028,47.6765324129588],[-122.388099843947,47.6765735326685],[-122.387950863623,47.6765747238239],[-122.387894296444,47.6765751803449]]]}},{"type":"Feature","properties":{"OBJECTID":1615,"PIN":"2734100325","ADDRESS":"6628 B  CORSON AVE S","PROP_NAME":"TOWNHOUSE","LAND_SQFT":1354,"LAND_USE_DESC":"Townhouse Plat","ZONING":"LR2","SF_UNITS":0,"YR_BUILT":"2002","REDEV_FL_AREA":1557,"AVAIL_SQFT":0,"STATUS_TEXT_1":"Substantially Developed","STATUS_TEXT_2":"(81% - 100% of allowed density)","UV_NAME":"Outside Villages"},"geometry":{"type":"Polygon","coordinates":[[[-122.322100460061,47.5435081927977],[-122.322119852494,47.5434479217411],[-122.322155660424,47.5434532108354],[-122.322314030611,47.5434765967962],[-122.322315887143,47.5434768727206],[-122.322353586094,47.5434824385966],[-122.322359401581,47.543483297421],[-122.32233999719,47.5435435659366],[-122.322296482704,47.5435371412288],[-122.322136267952,47.5435134791571],[-122.322100460061,47.5435081927977]]]}},{"type":"Feature","properties":{"OBJECTID":1682,"PIN":"1972205360","ADDRESS":"27  W ETRURIA ST","PROP_NAME":"Duplex","LAND_SQFT":3598,"LAND_USE_DESC":"Duplex","ZONING":"LR3","SF_UNITS":0,"YR_BUILT":"1911","REDEV_FL_AREA":4677,"AVAIL_SQFT":3238,"STATUS_TEXT_1":"Moderately Developed","STATUS_TEXT_2":"(41% - 80% of allowed density)","UV_NAME":"Outside Villages"},"geometry":{"type":"Polygon","coordinates":[[[-122.358915911661,47.6476869015168],[-122.358917188811,47.6473579866564],[-122.359038856078,47.6473581278623],[-122.359037595279,47.647687020579],[-122.358915911661,47.6476869015168]]]}},{"type":"Feature","properties":{"OBJECTID":1751,"PIN":"3445400470","ADDRESS":"3409  S JUNEAU ST","PROP_NAME":"sfr","LAND_SQFT":6224,"LAND_USE_DESC":"Single Family(Res Use/Zone)","ZONING":"MR","SF_UNITS":1,"YR_BUILT":"2002","REDEV_FL_AREA":26452,"AVAIL_SQFT":24896,"STATUS_TEXT_1":"Significantly Under Developed","STATUS_TEXT_2":"(under 20% of allowed density)","UV_NAME":"Othello"},"geometry":{"type":"Polygon","coordinates":[[[-122.288883130317,47.5497009407665],[-122.288883638267,47.5494719732636],[-122.289186084869,47.5494747844639],[-122.289181473941,47.5497036948622],[-122.288921619835,47.5497012951102],[-122.288883130317,47.5497009407665]]]}},{"type":"Feature","properties":{"OBJECTID":1846,"PIN":"5540800175","ADDRESS":"9019   AURORA AVE N","PROP_NAME":"FUSHEN RESTAURANT","LAND_SQFT":6133,"LAND_USE_DESC":"Restaurant/Lounge","ZONING":"C1-40","SF_UNITS":0,"YR_BUILT":"1985","REDEV_FL_AREA":18399,"AVAIL_SQFT":16559,"STATUS_TEXT_1":"Significantly Under Developed","STATUS_TEXT_2":"(under 20% of allowed density)","UV_NAME":"Aurora-Licton Springs"},"geometry":{"type":"Polygon","coordinates":[[[-122.34475299623,47.69463074635],[-122.344793605646,47.6946308631489],[-122.344895125405,47.69463116473],[-122.344996645006,47.6946314607388],[-122.345098164608,47.6946317566572],[-122.345100450686,47.6948240591933],[-122.345100517076,47.6948295505602],[-122.345092393442,47.6948295239558],[-122.345007120642,47.6948292785139],[-122.344998997088,47.6948292546438],[-122.344990873533,47.6948292307732],[-122.344905600654,47.6948289825144],[-122.344897477021,47.6948289558962],[-122.344889353546,47.6948289347592],[-122.344795957114,47.69482866254],[-122.344755343404,47.6948285430548],[-122.34475299623,47.69463074635]]]}},{"type":"Feature","properties":{"OBJECTID":1877,"PIN":"9523101505","ADDRESS":"6415   PHINNEY AVE N","PROP_NAME":"RUDY'S BARBER SHOP & SFR HOUSE (1-UNIT)","LAND_SQFT":3887,"LAND_USE_DESC":"Retail Store","ZONING":"LR3 RC","SF_UNITS":0,"YR_BUILT":"1975","REDEV_FL_AREA":5053,"AVAIL_SQFT":3110,"STATUS_TEXT_1":"Under Developed","STATUS_TEXT_2":"(21% - 40% of allowed density)","UV_NAME":"Outside Villages"},"geometry":{"type":"Polygon","coordinates":[[[-122.354518048022,47.6757122504833],[-122.354518375926,47.6756685273437],[-122.354518852585,47.6756056135641],[-122.354924766894,47.6756058115018],[-122.354924292618,47.6756686512234],[-122.354923962968,47.6757123030996],[-122.354518048022,47.6757122504833]]]}},{"type":"Feature","properties":{"OBJECTID":1991,"PIN":"5247801990","ADDRESS":"315   MAYNARD AVE S","PROP_NAME":"INTERNATIONAL APTS-53 UNITS","LAND_SQFT":7204,"LAND_USE_DESC":"Apartment","ZONING":"IDM-75-85","SF_UNITS":0,"YR_BUILT":"1964","REDEV_FL_AREA":43224,"AVAIL_SQFT":20171,"STATUS_TEXT_1":"Landmark/Historic Status or has Transferred Development Rights","STATUS_TEXT_2":null,"UV_NAME":"Chinatown-International District"},"geometry":{"type":"Polygon","coordinates":[[[-122.32518749982,47.5996106036481],[-122.325188076595,47.5994460209167],[-122.325674468675,47.5994467679826],[-122.325673848939,47.5996113540423],[-122.32518749982,47.5996106036481]]]}},{"type":"Feature","properties":{"OBJECTID":2073,"PIN":"2767600425","ADDRESS":"1700  NW 64TH ST","PROP_NAME":"MULTI - RES","LAND_SQFT":4997,"LAND_USE_DESC":"Apartment","ZONING":"LR1","SF_UNITS":0,"YR_BUILT":"1990","REDEV_FL_AREA":4997,"AVAIL_SQFT":0,"STATUS_TEXT_1":"Completely Developed","STATUS_TEXT_2":"(more than 100% of allowed density)","UV_NAME":"Ballard"},"geometry":{"type":"Polygon","coordinates":[[[-122.379015062,47.6755074553625],[-122.379015122423,47.6753709367423],[-122.379218146778,47.675371165455],[-122.379421170971,47.6753713883242],[-122.379421132712,47.6754754546461],[-122.379421115993,47.6755084635189],[-122.379218087206,47.6755082407047],[-122.379015062,47.6755074553625]]]}},{"type":"Feature","properties":{"OBJECTID":2226,"PIN":"2771601375","ADDRESS":"1403  W WHEELER ST","PROP_NAME":"Sfr","LAND_SQFT":7356,"LAND_USE_DESC":"Single Family(Res Use/Zone)","ZONING":"LR3","SF_UNITS":1,"YR_BUILT":"1901","REDEV_FL_AREA":9563,"AVAIL_SQFT":7356,"STATUS_TEXT_1":"Significantly Under Developed","STATUS_TEXT_2":"(under 20% of allowed density)","UV_NAME":"Outside Villages"},"geometry":{"type":"Polygon","coordinates":[[[-122.375143009159,47.6403023878603],[-122.375426958648,47.6403019094258],[-122.375427412665,47.6403704432579],[-122.375427862709,47.6404389798858],[-122.37542831681,47.6405075164586],[-122.37542886097,47.6405897620014],[-122.375144471825,47.6405902436313],[-122.375144054,47.6405080018665],[-122.375143705637,47.6404394611236],[-122.375143357439,47.6403709258625],[-122.375143009159,47.6403023878603]]]}},{"type":"Feature","properties":{"OBJECTID":2292,"PIN":"1105000357","ADDRESS":"6630   RAINIER AVE S","PROP_NAME":"Rainier Mini Mart","LAND_SQFT":2146,"LAND_USE_DESC":"Apartment(Mixed Use)","ZONING":"LR3","SF_UNITS":0,"YR_BUILT":"1960","REDEV_FL_AREA":2790,"AVAIL_SQFT":644,"STATUS_TEXT_1":"Substantially Developed","STATUS_TEXT_2":"(81% - 100% of allowed density)","UV_NAME":"Outside Villages"},"geometry":{"type":"Polygon","coordinates":[[[-122.272517959186,47.5425325814411],[-122.272641274091,47.5425319930668],[-122.272665741879,47.5425318751062],[-122.27274378431,47.5426433019633],[-122.27264139026,47.5426761918694],[-122.272573957025,47.5426978519989],[-122.272517959186,47.5425325814411]]]}},{"type":"Feature","properties":{"OBJECTID":2419,"PIN":"0660000515","ADDRESS":"2121   WESTLAKE AVE","PROP_NAME":"Autosport & Law Office","LAND_SQFT":8920,"LAND_USE_DESC":"Office Building","ZONING":"DMC 240/290-400","SF_UNITS":0,"YR_BUILT":"1979","REDEV_FL_AREA":178400,"AVAIL_SQFT":161452,"STATUS_TEXT_1":"Significantly Under Developed","STATUS_TEXT_2":"(under 20% of allowed density)","UV_NAME":"Denny Triangle"},"geometry":{"type":"Polygon","coordinates":[[[-122.338463573087,47.617437342581],[-122.338503132922,47.6174067696369],[-122.338791204152,47.6171841190768],[-122.338974323654,47.6172924272439],[-122.3386862445,47.6175150783742],[-122.338643551153,47.6175480783822],[-122.338635006896,47.6175546817461],[-122.338507882223,47.6176529341643],[-122.338464573804,47.6174422156141],[-122.338463573087,47.617437342581]]]}},{"type":"Feature","properties":{"OBJECTID":2446,"PIN":"2426039310","ADDRESS":"13435 E  GREENWOOD AVE N","PROP_NAME":"Townhouse","LAND_SQFT":1162,"LAND_USE_DESC":"Townhouse Plat","ZONING":"LR3","SF_UNITS":0,"YR_BUILT":"2005","REDEV_FL_AREA":1511,"AVAIL_SQFT":0,"STATUS_TEXT_1":"Substantially Developed","STATUS_TEXT_2":"(81% - 100% of allowed density)","UV_NAME":"Outside Villages"},"geometry":{"type":"Polygon","coordinates":[[[-122.35661709588,47.7274980402056],[-122.356666182478,47.7274982345715],[-122.356666220238,47.7274937042597],[-122.356860035053,47.727494630496],[-122.356859591832,47.7275494629935],[-122.356853498259,47.7275494072971],[-122.356847400705,47.7275493543956],[-122.356841307132,47.7275492986986],[-122.35683521364,47.7275492457422],[-122.356829120148,47.7275491927855],[-122.356823022513,47.7275491371417],[-122.356816933083,47.7275490841301],[-122.356810835528,47.7275490312267],[-122.356804741956,47.7275489755277],[-122.356798648463,47.7275489225693],[-122.356792554971,47.7275488696106],[-122.356786457417,47.7275488167059],[-122.356780363925,47.7275487637465],[-122.356774270272,47.727548705305],[-122.35676817686,47.727548655086],[-122.356762079306,47.7275486021799],[-122.356755985814,47.7275485492193],[-122.356749892322,47.7275484962583],[-122.35674379883,47.727548443297],[-122.356737705418,47.7275483930763],[-122.356731607864,47.7275483401687],[-122.356725514372,47.7275482872064],[-122.35671942088,47.7275482342438],[-122.356713327388,47.7275481812809],[-122.356707229833,47.7275481283719],[-122.356701136422,47.7275480781493],[-122.35669504293,47.7275480251854],[-122.356688949438,47.7275479722212],[-122.356682856027,47.7275479219976],[-122.356676758472,47.7275478690869],[-122.356670665061,47.7275478188627],[-122.356664571569,47.7275477658972],[-122.356658474095,47.7275477157265],[-122.356652384666,47.7275476627061],[-122.356646287192,47.7275476125348],[-122.356640193781,47.7275475623089],[-122.356634100289,47.7275475093418],[-122.356628006877,47.7275474591152],[-122.356617226533,47.7275473700371],[-122.356617215585,47.7275432571621],[-122.356617204637,47.7275391442871],[-122.356617193689,47.7275350314121],[-122.356617182741,47.7275309185371],[-122.356617171873,47.727526808403],[-122.356617160925,47.7275226955281],[-122.356617149977,47.7275185826531],[-122.356617139029,47.7275144697781],[-122.356617128162,47.727510359644],[-122.356617117213,47.727506246769],[-122.35661709588,47.7274980402056]]]}},{"type":"Feature","properties":{"OBJECTID":2539,"PIN":"2767603600","ADDRESS":"1750  NW 59TH ST","PROP_NAME":"Triplex","LAND_SQFT":5022,"LAND_USE_DESC":"Triplex","ZONING":"LR2","SF_UNITS":0,"YR_BUILT":"1964","REDEV_FL_AREA":5775,"AVAIL_SQFT":2009,"STATUS_TEXT_1":"Moderately Developed","STATUS_TEXT_2":"(41% - 80% of allowed density)","UV_NAME":"Ballard"},"geometry":{"type":"Polygon","coordinates":[[[-122.381045772931,47.6720005931276],[-122.381045829719,47.6717257632769],[-122.381248828406,47.6717260132052],[-122.381248805602,47.67186073538],[-122.381248803853,47.6718609492828],[-122.381248776831,47.6720008457418],[-122.381045772931,47.6720005931276]]]}},{"type":"Feature","properties":{"OBJECTID":2670,"PIN":"3320000405","ADDRESS":"1425  S JACKSON ST","PROP_NAME":"TRIPLEX","LAND_SQFT":2458,"LAND_USE_DESC":"Triplex","ZONING":"NC3P-40","SF_UNITS":0,"YR_BUILT":"1906","REDEV_FL_AREA":7374,"AVAIL_SQFT":3441,"STATUS_TEXT_1":"Moderately Developed","STATUS_TEXT_2":"(41% - 80% of allowed density)","UV_NAME":"23rd & Union-Jackson"},"geometry":{"type":"Polygon","coordinates":[[[-122.312723925875,47.5991277813998],[-122.312727689558,47.5988580049615],[-122.312829215289,47.598858420337],[-122.312825168934,47.5991272188268],[-122.312723925875,47.5991277813998]]]}},{"type":"Feature","properties":{"OBJECTID":2720,"PIN":"2770602405","ADDRESS":"3019   20TH AVE W","PROP_NAME":"7 UNIT APT","LAND_SQFT":5994,"LAND_USE_DESC":"Apartment","ZONING":"LR3","SF_UNITS":0,"YR_BUILT":"1987","REDEV_FL_AREA":7792,"AVAIL_SQFT":1798,"STATUS_TEXT_1":"Completely Developed","STATUS_TEXT_2":"(more than 100% of allowed density)","UV_NAME":"Outside Villages"},"geometry":{"type":"Polygon","coordinates":[[[-122.382179420557,47.6472245089327],[-122.382178865835,47.647087507596],[-122.382665354464,47.6470863513675],[-122.382666001253,47.6472234035654],[-122.382179420557,47.6472245089327]]]}},{"type":"Feature","properties":{"OBJECTID":2779,"PIN":"2617360000","ADDRESS":"403   DEXTER AVE N","PROP_NAME":"407 WRIGHT EXHIBITION SPACE (CONDOS)","LAND_SQFT":11977,"LAND_USE_DESC":"Condominium(Residential)","ZONING":"SM 160/85-240","SF_UNITS":0,"YR_BUILT":"1970","REDEV_FL_AREA":167678,"AVAIL_SQFT":160492,"STATUS_TEXT_1":"Significantly Under Developed","STATUS_TEXT_2":"(under 20% of allowed density)","UV_NAME":"South Lake Union"},"geometry":{"type":"Polygon","coordinates":[[[-122.342584242918,47.6223115816422],[-122.342988722774,47.6223131983901],[-122.342985964722,47.6226423290458],[-122.342581338341,47.6226406429048],[-122.342584242918,47.6223115816422]]]}},{"type":"Feature","properties":{"OBJECTID":2867,"PIN":"7011201185","ADDRESS":"1957   8TH AVE W","PROP_NAME":"4 UNIT APT","LAND_SQFT":5987,"LAND_USE_DESC":"4-Plex","ZONING":"LR1","SF_UNITS":0,"YR_BUILT":"1974","REDEV_FL_AREA":5987,"AVAIL_SQFT":2395,"STATUS_TEXT_1":"Completely Developed","STATUS_TEXT_2":"(more than 100% of allowed density)","UV_NAME":"Outside Villages"},"geometry":{"type":"Polygon","coordinates":[[[-122.367806020076,47.63753210474],[-122.368292324769,47.6375317817007],[-122.368291528342,47.6375864466432],[-122.36829032946,47.6376687128334],[-122.367804050822,47.6376689998494],[-122.367805233686,47.6375867146964],[-122.367806020076,47.63753210474]]]}},{"type":"Feature","properties":{"OBJECTID":3040,"PIN":"5457301075","ADDRESS":"128   VALLEY ST","PROP_NAME":"PUMP HOUSE","LAND_SQFT":3721,"LAND_USE_DESC":"Utility, Public","ZONING":"LR3","SF_UNITS":0,"YR_BUILT":"1965","REDEV_FL_AREA":4837,"AVAIL_SQFT":4093,"STATUS_TEXT_1":"Publicly Owned","STATUS_TEXT_2":null,"UV_NAME":"Outside Villages"},"geometry":{"type":"Polygon","coordinates":[[[-122.353431135506,47.6263032565717],[-122.353431306773,47.626267616205],[-122.354011784636,47.626269807725],[-122.35401150024,47.6263054496094],[-122.354011215763,47.6263410887528],[-122.353430968292,47.6263388968844],[-122.353431135506,47.6263032565717]]]}},{"type":"Feature","properties":{"OBJECTID":3059,"PIN":"2767704331","ADDRESS":"1439 A NW 62ND ST","PROP_NAME":"townhouse","LAND_SQFT":1220,"LAND_USE_DESC":"Townhouse Plat","ZONING":"LR3","SF_UNITS":0,"YR_BUILT":"2005","REDEV_FL_AREA":1952,"AVAIL_SQFT":366,"STATUS_TEXT_1":"Moderately Developed","STATUS_TEXT_2":"(41% - 80% of allowed density)","UV_NAME":"Ballard"},"geometry":{"type":"Polygon","coordinates":[[[-122.375205772896,47.6737265844198],[-122.37520586158,47.673592870646],[-122.375307335937,47.6735928572884],[-122.375307246871,47.6737266862364],[-122.375205772896,47.6737265844198]]]}},{"type":"Feature","properties":{"OBJECTID":3138,"PIN":"5247800110","ADDRESS":"213   1ST AVE S","PROP_NAME":"RETAIL W/APARTMENT UNITS","LAND_SQFT":3354,"LAND_USE_DESC":"Retail Store","ZONING":"PSM-100","SF_UNITS":0,"YR_BUILT":"1970","REDEV_FL_AREA":16770,"AVAIL_SQFT":10397,"STATUS_TEXT_1":"Landmark/Historic Status or has Transferred Development Rights","STATUS_TEXT_2":null,"UV_NAME":"Pioneer Square"},"geometry":{"type":"Polygon","coordinates":[[[-122.334353806843,47.6003817688689],[-122.334354137795,47.6002994876971],[-122.334806829972,47.6003002428698],[-122.334806622813,47.6003825745168],[-122.334353806843,47.6003817688689]]]}},{"type":"Feature","properties":{"OBJECTID":3207,"PIN":"2249000170","ADDRESS":"601   ROY ST","PROP_NAME":"FOUR POINTS BY SHERATON - SEATTLE (QA)","LAND_SQFT":30763,"LAND_USE_DESC":"Hotel/Motel","ZONING":"NC3-40","SF_UNITS":0,"YR_BUILT":"2003","REDEV_FL_AREA":92289,"AVAIL_SQFT":15382,"STATUS_TEXT_1":"Substantially Developed","STATUS_TEXT_2":"(81% - 100% of allowed density)","UV_NAME":"Uptown"},"geometry":{"type":"Polygon","coordinates":[[[-122.344301601608,47.6253201199859],[-122.344302924082,47.6251556334978],[-122.344303519261,47.6250820079194],[-122.34430318664,47.625082006851],[-122.344303930457,47.6249910168464],[-122.344305275411,47.6248264669918],[-122.344306620436,47.6246619198776],[-122.344825969902,47.6246639110571],[-122.344824643375,47.6248284798898],[-122.344823316759,47.6249930459808],[-122.34482259016,47.6250827826702],[-122.344821984495,47.6251576971487],[-122.344820655393,47.6253221782685],[-122.344301601608,47.6253201199859]]]}},{"type":"Feature","properties":{"OBJECTID":3268,"PIN":"0656000550","ADDRESS":"2312   3RD AVE","PROP_NAME":"MODA APTS","LAND_SQFT":25490,"LAND_USE_DESC":"Apartment(Mixed Use)","ZONING":"DMR/R 125/65","SF_UNITS":0,"YR_BUILT":"2008","REDEV_FL_AREA":191175,"AVAIL_SQFT":48431,"STATUS_TEXT_1":"Moderately Developed","STATUS_TEXT_2":"(41% - 80% of allowed density)","UV_NAME":"Belltown"},"geometry":{"type":"Polygon","coordinates":[[[-122.34467406966,47.6151840690003],[-122.344956877019,47.6149652397523],[-122.344970138243,47.6149730812579],[-122.345140099708,47.6150735668629],[-122.345323322922,47.6151818854554],[-122.345506550952,47.6152902036988],[-122.345689648832,47.6153984822565],[-122.345406817321,47.6156172944595],[-122.345223587949,47.6155089623516],[-122.345040363552,47.6154006353765],[-122.344974911112,47.6153619375104],[-122.344857185305,47.6152923349235],[-122.34467406966,47.6151840690003]]]}},{"type":"Feature","properties":{"OBJECTID":3300,"PIN":"6145600890","ADDRESS":"533  N 104TH ST","PROP_NAME":"duplex","LAND_SQFT":3845,"LAND_USE_DESC":"Triplex","ZONING":"LR2","SF_UNITS":0,"YR_BUILT":"1968","REDEV_FL_AREA":4422,"AVAIL_SQFT":1538,"STATUS_TEXT_1":"Substantially Developed","STATUS_TEXT_2":"(81% - 100% of allowed density)","UV_NAME":"Outside Villages"},"geometry":{"type":"Polygon","coordinates":[[[-122.351170304302,47.7042641798611],[-122.351169267016,47.7041671044504],[-122.351168680275,47.7041122747301],[-122.351167486553,47.7040006714708],[-122.351329946093,47.704001151474],[-122.351332768807,47.7042646625472],[-122.351258302717,47.7042644421871],[-122.351170304302,47.7042641798611]]]}},{"type":"Feature","properties":{"OBJECTID":3326,"PIN":"2883200825","ADDRESS":"2023  N 77TH ST","PROP_NAME":"SP 77-161 & 77-163","LAND_SQFT":3461,"LAND_USE_DESC":"Single Family(Res Use/Zone)","ZONING":"SF 5000","SF_UNITS":1,"YR_BUILT":"1903","REDEV_FL_AREA":3461,"AVAIL_SQFT":2077,"STATUS_TEXT_1":"Substantially Developed","STATUS_TEXT_2":"(81% - 100% of allowed density)","UV_NAME":"Outside Villages"},"geometry":{"type":"Polygon","coordinates":[[[-122.333725664006,47.684510739551],[-122.333825907724,47.6844643163605],[-122.334085097576,47.6847219171872],[-122.333980777597,47.684769636411],[-122.333725664006,47.684510739551]]]}},{"type":"Feature","properties":{"OBJECTID":3415,"PIN":"6064801470","ADDRESS":"7023   HOLLY PARK DR S","PROP_NAME":"townhouse","LAND_SQFT":2253,"LAND_USE_DESC":"Townhouse Plat","ZONING":"LR3","SF_UNITS":0,"YR_BUILT":"2004","REDEV_FL_AREA":3605,"AVAIL_SQFT":2253,"STATUS_TEXT_1":"Under Developed","STATUS_TEXT_2":"(21% - 40% of allowed density)","UV_NAME":"Othello"},"geometry":{"type":"Polygon","coordinates":[[[-122.28804997566,47.5389820578628],[-122.288210455111,47.5388736006933],[-122.288292745309,47.5388179871138],[-122.288331532098,47.5388733583565],[-122.288344352893,47.5388916641823],[-122.288113696714,47.5390475541766],[-122.288062574302,47.5389909588242],[-122.288058848392,47.5389874556573],[-122.288054693602,47.5389845447648],[-122.28804997566,47.5389820578628]]]}},{"type":"Feature","properties":{"OBJECTID":3529,"PIN":"4310702859","ADDRESS":"9202 C  INTERLAKE AVE N","PROP_NAME":"Interlake Heights Townhomes","LAND_SQFT":1494,"LAND_USE_DESC":"Townhouse Plat","ZONING":"LR3","SF_UNITS":0,"YR_BUILT":"2008","REDEV_FL_AREA":2390,"AVAIL_SQFT":747,"STATUS_TEXT_1":"Moderately Developed","STATUS_TEXT_2":"(41% - 80% of allowed density)","UV_NAME":"Aurora-Licton Springs"},"geometry":{"type":"Polygon","coordinates":[[[-122.340640930479,47.6961830950694],[-122.340642827012,47.6959789316464],[-122.340664131149,47.6959790529744],[-122.340730117241,47.6959794265258],[-122.340728222645,47.6961835049269],[-122.340640930479,47.6961830950694]]]}},{"type":"Feature","properties":{"OBJECTID":3613,"PIN":"9301300215","ADDRESS":"2010   8TH AVE N","PROP_NAME":"Townhouse","LAND_SQFT":1950,"LAND_USE_DESC":"Townhouse Plat","ZONING":"LR2","SF_UNITS":0,"YR_BUILT":"2006","REDEV_FL_AREA":2242,"AVAIL_SQFT":0,"STATUS_TEXT_1":"Moderately Developed","STATUS_TEXT_2":"(41% - 80% of allowed density)","UV_NAME":"Outside Villages"},"geometry":{"type":"Polygon","coordinates":[[[-122.341039830942,47.6370163645262],[-122.341032190085,47.6369547320142],[-122.341388070344,47.6369515237668],[-122.341389452469,47.6370127593145],[-122.341039830942,47.6370163645262]]]}},{"type":"Feature","properties":{"OBJECTID":3696,"PIN":"1604601475","ADDRESS":"4215   RAINIER AVE S","PROP_NAME":"MEDICAL-DENTAL OFFICE","LAND_SQFT":8990,"LAND_USE_DESC":"Medical/Dental Office","ZONING":"C1-40","SF_UNITS":0,"YR_BUILT":"2009","REDEV_FL_AREA":26970,"AVAIL_SQFT":19778,"STATUS_TEXT_1":"Under Developed","STATUS_TEXT_2":"(21% - 40% of allowed density)","UV_NAME":"Columbia City"},"geometry":{"type":"Polygon","coordinates":[[[-122.288616109518,47.565063563548],[-122.289003251715,47.5650151632972],[-122.28901519746,47.5650136640307],[-122.289037378436,47.5650945536587],[-122.28905956353,47.5651754432305],[-122.289081744567,47.5652563301088],[-122.288682588654,47.5653061813511],[-122.288660428848,47.5652253078407],[-122.288638269263,47.5651444398081],[-122.288616109518,47.565063563548]]]}},{"type":"Feature","properties":{"OBJECTID":3819,"PIN":"7515000105","ADDRESS":"8746   MARY AVE NW","PROP_NAME":"EMPLOYMENT SECURITY BLDG","LAND_SQFT":14614,"LAND_USE_DESC":"Office Building","ZONING":"C1-40","SF_UNITS":0,"YR_BUILT":"1987","REDEV_FL_AREA":43842,"AVAIL_SQFT":35074,"STATUS_TEXT_1":"Significantly Under Developed","STATUS_TEXT_2":"(under 20% of allowed density)","UV_NAME":"Crown Hill"},"geometry":{"type":"Polygon","coordinates":[[[-122.374860066447,47.6941957879084],[-122.374858913657,47.693930007384],[-122.374872128756,47.6939299849352],[-122.374872091511,47.6938448288964],[-122.375329430899,47.6938447979318],[-122.375329115667,47.6941948582543],[-122.374912841372,47.6941956828114],[-122.374872249942,47.6941957629615],[-122.374860066447,47.6941957879084]]]}},{"type":"Feature","properties":{"OBJECTID":3897,"PIN":"1931301205","ADDRESS":"715  N 42ND ST","PROP_NAME":"5 TOWNHOUSE UNITS","LAND_SQFT":2136,"LAND_USE_DESC":"Townhouse Plat","ZONING":"LR2","SF_UNITS":0,"YR_BUILT":"2008","REDEV_FL_AREA":2456,"AVAIL_SQFT":854,"STATUS_TEXT_1":"Moderately Developed","STATUS_TEXT_2":"(41% - 80% of allowed density)","UV_NAME":"Outside Villages"},"geometry":{"type":"Polygon","coordinates":[[[-122.349008228566,47.6576744572945],[-122.349008307635,47.6576433425674],[-122.349005588356,47.6576433403677],[-122.34900587084,47.6575374892407],[-122.349180160027,47.6575379089151],[-122.34918059436,47.6575379113603],[-122.349179864003,47.6576748793877],[-122.349008228566,47.6576744572945]]]}},{"type":"Feature","properties":{"OBJECTID":3946,"PIN":"1972205065","ADDRESS":"2  W DRAVUS ST","PROP_NAME":"WHSE SEATTLE PACIFIC","LAND_SQFT":14385,"LAND_USE_DESC":"Warehouse","ZONING":"MIO-37-C2-40","SF_UNITS":0,"YR_BUILT":"1985","REDEV_FL_AREA":43155,"AVAIL_SQFT":31647,"STATUS_TEXT_1":"Major Institution/Planned Development Zoning","STATUS_TEXT_2":null,"UV_NAME":"Outside Villages"},"geometry":{"type":"Polygon","coordinates":[[[-122.358301942988,47.6487509725941],[-122.358300677605,47.6490794539822],[-122.35829256557,47.6490794419689],[-122.358178962256,47.6490793317718],[-122.358057243012,47.6490792149675],[-122.357935523607,47.6490790925512],[-122.357813816453,47.6490789725829],[-122.357814953787,47.6487505861845],[-122.357936700013,47.64875068094],[-122.358058446319,47.6487507783062],[-122.358180192625,47.6487508755424],[-122.358293822811,47.6487509579486],[-122.358301942988,47.6487509725941]]]}},{"type":"Feature","properties":{"OBJECTID":3984,"PIN":"3319501513","ADDRESS":"1646  S KING ST","PROP_NAME":"Townhouse","LAND_SQFT":1193,"LAND_USE_DESC":"Townhouse Plat","ZONING":"LR2","SF_UNITS":0,"YR_BUILT":"2006","REDEV_FL_AREA":1372,"AVAIL_SQFT":0,"STATUS_TEXT_1":"Substantially Developed","STATUS_TEXT_2":"(81% - 100% of allowed density)","UV_NAME":"23rd & Union-Jackson"},"geometry":{"type":"Polygon","coordinates":[[[-122.309463929313,47.5985791267471],[-122.30946432332,47.598414637598],[-122.309537280101,47.5984147548075],[-122.309545388124,47.598414764759],[-122.309545207601,47.5984668567762],[-122.309544957592,47.5985792434178],[-122.309463929313,47.5985791267471]]]}},{"type":"Feature","properties":{"OBJECTID":4063,"PIN":"3626039424","ADDRESS":"116 A N 104TH ST","PROP_NAME":"townhouse","LAND_SQFT":1407,"LAND_USE_DESC":"Townhouse Plat","ZONING":"LR2","SF_UNITS":0,"YR_BUILT":"2005","REDEV_FL_AREA":1618,"AVAIL_SQFT":281,"STATUS_TEXT_1":"Substantially Developed","STATUS_TEXT_2":"(81% - 100% of allowed density)","UV_NAME":"Outside Villages"},"geometry":{"type":"Polygon","coordinates":[[[-122.357313997642,47.7047344770251],[-122.357311041629,47.704542772709],[-122.357392279792,47.7045428492248],[-122.357394673684,47.7046656870487],[-122.357396026081,47.7047350337983],[-122.357313997642,47.7047344770251]]]}},{"type":"Feature","properties":{"OBJECTID":4199,"PIN":"1509000000","ADDRESS":"9412   RENTON AVE S","PROP_NAME":"CHAN CONDOMINIUM","LAND_SQFT":6710,"LAND_USE_DESC":"Condominium(Residential)","ZONING":"LR2","SF_UNITS":0,"YR_BUILT":"1997","REDEV_FL_AREA":7716,"AVAIL_SQFT":2684,"STATUS_TEXT_1":"Moderately Developed","STATUS_TEXT_2":"(41% - 80% of allowed density)","UV_NAME":"Rainier Beach"},"geometry":{"type":"Polygon","coordinates":[[[-122.270388804476,47.5179581668033],[-122.270343536616,47.5179578812689],[-122.270344850243,47.517875739916],[-122.270343506239,47.5178757322416],[-122.270141829267,47.5178744557341],[-122.270141836394,47.5178738332168],[-122.270144031831,47.5177377681106],[-122.270467528865,47.517739823069],[-122.270467864846,47.517739824302],[-122.270481026035,47.5177545987745],[-122.270483106535,47.5177569497388],[-122.270485187037,47.517759300703],[-122.270487267538,47.5177616516673],[-122.270489344069,47.5177640054237],[-122.270491416554,47.5177663592312],[-122.270493489114,47.5177687157798],[-122.270495557553,47.5177710696384],[-122.270497626144,47.5177734289791],[-122.270499690613,47.5177757856299],[-122.270501755157,47.5177781450217],[-122.270503815656,47.5177805044646],[-122.270505872109,47.5177828639587],[-122.270507924591,47.517785226245],[-122.270509981044,47.517787585739],[-122.270512033603,47.5177899507662],[-122.270514082039,47.5177923131035],[-122.270516130552,47.5177946781819],[-122.270518175094,47.5177970460523],[-122.270520219561,47.5177994111818],[-122.270522260057,47.5178017791034],[-122.270524296507,47.5178041470762],[-122.270526333033,47.5178065177899],[-122.270528369484,47.5178088857627],[-122.270530397918,47.5178112565787],[-122.270532430475,47.5178136300846],[-122.270534454863,47.5178160009518],[-122.270536479327,47.51781837456],[-122.270548582137,47.5178326359585],[-122.27054857555,47.517832984272],[-122.270547886862,47.5178762694956],[-122.270547875125,47.5178770182019],[-122.270585479684,47.5178772607803],[-122.270585767113,47.5178772626273],[-122.270598052731,47.5178922812334],[-122.270600005126,47.5178946831722],[-122.270601957521,47.5178970851109],[-122.27060390587,47.5178994871008],[-122.270605850249,47.5179018918828],[-122.270607794628,47.5179042966648],[-122.270609734885,47.517906698757],[-122.270611675294,47.5179091063312],[-122.270613611656,47.5179115139565],[-122.270615548019,47.5179139215818],[-122.270617480412,47.5179163319993],[-122.270619408682,47.5179187397269],[-122.270621337029,47.5179211501955],[-122.270623265376,47.517923560664],[-122.270625185706,47.517925973976],[-122.270627110083,47.5179283872368],[-122.270629026367,47.5179308005998],[-122.270630942652,47.5179332139629],[-122.270632859012,47.5179356300669],[-122.270634771251,47.5179380434811],[-122.270636683641,47.5179404623773],[-122.270638587939,47.5179428813758],[-122.270640492238,47.5179453003744],[-122.270650283796,47.5179577950187],[-122.270651877871,47.5179598258409],[-122.270651570287,47.5179598269911],[-122.270582713108,47.5179593931057],[-122.270546565939,47.517959162247],[-122.270388804476,47.5179581668033]]]}},{"type":"Feature","properties":{"OBJECTID":4303,"PIN":"8728200000","ADDRESS":"2700  S HOLGATE ST","PROP_NAME":"27 HOLGATE(0005) CONDOMINIUM","LAND_SQFT":8359,"LAND_USE_DESC":"4-Plex","ZONING":"LR2","SF_UNITS":0,"YR_BUILT":"1990","REDEV_FL_AREA":9613,"AVAIL_SQFT":5851,"STATUS_TEXT_1":"Moderately Developed","STATUS_TEXT_2":"(41% - 80% of allowed density)","UV_NAME":"North Rainier"},"geometry":{"type":"Polygon","coordinates":[[[-122.297582531232,47.5866730456261],[-122.297583022912,47.5864036363157],[-122.297930406154,47.5864057634853],[-122.297928772642,47.5864962262327],[-122.297925563693,47.586674318506],[-122.297582531232,47.5866730456261]]]}},{"type":"Feature","properties":{"OBJECTID":4444,"PIN":"0993000316","ADDRESS":"8834 A  MIDVALE AVE N","PROP_NAME":"townhouse","LAND_SQFT":1205,"LAND_USE_DESC":"Townhouse Plat","ZONING":"LR2","SF_UNITS":0,"YR_BUILT":"2006","REDEV_FL_AREA":1386,"AVAIL_SQFT":0,"STATUS_TEXT_1":"Substantially Developed","STATUS_TEXT_2":"(81% - 100% of allowed density)","UV_NAME":"Aurora-Licton Springs"},"geometry":{"type":"Polygon","coordinates":[[[-122.342083688457,47.6934926600132],[-122.342083699442,47.6934920593678],[-122.342084888645,47.6934236496995],[-122.342282213174,47.6934255150056],[-122.342283026171,47.6934939146225],[-122.342266379795,47.6934938087191],[-122.342083688457,47.6934926600132]]]}},{"type":"Feature","properties":{"OBJECTID":4549,"PIN":"1978200710","ADDRESS":"1207   SPRING ST","PROP_NAME":"SAN MARCO APARTMENTS","LAND_SQFT":7371,"LAND_USE_DESC":"Apartment","ZONING":"HR","SF_UNITS":0,"YR_BUILT":"1985","REDEV_FL_AREA":95823,"AVAIL_SQFT":70762,"STATUS_TEXT_1":"Under Developed","STATUS_TEXT_2":"(21% - 40% of allowed density)","UV_NAME":"First Hill"},"geometry":{"type":"Polygon","coordinates":[[[-122.323958344854,47.6105123000182],[-122.323969243428,47.6105077426196],[-122.324365273154,47.6103421384128],[-122.324369546738,47.6103468014025],[-122.324497607931,47.6104868081071],[-122.324447650853,47.6105076932806],[-122.324083713657,47.6106598336043],[-122.32395571458,47.6105198475658],[-122.323951449126,47.6105151844543],[-122.323958344854,47.6105123000182]]]}},{"type":"Feature","properties":{"OBJECTID":4663,"PIN":"7666204121","ADDRESS":"3412   4TH AVE S","PROP_NAME":"QUALITY PARTS SERVICE INC","LAND_SQFT":17546,"LAND_USE_DESC":"Warehouse","ZONING":"IG1 U/85","SF_UNITS":0,"YR_BUILT":"1970","REDEV_FL_AREA":17546,"AVAIL_SQFT":7018,"STATUS_TEXT_1":"Moderately Developed","STATUS_TEXT_2":"(41% - 80% of allowed density)","UV_NAME":"Greater Duwamish"},"geometry":{"type":"Polygon","coordinates":[[[-122.327763115268,47.5736298206619],[-122.327763269492,47.5733940525365],[-122.327763378215,47.573229549804],[-122.328250203339,47.5732296216096],[-122.32825011617,47.5733941158533],[-122.328249992502,47.5736298836066],[-122.327763115268,47.5736298206619]]]}},{"type":"Feature","properties":{"OBJECTID":4747,"PIN":"2724049130","ADDRESS":"7130   MARTIN LUTHER KING JR WAY S","PROP_NAME":"King Square (includes mi 9121, 9122, & 9101)","LAND_SQFT":8156,"LAND_USE_DESC":"Retail(Line/Strip)","ZONING":"NC3P-85","SF_UNITS":0,"YR_BUILT":"2005","REDEV_FL_AREA":48936,"AVAIL_SQFT":30177,"STATUS_TEXT_1":"Under Developed","STATUS_TEXT_2":"(21% - 40% of allowed density)","UV_NAME":"Othello"},"geometry":{"type":"Polygon","coordinates":[[[-122.280876582786,47.5380609787346],[-122.280871333168,47.5377978185718],[-122.280877542635,47.5377977504368],[-122.280883493051,47.5377976856015],[-122.28088944339,47.5377976180249],[-122.280895393728,47.5377975504479],[-122.280901344143,47.5377974856117],[-122.28090729853,47.5377974179826],[-122.280913248945,47.5377973531458],[-122.280919199284,47.5377972855675],[-122.280925149699,47.5377972207301],[-122.280931100038,47.5377971531513],[-122.280937050377,47.5377970855722],[-122.280943000792,47.5377970207338],[-122.280948951206,47.537796955895],[-122.280954905593,47.5377968882635],[-122.280960856084,47.5377968261651],[-122.280966806347,47.5377967558434],[-122.280972756761,47.5377966910035],[-122.2809787071,47.5377966234222],[-122.280984657515,47.5377965585816],[-122.280990607854,47.5377964909997],[-122.280996554145,47.537796423469],[-122.281002512655,47.5377963585243],[-122.281008458946,47.537796290993],[-122.281014413408,47.5377962260993],[-122.281020363747,47.5377961585158],[-122.281026314162,47.5377960936731],[-122.2810322645,47.537796026089],[-122.281038214915,47.5377959612456],[-122.281044165253,47.5377958936609],[-122.281050119716,47.5377958287653],[-122.281056070054,47.53779576118],[-122.281062020393,47.5377956935943],[-122.281067970807,47.5377956287493],[-122.281073921222,47.5377955639041],[-122.28107987156,47.5377954963175],[-122.281085821899,47.5377954287306],[-122.281091772313,47.5377953638844],[-122.2810977267,47.5377952962453],[-122.281103677114,47.5377952313985],[-122.281109627452,47.5377951638103],[-122.281115577867,47.5377950989629],[-122.281121528205,47.5377950313741],[-122.28112747862,47.537794966526],[-122.281133428958,47.5377948989366],[-122.281139379373,47.537794834088],[-122.281145333759,47.5377947664463],[-122.281151284173,47.537794701597],[-122.281157234511,47.5377946340064],[-122.281163184926,47.5377945691565],[-122.281282752536,47.5380564536415],[-122.280876582786,47.5380609787346]]]}},{"type":"Feature","properties":{"OBJECTID":4846,"PIN":"6046400905","ADDRESS":"936  N 85TH ST","PROP_NAME":"SIX UNITS","LAND_SQFT":5170,"LAND_USE_DESC":"Apartment","ZONING":"LR3","SF_UNITS":0,"YR_BUILT":"1998","REDEV_FL_AREA":8272,"AVAIL_SQFT":3102,"STATUS_TEXT_1":"Moderately Developed","STATUS_TEXT_2":"(41% - 80% of allowed density)","UV_NAME":"Aurora-Licton Springs"},"geometry":{"type":"Polygon","coordinates":[[[-122.345452550614,47.6909277148175],[-122.345449579761,47.6906755056313],[-122.345449252881,47.6906476703257],[-122.34545764793,47.6906476960366],[-122.345551240306,47.6906479814661],[-122.345653227732,47.6906482925154],[-122.345656546863,47.690928336732],[-122.345554554827,47.6909280257396],[-122.345452550614,47.6909277148175]]]}},{"type":"Feature","properties":{"OBJECTID":4891,"PIN":"7666204480","ADDRESS":"1964   4TH AVE S","PROP_NAME":"warehouse","LAND_SQFT":81079,"LAND_USE_DESC":"Warehouse","ZONING":"IG1 U/85","SF_UNITS":0,"YR_BUILT":"1981","REDEV_FL_AREA":81079,"AVAIL_SQFT":0,"STATUS_TEXT_1":"Completely Developed","STATUS_TEXT_2":"(more than 100% of allowed density)","UV_NAME":"Greater Duwamish"},"geometry":{"type":"Polygon","coordinates":[[[-122.327755714869,47.5849366650747],[-122.32775582301,47.584772140438],[-122.327755927021,47.5846076131132],[-122.327756035161,47.5844430884758],[-122.327756143221,47.584278561097],[-122.327756250809,47.584114017272],[-122.328851071837,47.5841142984463],[-122.328850979627,47.5842788338896],[-122.328850891153,47.5844433583154],[-122.328850798626,47.584607882794],[-122.328850710151,47.584772407219],[-122.328850617544,47.5849369289559],[-122.327755714869,47.5849366650747]]]}},{"type":"Feature","properties":{"OBJECTID":5016,"PIN":"3395060360","ADDRESS":"7101   38TH AVE S","PROP_NAME":"Providence Peter Claver House","LAND_SQFT":48282,"LAND_USE_DESC":"Apartment(Subsidized)","ZONING":"LR3","SF_UNITS":0,"YR_BUILT":"2001","REDEV_FL_AREA":77251,"AVAIL_SQFT":19313,"STATUS_TEXT_1":"Completely Developed","STATUS_TEXT_2":"(more than 100% of allowed density)","UV_NAME":"Othello"},"geometry":{"type":"Polygon","coordinates":[[[-122.284814704363,47.5383592645863],[-122.285964167572,47.5383570738871],[-122.285973547144,47.5388232249883],[-122.28482416049,47.5388254804806],[-122.284814704363,47.5383592645863]]]}},{"type":"Feature","properties":{"OBJECTID":5093,"PIN":"6391450000","ADDRESS":"160   LEE ST","PROP_NAME":"ONE SIXTY LEE ST PH 01 CONDOMINIUM","LAND_SQFT":17277,"LAND_USE_DESC":"Condominium(Residential)","ZONING":"LR1","SF_UNITS":0,"YR_BUILT":"1988","REDEV_FL_AREA":17277,"AVAIL_SQFT":0,"STATUS_TEXT_1":"Completely Developed","STATUS_TEXT_2":"(more than 100% of allowed density)","UV_NAME":"Outside Villages"},"geometry":{"type":"Polygon","coordinates":[[[-122.354164573204,47.6314098589533],[-122.354062666368,47.6314097287411],[-122.353797617558,47.6314093838494],[-122.353799910194,47.6310805325236],[-122.354065037385,47.6310808406942],[-122.354323106044,47.6310811383644],[-122.354322554948,47.6311628635204],[-122.354321995471,47.6312451344508],[-122.354321959392,47.6312502817115],[-122.354321535808,47.6313133402075],[-122.354414817659,47.6313134455931],[-122.354528378352,47.6313135678222],[-122.354527715724,47.6314103317324],[-122.354164573204,47.6314098589533]]]}},{"type":"Feature","properties":{"OBJECTID":5207,"PIN":"7698210080","ADDRESS":"720 D  NOB HILL AVE N","PROP_NAME":"Townhouse","LAND_SQFT":1533,"LAND_USE_DESC":"Townhouse Plat","ZONING":"LR3","SF_UNITS":0,"YR_BUILT":"2006","REDEV_FL_AREA":2453,"AVAIL_SQFT":460,"STATUS_TEXT_1":"Moderately Developed","STATUS_TEXT_2":"(41% - 80% of allowed density)","UV_NAME":"Uptown"},"geometry":{"type":"Polygon","coordinates":[[[-122.349516058824,47.6262062736817],[-122.349516273937,47.6261788643188],[-122.349516552624,47.6261429209403],[-122.349736857497,47.6261437317137],[-122.349785523359,47.6261439086944],[-122.349785178096,47.6261853534569],[-122.349784993476,47.626207264664],[-122.349516058824,47.6262062736817]]]}},{"type":"Feature","properties":{"OBJECTID":5289,"PIN":"4083802275","ADDRESS":"1710  N 46TH ST","PROP_NAME":"SFR","LAND_SQFT":3999,"LAND_USE_DESC":"Single Family(C/I Zone)","ZONING":"LR2","SF_UNITS":1,"YR_BUILT":"1921","REDEV_FL_AREA":4599,"AVAIL_SQFT":2000,"STATUS_TEXT_1":"Under Developed","STATUS_TEXT_2":"(21% - 40% of allowed density)","UV_NAME":"Wallingford"},"geometry":{"type":"Polygon","coordinates":[[[-122.337052858316,47.6625107979551],[-122.336991994686,47.6625107815945],[-122.336993470524,47.6622366873607],[-122.337054329617,47.6622366982921],[-122.337155769713,47.6622367218136],[-122.337154299026,47.6625108242188],[-122.337052858316,47.6625107979551]]]}},{"type":"Feature","properties":{"OBJECTID":5393,"PIN":"2768400010","ADDRESS":"1501  NW 46TH ST","PROP_NAME":"restaurant","LAND_SQFT":5614,"LAND_USE_DESC":"Restaurant/Lounge","ZONING":"IG2 U/65","SF_UNITS":0,"YR_BUILT":"2010","REDEV_FL_AREA":5614,"AVAIL_SQFT":4491,"STATUS_TEXT_1":"Significantly Under Developed","STATUS_TEXT_2":"(under 20% of allowed density)","UV_NAME":"Ballard-Interbay-Northend"},"geometry":{"type":"Polygon","coordinates":[[[-122.376615660496,47.6618374429285],[-122.376615487329,47.6621149517405],[-122.376615339157,47.6621149510061],[-122.376494078007,47.6621147705088],[-122.376412915371,47.6621147458673],[-122.37641313029,47.6617749579961],[-122.376494275931,47.6617999957198],[-122.37661439675,47.6618370528592],[-122.376615660496,47.6618374429285]]]}},{"type":"Feature","properties":{"OBJECTID":5483,"PIN":"0832700030","ADDRESS":"414  N 130TH ST","PROP_NAME":"Bitterlake Townhomes","LAND_SQFT":1156,"LAND_USE_DESC":"Townhouse Plat","ZONING":"LR3 PUD","SF_UNITS":0,"YR_BUILT":"2009","REDEV_FL_AREA":1850,"AVAIL_SQFT":809,"STATUS_TEXT_1":"Moderately Developed","STATUS_TEXT_2":"(41% - 80% of allowed density)","UV_NAME":"Bitter Lake Village"},"geometry":{"type":"Polygon","coordinates":[[[-122.353332332778,47.7235732983176],[-122.353332028289,47.7235398553083],[-122.353331763614,47.7235104096224],[-122.353536231318,47.7235108085764],[-122.353537292043,47.7235736838658],[-122.353332332778,47.7235732983176]]]}},{"type":"Feature","properties":{"OBJECTID":5565,"PIN":"9122000326","ADDRESS":"2343   15TH AVE S","PROP_NAME":"Duplex and Office","LAND_SQFT":3000,"LAND_USE_DESC":"Apartment(Mixed Use)","ZONING":"NC2P-40","SF_UNITS":0,"YR_BUILT":"1993","REDEV_FL_AREA":12000,"AVAIL_SQFT":7500,"STATUS_TEXT_1":"Under Developed","STATUS_TEXT_2":"(21% - 40% of allowed density)","UV_NAME":"North Beacon Hill"},"geometry":{"type":"Polygon","coordinates":[[[-122.313537307667,47.5817377524072],[-122.313537810886,47.5816692150959],[-122.314024025235,47.5816716024754],[-122.314023522577,47.5817401370478],[-122.313537307667,47.5817377524072]]]}},{"type":"Feature","properties":{"OBJECTID":5690,"PIN":"1982201145","ADDRESS":"632  NW 46TH ST","PROP_NAME":"industrial bld used for indoor sports and recreati","LAND_SQFT":8761,"LAND_USE_DESC":"Industrial(Heavy)","ZONING":"IB U/45","SF_UNITS":0,"YR_BUILT":"2010","REDEV_FL_AREA":8761,"AVAIL_SQFT":0,"STATUS_TEXT_1":"Substantially Developed","STATUS_TEXT_2":"(81% - 100% of allowed density)","UV_NAME":"Ballard-Interbay-Northend"},"geometry":{"type":"Polygon","coordinates":[[[-122.365342233385,47.6622742005903],[-122.365504474245,47.6622744148024],[-122.365686998156,47.6622746520477],[-122.3656861947,47.6625405382145],[-122.365686145854,47.6625571939557],[-122.365341310198,47.6625570176269],[-122.365341364784,47.6625401397058],[-122.365342233385,47.6622742005903]]]}},{"type":"Feature","properties":{"OBJECTID":5738,"PIN":"2770604942","ADDRESS":"3811 B  12TH AVE W","PROP_NAME":"townhouse","LAND_SQFT":1383,"LAND_USE_DESC":"Townhouse Plat","ZONING":"LR3 RC","SF_UNITS":0,"YR_BUILT":"2002","REDEV_FL_AREA":1798,"AVAIL_SQFT":0,"STATUS_TEXT_1":"Substantially Developed","STATUS_TEXT_2":"(81% - 100% of allowed density)","UV_NAME":"Outside Villages"},"geometry":{"type":"Polygon","coordinates":[[[-122.372576575748,47.6544957616119],[-122.372576397185,47.6544710884552],[-122.372575631131,47.6543654372444],[-122.372575534094,47.6543518791945],[-122.372575533688,47.654351728388],[-122.372681351375,47.6543513729854],[-122.37268135089,47.6543516307432],[-122.372681448765,47.6543650791008],[-122.37268219183,47.654470769013],[-122.372682366387,47.6544954422243],[-122.372576656882,47.6544957605153],[-122.372576575748,47.6544957616119]]]}},{"type":"Feature","properties":{"OBJECTID":5811,"PIN":"2767704286","ADDRESS":"1426 A  62ND AVE S","PROP_NAME":"Duplex","LAND_SQFT":1192,"LAND_USE_DESC":"Townhouse Plat","ZONING":"LR3","SF_UNITS":0,"YR_BUILT":"2006","REDEV_FL_AREA":1907,"AVAIL_SQFT":238,"STATUS_TEXT_1":"Moderately Developed","STATUS_TEXT_2":"(41% - 80% of allowed density)","UV_NAME":"Ballard"},"geometry":{"type":"Polygon","coordinates":[[[-122.374798270319,47.6740444467099],[-122.374798403562,47.6739075461057],[-122.374798403298,47.673907126578],[-122.374872001928,47.6739071973855],[-122.37489766024,47.6739459378975],[-122.374898084293,47.6740445439394],[-122.374798270319,47.6740444467099]]]}},{"type":"Feature","properties":{"OBJECTID":5857,"PIN":"1989201270","ADDRESS":"209   1ST AVE N","PROP_NAME":"APT","LAND_SQFT":7170,"LAND_USE_DESC":"Apartment","ZONING":"NC3-65","SF_UNITS":0,"YR_BUILT":"1981","REDEV_FL_AREA":30472,"AVAIL_SQFT":22944,"STATUS_TEXT_1":"Under Developed","STATUS_TEXT_2":"(21% - 40% of allowed density)","UV_NAME":"Uptown"},"geometry":{"type":"Polygon","coordinates":[[[-122.355573754772,47.6201879480236],[-122.355575099681,47.6200235099629],[-122.355755272061,47.6200242806721],[-122.356059687945,47.6200258867999],[-122.356058523827,47.6201903526302],[-122.355754658088,47.620188730901],[-122.355573754772,47.6201879480236]]]}},{"type":"Feature","properties":{"OBJECTID":5927,"PIN":"3126049342","ADDRESS":"737 B N 94TH ST","PROP_NAME":"Townhouse plat","LAND_SQFT":1359,"LAND_USE_DESC":"Townhouse Plat","ZONING":"LR2","SF_UNITS":0,"YR_BUILT":"2007","REDEV_FL_AREA":1563,"AVAIL_SQFT":136,"STATUS_TEXT_1":"Substantially Developed","STATUS_TEXT_2":"(81% - 100% of allowed density)","UV_NAME":"Aurora-Licton Springs"},"geometry":{"type":"Polygon","coordinates":[[[-122.348185958719,47.6968457885351],[-122.34818430794,47.6967206540507],[-122.348265402448,47.6967202699324],[-122.348303925269,47.6967200869371],[-122.348305506154,47.696846157379],[-122.348185958719,47.6968457885351]]]}},{"type":"Feature","properties":{"OBJECTID":6048,"PIN":"7376600060","ADDRESS":"651  S INDUSTRIAL WAY","PROP_NAME":"L&W FOOD CORPORATION","LAND_SQFT":51591,"LAND_USE_DESC":"Industrial(Heavy)","ZONING":"IG2 U/85","SF_UNITS":0,"YR_BUILT":"1975","REDEV_FL_AREA":51591,"AVAIL_SQFT":15477,"STATUS_TEXT_1":"Moderately Developed","STATUS_TEXT_2":"(41% - 80% of allowed density)","UV_NAME":"Greater Duwamish"},"geometry":{"type":"Polygon","coordinates":[[[-122.324464778421,47.565245251021],[-122.324236694175,47.5651410984331],[-122.324232111303,47.5651389457335],[-122.324228840288,47.5651373324574],[-122.324224078145,47.5651348612937],[-122.32422092167,47.5651331450612],[-122.324217812616,47.5651313870766],[-122.324214755032,47.5651295872868],[-122.324211753047,47.5651277483798],[-122.324208798639,47.5651258732028],[-122.324205903802,47.5651239561144],[-122.32420305662,47.5651220054969],[-122.324200273136,47.5651200156559],[-122.324197541279,47.5651179894919],[-122.324194869228,47.5651159296393],[-122.324192256903,47.5651138333575],[-122.324189704462,47.5651117061282],[-122.324187211826,47.5651095452105],[-122.324184783124,47.5651073532923],[-122.324182414227,47.5651051276858],[-122.324180109342,47.5651028738197],[-122.32417787244,47.5651005889],[-122.3241756955,47.565098275774],[-122.324173590672,47.5650959342822],[-122.324171549934,47.5650935672718],[-122.324169573208,47.565091172002],[-122.32416766875,47.5650887538484],[-122.324165832433,47.5650863101232],[-122.324164068305,47.5650838407732],[-122.324162376524,47.5650813512805],[-122.324160748991,47.5650788417512],[-122.324159193725,47.5650763093382],[-122.324157714857,47.5650737567293],[-122.324156304363,47.5650711867718],[-122.324154970345,47.5650685993593],[-122.32415371288,47.565065997233],[-122.324152523634,47.565063372276],[-122.32415141102,47.5650607353461],[-122.324150375037,47.5650580864433],[-122.324149415608,47.5650554228266],[-122.324148528761,47.5650527472901],[-122.324147718702,47.5650500652626],[-122.324146985119,47.5650473657803],[-122.324146328324,47.5650446598069],[-122.324145752368,47.5650419472896],[-122.324145249073,47.5650392255934],[-122.324144822644,47.5650365001472],[-122.324144477054,47.565033768157],[-122.324144208331,47.5650310324168],[-122.324144016554,47.5650282956676],[-122.324143915924,47.5650260540262],[-122.324143871991,47.5650238116415],[-122.324142646729,47.5648911392958],[-122.324141674054,47.5647856890156],[-122.324659901678,47.5647819221471],[-122.325178129307,47.5647781556576],[-122.325179069484,47.5648835296068],[-122.325180294126,47.5650206138728],[-122.32518179036,47.5651302662817],[-122.325183290729,47.5652399213783],[-122.325185815171,47.5653771229462],[-122.325188335656,47.5655143273081],[-122.325189389068,47.5655716077153],[-122.325064188052,47.5655152187288],[-122.324764400443,47.5653802006997],[-122.324666546875,47.5653361260798],[-122.324464778421,47.565245251021]]]}},{"type":"Feature","properties":{"OBJECTID":6212,"PIN":"5247801660","ADDRESS":"519   6TH AVE S","PROP_NAME":"Ming's Asian Gallery & Oasis Restaurant","LAND_SQFT":18300,"LAND_USE_DESC":"Retail Store","ZONING":"IDM 75/85-150","SF_UNITS":0,"YR_BUILT":"1969","REDEV_FL_AREA":128100,"AVAIL_SQFT":91500,"STATUS_TEXT_1":"Under Developed","STATUS_TEXT_2":"(21% - 40% of allowed density)","UV_NAME":"Chinatown-International District"},"geometry":{"type":"Polygon","coordinates":[[[-122.326499094242,47.597975796312],[-122.326499252285,47.5979346751088],[-122.326499885637,47.5977702314108],[-122.326500518906,47.5976057849712],[-122.326988222768,47.5976063609092],[-122.32704788487,47.5976064289277],[-122.327047380249,47.5979340642405],[-122.32704731473,47.5979765579806],[-122.326986532817,47.5979764717549],[-122.326499094242,47.597975796312]]]}},{"type":"Feature","properties":{"OBJECTID":6299,"PIN":"7666206450","ADDRESS":"1530   1ST AVE S","PROP_NAME":"DREAM GIRLS","LAND_SQFT":9004,"LAND_USE_DESC":"Club","ZONING":"IC-85","SF_UNITS":0,"YR_BUILT":"2000","REDEV_FL_AREA":13506,"AVAIL_SQFT":0,"STATUS_TEXT_1":"Substantially Developed","STATUS_TEXT_2":"(81% - 100% of allowed density)","UV_NAME":"Greater Duwamish"},"geometry":{"type":"Polygon","coordinates":[[[-122.333385255932,47.5893524009565],[-122.333385359316,47.589187906316],[-122.333475075614,47.5891884423159],[-122.333993463077,47.5891882424834],[-122.333993377663,47.5893527314287],[-122.333467737475,47.5893529336671],[-122.333385255932,47.5893524009565]]]}},{"type":"Feature","properties":{"OBJECTID":6399,"PIN":"1979200245","ADDRESS":"1018   9TH AVE","PROP_NAME":"PAUL REVERE APTS","LAND_SQFT":14403,"LAND_USE_DESC":"Apartment","ZONING":"HR","SF_UNITS":0,"YR_BUILT":"1981","REDEV_FL_AREA":187239,"AVAIL_SQFT":144030,"STATUS_TEXT_1":"Under Developed","STATUS_TEXT_2":"(21% - 40% of allowed density)","UV_NAME":"First Hill"},"geometry":{"type":"Polygon","coordinates":[[[-122.327159494615,47.6089860471314],[-122.327573305733,47.6088130523546],[-122.327701244312,47.6089529940663],[-122.327829187553,47.6090929328395],[-122.327415503542,47.6092660255709],[-122.327287432191,47.6091259783439],[-122.327159494615,47.6089860471314]]]}},{"type":"Feature","properties":{"OBJECTID":6545,"PIN":"7883607550","ADDRESS":"8507   14TH AVE S","PROP_NAME":"Western Union & Warehouse","LAND_SQFT":11960,"LAND_USE_DESC":"Retail Store","ZONING":"NC3P-40","SF_UNITS":0,"YR_BUILT":"1975","REDEV_FL_AREA":35880,"AVAIL_SQFT":29900,"STATUS_TEXT_1":"Significantly Under Developed","STATUS_TEXT_2":"(under 20% of allowed density)","UV_NAME":"South Park"},"geometry":{"type":"Polygon","coordinates":[[[-122.315429330954,47.5268813348497],[-122.315423873884,47.527210613336],[-122.315322664662,47.527210302163],[-122.315221459566,47.527209993588],[-122.315120250425,47.5272096849756],[-122.315019041285,47.5272093762731],[-122.315024526207,47.5268801331224],[-122.31512572638,47.5268804337027],[-122.315226930601,47.52688073414],[-122.315328130777,47.5268810345399],[-122.315429330954,47.5268813348497]]]}},{"type":"Feature","properties":{"OBJECTID":6608,"PIN":"6056100581","ADDRESS":"2815  S COLUMBIAN WAY","PROP_NAME":"townhouse","LAND_SQFT":1356,"LAND_USE_DESC":"Townhouse Plat","ZONING":"LR3","SF_UNITS":0,"YR_BUILT":"2006","REDEV_FL_AREA":2170,"AVAIL_SQFT":678,"STATUS_TEXT_1":"Moderately Developed","STATUS_TEXT_2":"(41% - 80% of allowed density)","UV_NAME":"Columbia City"},"geometry":{"type":"Polygon","coordinates":[[[-122.296252269766,47.5618217266135],[-122.296259498696,47.5618189107946],[-122.296313811021,47.5617977264736],[-122.296360319974,47.5618523597828],[-122.296365117941,47.5618548672773],[-122.29639852721,47.5618723370034],[-122.296508141091,47.5620004412643],[-122.296494297092,47.5620058621252],[-122.296455574485,47.5620210438431],[-122.296354086302,47.5619024319148],[-122.296315306984,47.5618841538474],[-122.296298778676,47.5618763599479],[-122.296254293217,47.5618241052973],[-122.296252269766,47.5618217266135]]]}},{"type":"Feature","properties":{"OBJECTID":6734,"PIN":"2255500005","ADDRESS":"1609  E COLUMBIA ST","PROP_NAME":"APT","LAND_SQFT":2804,"LAND_USE_DESC":"Triplex","ZONING":"LR1","SF_UNITS":0,"YR_BUILT":"1900","REDEV_FL_AREA":2804,"AVAIL_SQFT":0,"STATUS_TEXT_1":"Moderately Developed","STATUS_TEXT_2":"(41% - 80% of allowed density)","UV_NAME":"Outside Villages"},"geometry":{"type":"Polygon","coordinates":[[[-122.3109152416,47.6089206989379],[-122.311077424741,47.6089213978098],[-122.311077251421,47.6089488474331],[-122.311076723352,47.6090311964084],[-122.311076195204,47.6091135426426],[-122.310913995251,47.6091128439795],[-122.310914527631,47.6090304949525],[-122.310915064063,47.6089481458727],[-122.3109152416,47.6089206989379]]]}},{"type":"Feature","properties":{"OBJECTID":6834,"PIN":"9826700928","ADDRESS":"1820  E YESLER WAY","PROP_NAME":"Live/Work Unit","LAND_SQFT":924,"LAND_USE_DESC":"Townhouse Plat","ZONING":"NC1-40","SF_UNITS":0,"YR_BUILT":"2009","REDEV_FL_AREA":2772,"AVAIL_SQFT":739,"STATUS_TEXT_1":"Site with No Additional Development Allowed","STATUS_TEXT_2":"","UV_NAME":"23rd & Union-Jackson"},"geometry":{"type":"Polygon","coordinates":[[[-122.308036029855,47.6019272156059],[-122.307996457768,47.601927158206],[-122.307996458357,47.6019271074714],[-122.3079967834,47.601817393355],[-122.307984703649,47.6018173771851],[-122.307984868144,47.6017615878237],[-122.308060543626,47.6017617695134],[-122.308060377186,47.6018175589013],[-122.308050932703,47.6018175455958],[-122.308050608248,47.6019272048664],[-122.308050609141,47.6019272363878],[-122.308036029855,47.6019272156059]]]}},{"type":"Feature","properties":{"OBJECTID":7014,"PIN":"0567000680","ADDRESS":"2821  S CHARLES ST","PROP_NAME":"SFR","LAND_SQFT":1057,"LAND_USE_DESC":"Townhouse Plat","ZONING":"LR2","SF_UNITS":0,"YR_BUILT":"2003","REDEV_FL_AREA":1216,"AVAIL_SQFT":0,"STATUS_TEXT_1":"Substantially Developed","STATUS_TEXT_2":"(81% - 100% of allowed density)","UV_NAME":"Outside Villages"},"geometry":{"type":"Polygon","coordinates":[[[-122.295558463276,47.5942114928201],[-122.295560264025,47.5941499148409],[-122.29573010246,47.5941520720985],[-122.295750361113,47.594152329888],[-122.295749675828,47.5941811761605],[-122.295748893148,47.5942142024712],[-122.295728633546,47.5942139117894],[-122.295704322928,47.5942135662454],[-122.295558463276,47.5942114928201]]]}},{"type":"Feature","properties":{"OBJECTID":7139,"PIN":"1032000087","ADDRESS":"2721  S IRVING ST","PROP_NAME":"NEW RESIDENCE ON RESIDENTIAL ZONED LAND","LAND_SQFT":3096,"LAND_USE_DESC":"Single Family(Res Use/Zone)","ZONING":"LR1","SF_UNITS":1,"YR_BUILT":"1998","REDEV_FL_AREA":3096,"AVAIL_SQFT":1548,"STATUS_TEXT_1":"Moderately Developed","STATUS_TEXT_2":"(41% - 80% of allowed density)","UV_NAME":"Outside Villages"},"geometry":{"type":"Polygon","coordinates":[[[-122.296463422614,47.5911950674389],[-122.296465332764,47.5909736082879],[-122.296619520029,47.5909742050526],[-122.296617885738,47.5911959376065],[-122.296463422614,47.5911950674389]]]}},{"type":"Feature","properties":{"OBJECTID":7228,"PIN":"8113100530","ADDRESS":"S JUNEAU ST","PROP_NAME":"PLAYGROUND & RESTROOMS","LAND_SQFT":503274,"LAND_USE_DESC":"Park, Public(Zoo/Arbor)","ZONING":"SF 5000","SF_UNITS":0,"YR_BUILT":"1965","REDEV_FL_AREA":503274,"AVAIL_SQFT":503274,"STATUS_TEXT_1":"City-Owned Open Space","STATUS_TEXT_2":null,"UV_NAME":"Outside Villages"},"geometry":{"type":"Polygon","coordinates":[[[-122.280945246546,47.54724501922],[-122.283243228252,47.5472825942765],[-122.283254164683,47.547866764873],[-122.283271640788,47.5488004186448],[-122.283287928308,47.5496703914234],[-122.280917918348,47.5496436702686],[-122.280924888507,47.5489394007066],[-122.280926929461,47.5487694461795],[-122.280934008261,47.548180302611],[-122.280938158093,47.5478348264755],[-122.28094312799,47.5474210674109],[-122.280945246546,47.54724501922]]]}},{"type":"Feature","properties":{"OBJECTID":7303,"PIN":"6126600990","ADDRESS":"4820   40TH AVE SW","PROP_NAME":"FOURFLEX","LAND_SQFT":6598,"LAND_USE_DESC":"4-Plex","ZONING":"LR2","SF_UNITS":0,"YR_BUILT":"1987","REDEV_FL_AREA":7588,"AVAIL_SQFT":1979,"STATUS_TEXT_1":"Moderately Developed","STATUS_TEXT_2":"(41% - 80% of allowed density)","UV_NAME":"West Seattle Junction"},"geometry":{"type":"Polygon","coordinates":[[[-122.382548626866,47.5586258803564],[-122.382404001507,47.5586256796129],[-122.382169711268,47.5586253650571],[-122.382169731245,47.5585571070097],[-122.382169747173,47.5584888490174],[-122.38270817767,47.5584897019264],[-122.382706633452,47.5585578984976],[-122.382705093198,47.5586260922727],[-122.382548626866,47.5586258803564]]]}},{"type":"Feature","properties":{"OBJECTID":7359,"PIN":"3086002495","ADDRESS":"2701   15TH AVE S","PROP_NAME":"Delite Bakery","LAND_SQFT":11851,"LAND_USE_DESC":"Retail Store","ZONING":"NC2P-40","SF_UNITS":0,"YR_BUILT":"2005","REDEV_FL_AREA":47404,"AVAIL_SQFT":41478,"STATUS_TEXT_1":"Significantly Under Developed","STATUS_TEXT_2":"(under 20% of allowed density)","UV_NAME":"North Beacon Hill"},"geometry":{"type":"Polygon","coordinates":[[[-122.313482897983,47.5790724403696],[-122.313968992724,47.5790744672816],[-122.31396772151,47.5792389543933],[-122.313825919941,47.5792383629297],[-122.313824662042,47.5794016241867],[-122.313535420812,47.5794002865152],[-122.313530869397,47.5794002662392],[-122.313530820395,47.5794001105831],[-122.313483485445,47.5792369334257],[-122.313481378541,47.5792296753592],[-122.313481455916,47.5792218486891],[-122.313482897983,47.5790724403696]]]}},{"type":"Feature","properties":{"OBJECTID":7510,"PIN":"1722802695","ADDRESS":"5400   EAST MARGINAL WAY S","PROP_NAME":"ARGO BLOWER","LAND_SQFT":39116,"LAND_USE_DESC":"Industrial(Gen Purpose)","ZONING":"IG2 U/85","SF_UNITS":0,"YR_BUILT":"1981","REDEV_FL_AREA":39116,"AVAIL_SQFT":15646,"STATUS_TEXT_1":"Moderately Developed","STATUS_TEXT_2":"(41% - 80% of allowed density)","UV_NAME":"Greater Duwamish"},"geometry":{"type":"Polygon","coordinates":[[[-122.335420717284,47.5540906389828],[-122.335423319542,47.5538165183564],[-122.335626335015,47.5538176411994],[-122.33582880771,47.5538187626287],[-122.336031179191,47.5538198850357],[-122.336233550602,47.5538210043415],[-122.336435922021,47.553822123287],[-122.336638293449,47.5538232418722],[-122.336840660837,47.5538243601507],[-122.336948836783,47.553824961016],[-122.337024104106,47.5539681596575],[-122.337030749058,47.5540995705694],[-122.336838086914,47.5540985024696],[-122.336635608983,47.5540973801503],[-122.336433131139,47.5540962602115],[-122.336230649176,47.5540951372246],[-122.336028171192,47.5540940110825],[-122.335975758076,47.5540937196126],[-122.335825693296,47.5540928873207],[-122.335623219457,47.5540917631448],[-122.335420717284,47.5540906389828]]]}},{"type":"Feature","properties":{"OBJECTID":7667,"PIN":"0859000152","ADDRESS":"8645 C  DELRIDGE WAY SW","PROP_NAME":"Townhouse","LAND_SQFT":764,"LAND_USE_DESC":"Townhouse Plat","ZONING":"LR2","SF_UNITS":0,"YR_BUILT":"2006","REDEV_FL_AREA":879,"AVAIL_SQFT":0,"STATUS_TEXT_1":"Substantially Developed","STATUS_TEXT_2":"(81% - 100% of allowed density)","UV_NAME":"Westwood-Highland Park"},"geometry":{"type":"Polygon","coordinates":[[[-122.36081183295,47.5253204027723],[-122.360782922258,47.5253204651994],[-122.36078278321,47.5252300787311],[-122.360798784386,47.5252300281042],[-122.360798623487,47.5252134875893],[-122.360836852447,47.5252134013175],[-122.36089998855,47.5252132598017],[-122.360915775651,47.525213225747],[-122.360916048763,47.5252371846916],[-122.36089176712,47.525237311034],[-122.360891685613,47.5252544196672],[-122.36084453282,47.5252545930455],[-122.360844981923,47.5253203327055],[-122.36081183295,47.5253204027723]]]}},{"type":"Feature","properties":{"OBJECTID":7760,"PIN":"3445400360","ADDRESS":"3322  S JUNEAU ST","PROP_NAME":"zero lot lines","LAND_SQFT":3705,"LAND_USE_DESC":"Townhouse Plat","ZONING":"MR","SF_UNITS":0,"YR_BUILT":"2001","REDEV_FL_AREA":15746,"AVAIL_SQFT":14820,"STATUS_TEXT_1":"Significantly Under Developed","STATUS_TEXT_2":"(under 20% of allowed density)","UV_NAME":"Othello"},"geometry":{"type":"Polygon","coordinates":[[[-122.289537821512,47.5500960180214],[-122.289416886931,47.5500948994615],[-122.289416681155,47.5498484499637],[-122.289481470681,47.5498490484786],[-122.289585556055,47.5498500099398],[-122.289581127205,47.5500690002917],[-122.289580573179,47.5500964135071],[-122.289537821512,47.5500960180214]]]}},{"type":"Feature","properties":{"OBJECTID":7894,"PIN":"5398600006","ADDRESS":"3800   49TH AVE SW","PROP_NAME":"NEW CONSTR","LAND_SQFT":3918,"LAND_USE_DESC":"Single Family(Res Use/Zone)","ZONING":"SF 5000","SF_UNITS":1,"YR_BUILT":"1989","REDEV_FL_AREA":3918,"AVAIL_SQFT":2743,"STATUS_TEXT_1":"Publicly Owned","STATUS_TEXT_2":null,"UV_NAME":"Outside Villages"},"geometry":{"type":"Polygon","coordinates":[[[-122.394476870101,47.5701761359092],[-122.394480040238,47.5699927914498],[-122.394481311719,47.5699191086681],[-122.394650535353,47.5699206841892],[-122.394649679438,47.5699944353049],[-122.39464755359,47.5701777243061],[-122.394643561453,47.5701776858965],[-122.394500089112,47.5701763517972],[-122.394476870101,47.5701761359092]]]}},{"type":"Feature","properties":{"OBJECTID":7984,"PIN":"6909200525","ADDRESS":"1401   31ST AVE S","PROP_NAME":"STORE","LAND_SQFT":5472,"LAND_USE_DESC":"Retail Store","ZONING":"NC1-30","SF_UNITS":0,"YR_BUILT":"1980","REDEV_FL_AREA":12312,"AVAIL_SQFT":10944,"STATUS_TEXT_1":"Significantly Under Developed","STATUS_TEXT_2":"(under 20% of allowed density)","UV_NAME":"Outside Villages"},"geometry":{"type":"Polygon","coordinates":[[[-122.292529790274,47.5901482097161],[-122.292691213995,47.5901502544489],[-122.292933353767,47.5901533251782],[-122.292930413717,47.5902492555653],[-122.29292872855,47.5903040757371],[-122.292525974702,47.5902989663088],[-122.292527364437,47.5902441471964],[-122.292529790274,47.5901482097161]]]}},{"type":"Feature","properties":{"OBJECTID":8077,"PIN":"7666205311","ADDRESS":"2737   4TH AVE S","PROP_NAME":"MARSHALL WALTON DESIGN GROUP","LAND_SQFT":8995,"LAND_USE_DESC":"Warehouse","ZONING":"IG1 U/85","SF_UNITS":0,"YR_BUILT":"1959","REDEV_FL_AREA":8995,"AVAIL_SQFT":2698,"STATUS_TEXT_1":"Moderately Developed","STATUS_TEXT_2":"(41% - 80% of allowed density)","UV_NAME":"Greater Duwamish"},"geometry":{"type":"Polygon","coordinates":[[[-122.329259717117,47.5786855619969],[-122.3292598096,47.5785210813607],[-122.329867221719,47.5785211673599],[-122.329867159904,47.5786856613283],[-122.329259717117,47.5786855619969]]]}},{"type":"Feature","properties":{"OBJECTID":8171,"PIN":"5367201837","ADDRESS":"6565   5TH PL S","PROP_NAME":"River Street","LAND_SQFT":12203,"LAND_USE_DESC":"Warehouse","ZONING":"IG2 U/85","SF_UNITS":0,"YR_BUILT":"1965","REDEV_FL_AREA":12203,"AVAIL_SQFT":2441,"STATUS_TEXT_1":"Moderately Developed","STATUS_TEXT_2":"(41% - 80% of allowed density)","UV_NAME":"Greater Duwamish"},"geometry":{"type":"Polygon","coordinates":[[[-122.327394776486,47.5442373126712],[-122.327394928308,47.5441276550116],[-122.327395080128,47.544017997352],[-122.327395202569,47.5439289215948],[-122.327800163389,47.5438776681839],[-122.327799966179,47.5440190323001],[-122.327799815289,47.5441286927012],[-122.32779966432,47.5442383503613],[-122.327394776486,47.5442373126712]]]}},{"type":"Feature","properties":{"OBJECTID":8241,"PIN":"3573700320","ADDRESS":"5005   3RD AVE S","PROP_NAME":"MCKINSTRY CONST","LAND_SQFT":94188,"LAND_USE_DESC":"Office Building","ZONING":"IG2 U/85","SF_UNITS":0,"YR_BUILT":"1959","REDEV_FL_AREA":94188,"AVAIL_SQFT":0,"STATUS_TEXT_1":"Substantially Developed","STATUS_TEXT_2":"(81% - 100% of allowed density)","UV_NAME":"Greater Duwamish"},"geometry":{"type":"Polygon","coordinates":[[[-122.331028173738,47.5564668954944],[-122.331600925325,47.5564673460043],[-122.331669771396,47.5564674009765],[-122.332242843031,47.5564678495178],[-122.332242801236,47.5565062327497],[-122.332242507879,47.5567803774708],[-122.332242214677,47.5570545276735],[-122.332241925442,47.5573286750813],[-122.331668856564,47.5573282291161],[-122.331600005306,47.5573281741968],[-122.331026972881,47.5573277245158],[-122.331027353463,47.5570535732497],[-122.33102773412,47.5567794247242],[-122.331028122871,47.5565052760916],[-122.331028173738,47.5564668954944]]]}},{"type":"Feature","properties":{"OBJECTID":8341,"PIN":"0901000015","ADDRESS":"1200  S ANGELO ST","PROP_NAME":"SEA-WASH KOREAN ASSOCIATION","LAND_SQFT":12257,"LAND_USE_DESC":"Office Building","ZONING":"C2-40","SF_UNITS":0,"YR_BUILT":"1988","REDEV_FL_AREA":36771,"AVAIL_SQFT":31868,"STATUS_TEXT_1":"Significantly Under Developed","STATUS_TEXT_2":"(under 20% of allowed density)","UV_NAME":"Outside Villages"},"geometry":{"type":"Polygon","coordinates":[[[-122.31723910504,47.5474052880262],[-122.317241762936,47.5471304855763],[-122.317342993041,47.5471308802746],[-122.317464462599,47.547131350589],[-122.317779696286,47.5471325749842],[-122.317757627439,47.5472011911816],[-122.317735558612,47.5472698101157],[-122.317713489649,47.5473384263045],[-122.317691424676,47.5474070424361],[-122.317461809925,47.5474061529913],[-122.317340331631,47.5474056827798],[-122.31723910504,47.5474052880262]]]}},{"type":"Feature","properties":{"OBJECTID":8442,"PIN":"9297300765","ADDRESS":"3014  SW GENESEE ST","PROP_NAME":"EDGEWOOD APT","LAND_SQFT":65934,"LAND_USE_DESC":"Apartment","ZONING":"MR","SF_UNITS":0,"YR_BUILT":"1980","REDEV_FL_AREA":280220,"AVAIL_SQFT":210989,"STATUS_TEXT_1":"Under Developed","STATUS_TEXT_2":"(21% - 40% of allowed density)","UV_NAME":"West Seattle Junction"},"geometry":{"type":"MultiPolygon","coordinates":[[[[-122.371472528923,47.5648940784868],[-122.37147410969,47.5647919106554],[-122.371954439202,47.564788797389],[-122.372116485214,47.5647877476],[-122.372283196554,47.5647866371688],[-122.3722849099,47.5647866249439],[-122.372286612879,47.5647868102861],[-122.372288292937,47.5647870425532],[-122.372289935252,47.5647873685606],[-122.372291539905,47.5647877910492],[-122.372293082354,47.5647883021251],[-122.37229455442,47.564788899157],[-122.372295943872,47.5647895795683],[-122.372297246417,47.5647903351912],[-122.372298449826,47.5647911634491],[-122.372299541788,47.5647920590246],[-122.372300522059,47.5647930136948],[-122.372301378247,47.5647940194015],[-122.372302102091,47.5647950707723],[-122.372302697478,47.5647961622705],[-122.372303147806,47.5647972804108],[-122.372303461253,47.5647984278244],[-122.372303629074,47.5647995826934],[-122.372303655236,47.5648007422221],[-122.372303531316,47.5648018955563],[-122.372303265576,47.5648030480683],[-122.372302939009,47.5648041986616],[-122.372302306366,47.5648052738791],[-122.372302210064,47.5648054424472],[-122.372111223435,47.5651282348162],[-122.371989034627,47.5653347381408],[-122.371946000138,47.5653345692424],[-122.371465741075,47.5653326936827],[-122.371467445094,47.5652230384175],[-122.371469137038,47.5651133860576],[-122.371470833025,47.5650037336427],[-122.371472528923,47.5648940784868]]],[[[-122.370928076973,47.5648876838308],[-122.37104655459,47.5647946782608],[-122.371409305028,47.564792329498],[-122.371407489654,47.5649094665505],[-122.371405793537,47.5650191189645],[-122.371404093444,47.5651287741741],[-122.371402393263,47.5652384266426],[-122.371400693075,47.5653480791111],[-122.371398997011,47.5654577342655],[-122.371398643172,47.5654804595888],[-122.371360997035,47.5655440851444],[-122.371310155323,47.5655666873172],[-122.370917619002,47.5655633128194],[-122.370919316084,47.5654536576722],[-122.370919550629,47.5654385486084],[-122.370921013239,47.5653440052659],[-122.370922710387,47.5652343528594],[-122.370924407447,47.5651246977119],[-122.37092610458,47.5650150453051],[-122.370927801707,47.5649053928983],[-122.370928076973,47.5648876838308]]]]}},{"type":"Feature","properties":{"OBJECTID":8541,"PIN":"1282300800","ADDRESS":"3321 B  WETMORE AVE S","PROP_NAME":"townhouse","LAND_SQFT":2139,"LAND_USE_DESC":"Townhouse Plat","ZONING":"LR2","SF_UNITS":0,"YR_BUILT":"2007","REDEV_FL_AREA":2460,"AVAIL_SQFT":856,"STATUS_TEXT_1":"Moderately Developed","STATUS_TEXT_2":"(41% - 80% of allowed density)","UV_NAME":"North Rainier"},"geometry":{"type":"Polygon","coordinates":[[[-122.293393833923,47.5735949816187],[-122.293541802304,47.5735434077413],[-122.293650076872,47.5735056694989],[-122.293705906185,47.5735788462371],[-122.293709538519,47.5735836062859],[-122.293521680777,47.5736493326354],[-122.293517916973,47.5736443631362],[-122.293513587245,47.5736386468584],[-122.293508130903,47.573640510184],[-122.29344515137,47.5736620250141],[-122.293443189271,47.5736594617755],[-122.293393833923,47.5735949816187]]]}},{"type":"Feature","properties":{"OBJECTID":8674,"PIN":"0952002170","ADDRESS":"4054   CALIFORNIA AVE SW","PROP_NAME":"EDWARD JONES INVEST.& APTS","LAND_SQFT":5776,"LAND_USE_DESC":"Apartment(Mixed Use)","ZONING":"LR3 RC","SF_UNITS":0,"YR_BUILT":"1985","REDEV_FL_AREA":7509,"AVAIL_SQFT":2888,"STATUS_TEXT_1":"Significantly Under Developed","STATUS_TEXT_2":"(under 20% of allowed density)","UV_NAME":"Outside Villages"},"geometry":{"type":"Polygon","coordinates":[[[-122.386143452546,47.5668489368013],[-122.38614353344,47.5667801788014],[-122.386143610203,47.5667114181157],[-122.386325889596,47.5667115250872],[-122.386609437644,47.566711693312],[-122.386609361904,47.5667804677026],[-122.386609286083,47.5668492393522],[-122.386143452546,47.5668489368013]]]}},{"type":"Feature","properties":{"OBJECTID":8856,"PIN":"3445400500","ADDRESS":"5919   34TH CT S","PROP_NAME":"zero lot lines","LAND_SQFT":2210,"LAND_USE_DESC":"Townhouse Plat","ZONING":"MR","SF_UNITS":0,"YR_BUILT":"2002","REDEV_FL_AREA":9392,"AVAIL_SQFT":7956,"STATUS_TEXT_1":"Significantly Under Developed","STATUS_TEXT_2":"(under 20% of allowed density)","UV_NAME":"Othello"},"geometry":{"type":"Polygon","coordinates":[[[-122.289886903504,47.5493081741344],[-122.289888389969,47.5492341571925],[-122.290219083349,47.5492372260537],[-122.290219047665,47.5493112573129],[-122.289886903504,47.5493081741344]]]}},{"type":"Feature","properties":{"OBJECTID":8962,"PIN":"2124700075","ADDRESS":"8825   MARTIN LUTHER KING JR WAY S","PROP_NAME":"The Vegetable Bin","LAND_SQFT":17685,"LAND_USE_DESC":"Conv Store without Gas","ZONING":"NC3P-40","SF_UNITS":0,"YR_BUILT":"2005","REDEV_FL_AREA":70740,"AVAIL_SQFT":67203,"STATUS_TEXT_1":"Significantly Under Developed","STATUS_TEXT_2":"(under 20% of allowed density)","UV_NAME":"Rainier Beach"},"geometry":{"type":"Polygon","coordinates":[[[-122.279303121928,47.5237739117229],[-122.279329170309,47.5236864840403],[-122.27934671785,47.5236272204551],[-122.279405511375,47.5234235384215],[-122.279409257604,47.5234102538449],[-122.279409489762,47.5234094296679],[-122.27941257274,47.5233985020365],[-122.279430499703,47.5233343912768],[-122.279517111834,47.5233271356849],[-122.279655587861,47.523315537239],[-122.279802036008,47.5233032695242],[-122.279801765503,47.5233447206788],[-122.279798955156,47.5237746928275],[-122.279477195069,47.5237741855814],[-122.279303121928,47.5237739117229]]]}},{"type":"Feature","properties":{"OBJECTID":9053,"PIN":"3330500450","ADDRESS":"5505   RAINIER AVE S","PROP_NAME":"Dayspring & Fitch Funeral Directors","LAND_SQFT":2703,"LAND_USE_DESC":"Church/Welfare/Relig Srvc","ZONING":"NC2-40","SF_UNITS":0,"YR_BUILT":"1980","REDEV_FL_AREA":8109,"AVAIL_SQFT":6217,"STATUS_TEXT_1":"Special Land Use Type","STATUS_TEXT_2":null,"UV_NAME":"Outside Villages"},"geometry":{"type":"Polygon","coordinates":[[[-122.278510470981,47.5523999541557],[-122.278876594741,47.5523087506919],[-122.278878764079,47.5523130718754],[-122.278877807236,47.5523960863833],[-122.278552969492,47.5524770062063],[-122.278510470981,47.5523999541557]]]}},{"type":"Feature","properties":{"OBJECTID":9112,"PIN":"0880000199","ADDRESS":"8619 A  DELRIDGE WAY SW","PROP_NAME":"townhouse","LAND_SQFT":1329,"LAND_USE_DESC":"Townhouse Plat","ZONING":"LR2","SF_UNITS":0,"YR_BUILT":"2003","REDEV_FL_AREA":1528,"AVAIL_SQFT":0,"STATUS_TEXT_1":"Substantially Developed","STATUS_TEXT_2":"(81% - 100% of allowed density)","UV_NAME":"Westwood-Highland Park"},"geometry":{"type":"Polygon","coordinates":[[[-122.360936200873,47.5259163124494],[-122.360935880511,47.525834113381],[-122.361115670902,47.5258337768105],[-122.361115235138,47.5259159970191],[-122.360936200873,47.5259163124494]]]}},{"type":"Feature","properties":{"OBJECTID":9259,"PIN":"1773100030","ADDRESS":"4721   25TH AVE SW","PROP_NAME":"sfr","LAND_SQFT":4801,"LAND_USE_DESC":"Single Family(Res Use/Zone)","ZONING":"SF 5000","SF_UNITS":1,"YR_BUILT":"1942","REDEV_FL_AREA":4801,"AVAIL_SQFT":3361,"STATUS_TEXT_1":"Substantially Developed","STATUS_TEXT_2":"(81% - 100% of allowed density)","UV_NAME":"Outside Villages"},"geometry":{"type":"Polygon","coordinates":[[[-122.36433900059,47.5604629899746],[-122.364340346991,47.560353342571],[-122.364826491018,47.5603560923872],[-122.36482514985,47.5604657452238],[-122.36433900059,47.5604629899746]]]}},{"type":"Feature","properties":{"OBJECTID":9491,"PIN":"1722801990","ADDRESS":"5606   1ST AVE S","PROP_NAME":"KATERINA'S DINER","LAND_SQFT":4293,"LAND_USE_DESC":"Restaurant/Lounge","ZONING":"IG2 U/85","SF_UNITS":0,"YR_BUILT":"1979","REDEV_FL_AREA":4293,"AVAIL_SQFT":2576,"STATUS_TEXT_1":"Under Developed","STATUS_TEXT_2":"(21% - 40% of allowed density)","UV_NAME":"Greater Duwamish"},"geometry":{"type":"Polygon","coordinates":[[[-122.333794202309,47.5525456455968],[-122.333796820355,47.5523263377473],[-122.333979043195,47.5523273019622],[-122.33401297377,47.5523274818971],[-122.334012856301,47.5524097301297],[-122.334012738832,47.5524919783623],[-122.334012661736,47.5525468059313],[-122.333976430044,47.5525466125035],[-122.333794202309,47.5525456455968]]]}},{"type":"Feature","properties":{"OBJECTID":9638,"PIN":"2488200375","ADDRESS":"4417  SW HENDERSON ST","PROP_NAME":"Townhouse","LAND_SQFT":2407,"LAND_USE_DESC":"Townhouse Plat","ZONING":"LR1","SF_UNITS":0,"YR_BUILT":"2008","REDEV_FL_AREA":2407,"AVAIL_SQFT":241,"STATUS_TEXT_1":"Substantially Developed","STATUS_TEXT_2":"(81% - 100% of allowed density)","UV_NAME":"Outside Villages"},"geometry":{"type":"Polygon","coordinates":[[[-122.389665588192,47.5233075990377],[-122.389862457159,47.5233099415427],[-122.389861612042,47.5233373544544],[-122.389860557594,47.523371584235],[-122.389858244302,47.5234466192968],[-122.38966397346,47.5234439971391],[-122.389665261163,47.5233350130745],[-122.389665588192,47.5233075990377]]]}},{"type":"Feature","properties":{"OBJECTID":9719,"PIN":"9352900235","ADDRESS":"9241   17TH AVE SW","PROP_NAME":"8 UNIT APT","LAND_SQFT":8557,"LAND_USE_DESC":"Apartment","ZONING":"NC2P-40","SF_UNITS":0,"YR_BUILT":"1985","REDEV_FL_AREA":25671,"AVAIL_SQFT":20537,"STATUS_TEXT_1":"Significantly Under Developed","STATUS_TEXT_2":"(under 20% of allowed density)","UV_NAME":"Westwood-Highland Park"},"geometry":{"type":"Polygon","coordinates":[[[-122.35686308759,47.5198272226593],[-122.356604508228,47.519827315155],[-122.356605569716,47.5197313600733],[-122.356606789394,47.5196217036941],[-122.356979522415,47.5196215716775],[-122.357077850045,47.5197311924553],[-122.357124294349,47.5197829723368],[-122.35712381233,47.5198271309572],[-122.35686308759,47.5198272226593]]]}},{"type":"Feature","properties":{"OBJECTID":9774,"PIN":"3438501035","ADDRESS":"5918   21ST AVE SW","PROP_NAME":"SFR","LAND_SQFT":14599,"LAND_USE_DESC":"Single Family(Res Use/Zone)","ZONING":"SF 5000","SF_UNITS":1,"YR_BUILT":"1983","REDEV_FL_AREA":14599,"AVAIL_SQFT":13139,"STATUS_TEXT_1":"Moderately Developed","STATUS_TEXT_2":"(41% - 80% of allowed density)","UV_NAME":"Outside Villages"},"geometry":{"type":"Polygon","coordinates":[[[-122.35909530176,47.5496185281973],[-122.358429193064,47.5496160068039],[-122.358430100625,47.5494941360617],[-122.359749178785,47.5494977363029],[-122.359754589417,47.5496210221323],[-122.35909530176,47.5496185281973]]]}},{"type":"Feature","properties":{"OBJECTID":9943,"PIN":"0880000008","ADDRESS":"2525  SW CLOVERDALE ST","PROP_NAME":"SINGLE FAMILY TWNHSE UNIT","LAND_SQFT":1790,"LAND_USE_DESC":"Townhouse Plat","ZONING":"LR2","SF_UNITS":0,"YR_BUILT":"1998","REDEV_FL_AREA":2058,"AVAIL_SQFT":0,"STATUS_TEXT_1":"Moderately Developed","STATUS_TEXT_2":"(41% - 80% of allowed density)","UV_NAME":"Westwood-Highland Park"},"geometry":{"type":"Polygon","coordinates":[[[-122.365476785023,47.5263987266321],[-122.365476333576,47.5262681076484],[-122.365476216619,47.5262352102876],[-122.365597668322,47.5262350117948],[-122.365597785436,47.5262679118964],[-122.365598233463,47.5263985418979],[-122.365476785023,47.5263987266321]]]}},{"type":"Feature","properties":{"OBJECTID":10011,"PIN":"1924049078","ADDRESS":"5903   1ST AVE S","PROP_NAME":"JACK IN THE BOX","LAND_SQFT":38889,"LAND_USE_DESC":"Restaurant(Fast Food)","ZONING":"IG2 U/85","SF_UNITS":0,"YR_BUILT":"1997","REDEV_FL_AREA":38889,"AVAIL_SQFT":35000,"STATUS_TEXT_1":"Significantly Under Developed","STATUS_TEXT_2":"(under 20% of allowed density)","UV_NAME":"Greater Duwamish"},"geometry":{"type":"Polygon","coordinates":[[[-122.3344200801,47.5504886204562],[-122.334420339242,47.5501639297471],[-122.334420673021,47.5497463907371],[-122.334806298871,47.5497488758879],[-122.335022809218,47.5501608107987],[-122.335197747335,47.5504936309566],[-122.3344200801,47.5504886204562]]]}},{"type":"Feature","properties":{"OBJECTID":10179,"PIN":"4310701330","ADDRESS":"9511   INTERLAKE AVE N","PROP_NAME":"sfr","LAND_SQFT":831,"LAND_USE_DESC":"Single Family(Res Use/Zone)","ZONING":"LR3","SF_UNITS":1,"YR_BUILT":"1950","REDEV_FL_AREA":1330,"AVAIL_SQFT":83,"STATUS_TEXT_1":"Site with No Additional Development Allowed","STATUS_TEXT_2":null,"UV_NAME":"Aurora-Licton Springs"},"geometry":{"type":"Polygon","coordinates":[[[-122.340933572483,47.6981545900695],[-122.340933504738,47.6981491069508],[-122.34093278575,47.6980915151116],[-122.340932734254,47.6980874315727],[-122.341071705282,47.6980879432314],[-122.341071270125,47.6981550938959],[-122.340941700774,47.6981546196574],[-122.340933572483,47.6981545900695]]]}},{"type":"Feature","properties":{"OBJECTID":10266,"PIN":"2719100010","ADDRESS":"6539   42ND AVE SW","PROP_NAME":"APT","LAND_SQFT":8693,"LAND_USE_DESC":"Apartment","ZONING":"LR2","SF_UNITS":0,"YR_BUILT":"1995","REDEV_FL_AREA":9997,"AVAIL_SQFT":0,"STATUS_TEXT_1":"Completely Developed","STATUS_TEXT_2":"(more than 100% of allowed density)","UV_NAME":"Morgan Junction"},"geometry":{"type":"Polygon","coordinates":[[[-122.386385088828,47.5437526255877],[-122.386146533957,47.5437481638918],[-122.386101204734,47.5437473162746],[-122.385887164208,47.5437433115249],[-122.385888143053,47.5436610531103],[-122.385889430859,47.5435530138352],[-122.38639545661,47.5435617688245],[-122.386394162719,47.5436705197647],[-122.386393184673,47.5437527781838],[-122.386385088828,47.5437526255877]]]}},{"type":"Feature","properties":{"OBJECTID":10326,"PIN":"7987400150","ADDRESS":"3417   HARBOR AVE SW","PROP_NAME":"WOODMASTER'S CONSTRUCTION OFFICE (SFR)","LAND_SQFT":8755,"LAND_USE_DESC":"Office Building","ZONING":"C1-40","SF_UNITS":0,"YR_BUILT":"1975","REDEV_FL_AREA":26265,"AVAIL_SQFT":25390,"STATUS_TEXT_1":"Significantly Under Developed","STATUS_TEXT_2":"(under 20% of allowed density)","UV_NAME":"Outside Villages"},"geometry":{"type":"Polygon","coordinates":[[[-122.370927141725,47.5723844934062],[-122.370921119629,47.5723295722891],[-122.370919633199,47.5723160083305],[-122.37091554613,47.5722787280011],[-122.370912186,47.5722480900272],[-122.370869069167,47.5722480698277],[-122.370840077436,47.5722480560385],[-122.370826941786,47.5721108465595],[-122.370897132279,47.5721108351983],[-122.370897103692,47.5721105531549],[-122.371215378022,47.5721107813934],[-122.37122317358,47.5721795066138],[-122.371230969239,47.5722482345745],[-122.371238764919,47.5723169625346],[-122.37124655657,47.572385690549],[-122.370927141725,47.5723844934062]]]}},{"type":"Feature","properties":{"OBJECTID":10509,"PIN":"3298700410","ADDRESS":"9007   14TH AVE SW","PROP_NAME":"The Amanda Park","LAND_SQFT":13509,"LAND_USE_DESC":"Apartment","ZONING":"SF 5000","SF_UNITS":0,"YR_BUILT":"1974","REDEV_FL_AREA":13509,"AVAIL_SQFT":5404,"STATUS_TEXT_1":"Completely Developed","STATUS_TEXT_2":"(more than 100% of allowed density)","UV_NAME":"Westwood-Highland Park"},"geometry":{"type":"Polygon","coordinates":[[[-122.352952025514,47.5224347426538],[-122.353401239321,47.5224387133777],[-122.353399847915,47.5225894913618],[-122.353398150699,47.5227723962798],[-122.352948943279,47.5227683267068],[-122.352952025514,47.5224347426538]]]}},{"type":"Feature","properties":{"OBJECTID":10595,"PIN":"0157000000","ADDRESS":"3020   64TH AVE SW","PROP_NAME":"ALKI TOWNHOUSES CONDOMINIUM","LAND_SQFT":9677,"LAND_USE_DESC":"Condominium(Residential)","ZONING":"SF 5000","SF_UNITS":0,"YR_BUILT":"1997","REDEV_FL_AREA":9677,"AVAIL_SQFT":0,"STATUS_TEXT_1":"Completely Developed","STATUS_TEXT_2":"(more than 100% of allowed density)","UV_NAME":"Outside Villages"},"geometry":{"type":"Polygon","coordinates":[[[-122.414001530002,47.5773993832542],[-122.414007801197,47.5771800127779],[-122.414497481833,47.5771865999128],[-122.414491198745,47.577406044646],[-122.414001530002,47.5773993832542]]]}},{"type":"Feature","properties":{"OBJECTID":10698,"PIN":"7904700023","ADDRESS":"4427 B  44TH AVE SW","PROP_NAME":"Townhouse","LAND_SQFT":1450,"LAND_USE_DESC":"Townhouse Plat","ZONING":"LR2","SF_UNITS":0,"YR_BUILT":"2005","REDEV_FL_AREA":1668,"AVAIL_SQFT":0,"STATUS_TEXT_1":"Substantially Developed","STATUS_TEXT_2":"(81% - 100% of allowed density)","UV_NAME":"West Seattle Junction"},"geometry":{"type":"Polygon","coordinates":[[[-122.388289571691,47.5639194822862],[-122.388289652327,47.5638509463539],[-122.388511475887,47.5638513780308],[-122.388529043173,47.5638514119183],[-122.388528772439,47.5639199477135],[-122.388289571691,47.5639194822862]]]}},{"type":"Feature","properties":{"OBJECTID":10789,"PIN":"6145601760","ADDRESS":"949  N 102ND ST","PROP_NAME":"Parking Lot","LAND_SQFT":3323,"LAND_USE_DESC":"Single Family(Res Use/Zone)","ZONING":"SF 5000","SF_UNITS":1,"YR_BUILT":"2013","REDEV_FL_AREA":3323,"AVAIL_SQFT":1994,"STATUS_TEXT_1":"Substantially Developed","STATUS_TEXT_2":"(81% - 100% of allowed density)","UV_NAME":"Aurora-Licton Springs"},"geometry":{"type":"Polygon","coordinates":[[[-122.345445832579,47.7025351082373],[-122.345448906534,47.7027930686588],[-122.345448972812,47.7027985545414],[-122.345440848011,47.7027985307029],[-122.345313113771,47.7027981493582],[-122.34530498491,47.7027981255639],[-122.345304922788,47.7027926423682],[-122.345302292743,47.7025715369026],[-122.34530218223,47.7025624376378],[-122.345303066172,47.7025565223659],[-122.345305822324,47.7025508729138],[-122.34531031623,47.7025457542977],[-122.345316339866,47.7025414160576],[-122.345323610602,47.7025380566249],[-122.345331779569,47.7025358314374],[-122.345340468113,47.7025348497138],[-122.345342973101,47.7025348055184],[-122.345445832579,47.7025351082373]]]}},{"type":"Feature","properties":{"OBJECTID":10887,"PIN":"7625703357","ADDRESS":"6029 A  CALIFORNIA AVE SW","PROP_NAME":"Knoll Development Unit A","LAND_SQFT":2105,"LAND_USE_DESC":"Townhouse Plat","ZONING":"NC2-30","SF_UNITS":0,"YR_BUILT":"2011","REDEV_FL_AREA":4736,"AVAIL_SQFT":3368,"STATUS_TEXT_1":"Under Developed","STATUS_TEXT_2":"(21% - 40% of allowed density)","UV_NAME":"Morgan Junction"},"geometry":{"type":"Polygon","coordinates":[[[-122.387763757688,47.5477322910732],[-122.387767768675,47.5475952488229],[-122.387938208531,47.5475975474604],[-122.387934194025,47.547734592513],[-122.387763757688,47.5477322910732]]]}},{"type":"Feature","properties":{"OBJECTID":11028,"PIN":"9274203710","ADDRESS":"1521   SUNSET AVE SW","PROP_NAME":"new sfr under const.","LAND_SQFT":7489,"LAND_USE_DESC":"Single Family(Res Use/Zone)","ZONING":"SF 5000","SF_UNITS":1,"YR_BUILT":"2014","REDEV_FL_AREA":7489,"AVAIL_SQFT":4493,"STATUS_TEXT_1":"Substantially Developed","STATUS_TEXT_2":"(81% - 100% of allowed density)","UV_NAME":"Outside Villages"},"geometry":{"type":"Polygon","coordinates":[[[-122.390594019979,47.5901924410258],[-122.390594178519,47.590192320947],[-122.390661823979,47.5901413016034],[-122.390662079611,47.5901411075307],[-122.390729055053,47.5900905936305],[-122.390730141177,47.5900897753376],[-122.390760633181,47.5900667783967],[-122.390965092983,47.5901933938903],[-122.391010420101,47.590221463247],[-122.391119363089,47.5902889119247],[-122.391088887073,47.5903119005169],[-122.39108682387,47.5903134560966],[-122.391020851374,47.5903632147478],[-122.391020032832,47.5903638319512],[-122.390952813433,47.5904145262247],[-122.390818833883,47.5903315958342],[-122.39077263989,47.5903030022],[-122.39064114088,47.5902216074673],[-122.390594019979,47.5901924410258]]]}},{"type":"Feature","properties":{"OBJECTID":11111,"PIN":"2848700005","ADDRESS":"3801   DELRIDGE WAY SW","PROP_NAME":"SKYLARK RESTAURANT","LAND_SQFT":4866,"LAND_USE_DESC":"Restaurant/Lounge","ZONING":"C1-40","SF_UNITS":0,"YR_BUILT":"1978","REDEV_FL_AREA":14598,"AVAIL_SQFT":11678,"STATUS_TEXT_1":"Significantly Under Developed","STATUS_TEXT_2":"(under 20% of allowed density)","UV_NAME":"Outside Villages"},"geometry":{"type":"Polygon","coordinates":[[[-122.362365164751,47.5699383104516],[-122.36272352999,47.5699373348728],[-122.362722240845,47.5700058756146],[-122.362720950973,47.5700743916879],[-122.362315937868,47.5700755229308],[-122.362317399075,47.5700012325867],[-122.362365164751,47.5699383104516]]]}},{"type":"Feature","properties":{"OBJECTID":11202,"PIN":"0510002531","ADDRESS":"4422 C  MERIDIAN AVE N","PROP_NAME":"Live Work Townhouse","LAND_SQFT":1082,"LAND_USE_DESC":"Townhouse Plat","ZONING":"NC2-40","SF_UNITS":0,"YR_BUILT":"2009","REDEV_FL_AREA":3246,"AVAIL_SQFT":1298,"STATUS_TEXT_1":"Moderately Developed","STATUS_TEXT_2":"(41% - 80% of allowed density)","UV_NAME":"Wallingford"},"geometry":{"type":"Polygon","coordinates":[[[-122.333350678761,47.6610332373785],[-122.333350739656,47.6610259236454],[-122.333350828326,47.661015001066],[-122.333351060016,47.6609866703462],[-122.333613368407,47.6609878645691],[-122.333612971265,47.6610162235198],[-122.333612724062,47.6610344487809],[-122.333350678761,47.6610332373785]]]}},{"type":"Feature","properties":{"OBJECTID":11316,"PIN":"9297301880","ADDRESS":"3236  SW AVALON WAY","PROP_NAME":"WEST RIDGE APTS","LAND_SQFT":9586,"LAND_USE_DESC":"Apartment","ZONING":"MR","SF_UNITS":0,"YR_BUILT":"1996","REDEV_FL_AREA":40740,"AVAIL_SQFT":19172,"STATUS_TEXT_1":"Moderately Developed","STATUS_TEXT_2":"(41% - 80% of allowed density)","UV_NAME":"West Seattle Junction"},"geometry":{"type":"Polygon","coordinates":[[[-122.37384046144,47.5645140380084],[-122.373836049559,47.5645140374666],[-122.373840838853,47.5641850784737],[-122.374003682227,47.5641851613376],[-122.374165707328,47.5641852468326],[-122.374160105696,47.5645142031667],[-122.373998079652,47.5645141204047],[-122.37384046144,47.5645140380084]]]}},{"type":"Feature","properties":{"OBJECTID":11366,"PIN":"2883200735","ADDRESS":"2033  N 78TH ST","PROP_NAME":"SP 77-161 & 77-163","LAND_SQFT":10205,"LAND_USE_DESC":"Single Family(Res Use/Zone)","ZONING":"SF 5000","SF_UNITS":1,"YR_BUILT":"1988","REDEV_FL_AREA":10205,"AVAIL_SQFT":7144,"STATUS_TEXT_1":"Moderately Developed","STATUS_TEXT_2":"(41% - 80% of allowed density)","UV_NAME":"Outside Villages"},"geometry":{"type":"Polygon","coordinates":[[[-122.334088740462,47.6853782008363],[-122.334139157719,47.6853551401351],[-122.334239996,47.6853090131305],[-122.334340834102,47.6852628860366],[-122.334645436277,47.6855664110662],[-122.334551090994,47.685619006279],[-122.334498982751,47.6856480532973],[-122.334449701375,47.685664614352],[-122.334394689116,47.6856831017292],[-122.334088740462,47.6853782008363]]]}},{"type":"Feature","properties":{"OBJECTID":11453,"PIN":"6379500005","ADDRESS":"2301   CALIFORNIA AVE SW","PROP_NAME":"WEST 206 APARTMENTS","LAND_SQFT":11636,"LAND_USE_DESC":"Apartment","ZONING":"NC2P-40","SF_UNITS":0,"YR_BUILT":"1992","REDEV_FL_AREA":34908,"AVAIL_SQFT":4654,"STATUS_TEXT_1":"Substantially Developed","STATUS_TEXT_2":"(81% - 100% of allowed density)","UV_NAME":"Admiral"},"geometry":{"type":"Polygon","coordinates":[[[-122.386651668612,47.582622041261],[-122.387096394485,47.5826242306554],[-122.387098076661,47.5826242405775],[-122.387095616037,47.5826927952793],[-122.38709315557,47.5827613554629],[-122.387090690964,47.5828299129608],[-122.387087708593,47.5829131694354],[-122.387085888834,47.5829131668769],[-122.386640255446,47.5829117493505],[-122.386643566035,47.5828276520894],[-122.386646266847,47.5827591133194],[-122.386647681386,47.5827232581537],[-122.386648971784,47.5826905772349],[-122.386651668612,47.582622041261]]]}},{"type":"Feature","properties":{"OBJECTID":11549,"PIN":"0826000120","ADDRESS":"6317   42ND AVE SW","PROP_NAME":"4-PLEX","LAND_SQFT":5001,"LAND_USE_DESC":"4-Plex","ZONING":"LR3","SF_UNITS":0,"YR_BUILT":"1984","REDEV_FL_AREA":8002,"AVAIL_SQFT":3501,"STATUS_TEXT_1":"Moderately Developed","STATUS_TEXT_2":"(41% - 80% of allowed density)","UV_NAME":"Morgan Junction"},"geometry":{"type":"Polygon","coordinates":[[[-122.385860852623,47.5461439818444],[-122.3858619622,47.5460343066319],[-122.386368035572,47.5460409980291],[-122.386366927224,47.5461506787284],[-122.385860852623,47.5461439818444]]]}},{"type":"Feature","properties":{"OBJECTID":11686,"PIN":"1773101890","ADDRESS":"5600   DELRIDGE WAY SW","PROP_NAME":"AUTO REPAIR SHOP","LAND_SQFT":4801,"LAND_USE_DESC":"Service Building","ZONING":"NC2P-40","SF_UNITS":0,"YR_BUILT":"1960","REDEV_FL_AREA":14403,"AVAIL_SQFT":12483,"STATUS_TEXT_1":"Significantly Under Developed","STATUS_TEXT_2":"(under 20% of allowed density)","UV_NAME":"Outside Villages"},"geometry":{"type":"Polygon","coordinates":[[[-122.36234232835,47.5517221914481],[-122.362828250271,47.5517249599378],[-122.362826889085,47.5518346184559],[-122.362340966866,47.551831874629],[-122.36234232835,47.5517221914481]]]}},{"type":"Feature","properties":{"OBJECTID":11765,"PIN":"4232901399","ADDRESS":"1625   QUEEN ANNE AVE N","PROP_NAME":"Sapphire Kitchen and Bar","LAND_SQFT":2725,"LAND_USE_DESC":"Restaurant/Lounge","ZONING":"NC2P-40","SF_UNITS":0,"YR_BUILT":"1996","REDEV_FL_AREA":8175,"AVAIL_SQFT":6812,"STATUS_TEXT_1":"Significantly Under Developed","STATUS_TEXT_2":"(under 20% of allowed density)","UV_NAME":"Upper Queen Anne"},"geometry":{"type":"Polygon","coordinates":[[[-122.357124101128,47.6343846963018],[-122.357124837079,47.6343224452141],[-122.357611560626,47.6343225319586],[-122.357610829232,47.6343847802541],[-122.357124101128,47.6343846963018]]]}},{"type":"Feature","properties":{"OBJECTID":11827,"PIN":"0939000245","ADDRESS":"215   COLUMBIA ST","PROP_NAME":"OLD CHAMBER of COMMERCE BLDG","LAND_SQFT":14279,"LAND_USE_DESC":"Office Building","ZONING":"DMC 340/290-400","SF_UNITS":0,"YR_BUILT":"1984","REDEV_FL_AREA":285580,"AVAIL_SQFT":241315,"STATUS_TEXT_1":"Landmark/Historic Status or has Transferred Development Rights","STATUS_TEXT_2":null,"UV_NAME":"Commercial Core"},"geometry":{"type":"Polygon","coordinates":[[[-122.332533094926,47.6037800042638],[-122.332915785432,47.6036198864543],[-122.332943306038,47.6036083500218],[-122.33307124318,47.603748178813],[-122.333199297095,47.6038880964161],[-122.333171679288,47.6038996396746],[-122.33278897346,47.6040596927209],[-122.332661031625,47.6039198417388],[-122.332533094926,47.6037800042638]]]}},{"type":"Feature","properties":{"OBJECTID":11951,"PIN":"2538840000","ADDRESS":"909   5TH AVE","PROP_NAME":"5TH AND MADISON","LAND_SQFT":59345,"LAND_USE_DESC":"Condominium(Mixed Use)","ZONING":"DOC1 U/450/U","SF_UNITS":0,"YR_BUILT":"2007","REDEV_FL_AREA":272222,"AVAIL_SQFT":0,"STATUS_TEXT_1":"Completely Developed","STATUS_TEXT_2":"(more than 100% of allowed density)","UV_NAME":"Commercial Core"},"geometry":{"type":"Polygon","coordinates":[[[-122.331721615452,47.6062969652192],[-122.331773921327,47.6062750943486],[-122.331765029557,47.6062653703785],[-122.331829955101,47.6062382221769],[-122.331826053424,47.6062339548979],[-122.332026446448,47.6061501629666],[-122.332017533139,47.6061230796353],[-122.332110097443,47.6060956357591],[-122.332170090288,47.6060778477493],[-122.332221467961,47.6060626163332],[-122.332232870955,47.6060709827949],[-122.332400780479,47.6061941682548],[-122.332310841265,47.6062318109643],[-122.33225568366,47.6062548904924],[-122.331841535596,47.6064281896425],[-122.331721615452,47.6062969652192]]]}},{"type":"Feature","properties":{"OBJECTID":12070,"PIN":"3389900290","ADDRESS":"4515   44TH AVE SW","PROP_NAME":"CDE Software","LAND_SQFT":5852,"LAND_USE_DESC":"Office Building","ZONING":"NC2-40","SF_UNITS":0,"YR_BUILT":"1985","REDEV_FL_AREA":17556,"AVAIL_SQFT":15215,"STATUS_TEXT_1":"Significantly Under Developed","STATUS_TEXT_2":"(under 20% of allowed density)","UV_NAME":"West Seattle Junction"},"geometry":{"type":"Polygon","coordinates":[[[-122.388291278947,47.5624534212173],[-122.388291363465,47.5623848797471],[-122.388291443933,47.5623163383322],[-122.388765464455,47.5623170267911],[-122.38876537643,47.5623855655762],[-122.388765284355,47.5624541044167],[-122.388291278947,47.5624534212173]]]}},{"type":"Feature","properties":{"OBJECTID":12152,"PIN":"7904700122","ADDRESS":"4438 D  44TH AVE SW","PROP_NAME":"Townhouse","LAND_SQFT":1379,"LAND_USE_DESC":"Townhouse Plat","ZONING":"LR3","SF_UNITS":0,"YR_BUILT":"2006","REDEV_FL_AREA":2206,"AVAIL_SQFT":690,"STATUS_TEXT_1":"Moderately Developed","STATUS_TEXT_2":"(41% - 80% of allowed density)","UV_NAME":"West Seattle Junction"},"geometry":{"type":"Polygon","coordinates":[[[-122.387732817566,47.5636451364798],[-122.387732886468,47.5636314280254],[-122.387733156391,47.5635759965185],[-122.38796593336,47.5635764302901],[-122.387965855,47.5636455995991],[-122.387732817566,47.5636451364798]]]}},{"type":"Feature","properties":{"OBJECTID":12210,"PIN":"2768302265","ADDRESS":"901  NW 49TH ST","PROP_NAME":"Pioneer Organics","LAND_SQFT":6493,"LAND_USE_DESC":"Warehouse","ZONING":"IB U/45","SF_UNITS":0,"YR_BUILT":"1982","REDEV_FL_AREA":6493,"AVAIL_SQFT":1299,"STATUS_TEXT_1":"Moderately Developed","STATUS_TEXT_2":"(41% - 80% of allowed density)","UV_NAME":"Ballard-Interbay-Northend"},"geometry":{"type":"Polygon","coordinates":[[[-122.368744541349,47.6640196575169],[-122.368805417375,47.6640197417723],[-122.368927210002,47.6640199096384],[-122.369008378119,47.6640200245824],[-122.369008066884,47.6642941660874],[-122.368805117323,47.6642938858535],[-122.368744240975,47.664293801598],[-122.368744533811,47.6640279221],[-122.368744541349,47.6640196575169]]]}},{"type":"Feature","properties":{"OBJECTID":12362,"PIN":"7666201665","ADDRESS":"1502   15TH AVE W","PROP_NAME":"BUILDERS HARDWARE STORE","LAND_SQFT":51651,"LAND_USE_DESC":"Warehouse","ZONING":"IC-45","SF_UNITS":0,"YR_BUILT":"1985","REDEV_FL_AREA":77476,"AVAIL_SQFT":41321,"STATUS_TEXT_1":"Moderately Developed","STATUS_TEXT_2":"(41% - 80% of allowed density)","UV_NAME":"Ballard-Interbay-Northend"},"geometry":{"type":"Polygon","coordinates":[[[-122.375518973764,47.6330607741838],[-122.374974109505,47.6330615652548],[-122.374943386186,47.6329793664544],[-122.374912032731,47.6328954761164],[-122.374881763749,47.6328145023241],[-122.374850339926,47.6327304209817],[-122.374821273514,47.6326526500436],[-122.374788682633,47.6325654558245],[-122.374758497252,47.6324846892667],[-122.374744513098,47.6324467368728],[-122.375591499526,47.6324461452942],[-122.375623726069,47.6324842096445],[-122.375690410785,47.6325670534986],[-122.375747831614,47.6326485695573],[-122.37579846815,47.6327313922395],[-122.375841511988,47.6328135692081],[-122.375877777948,47.6328957667135],[-122.375907549362,47.6329779644703],[-122.37593105774,47.6330601730559],[-122.375518973764,47.6330607741838]]]}},{"type":"Feature","properties":{"OBJECTID":12394,"PIN":"5457801185","ADDRESS":"372   ALOHA ST","PROP_NAME":"QUEEN VUE COURT","LAND_SQFT":10154,"LAND_USE_DESC":"Apartment","ZONING":"LR3","SF_UNITS":0,"YR_BUILT":"1979","REDEV_FL_AREA":13200,"AVAIL_SQFT":2031,"STATUS_TEXT_1":"Completely Developed","STATUS_TEXT_2":"(more than 100% of allowed density)","UV_NAME":"Outside Villages"},"geometry":{"type":"Polygon","coordinates":[[[-122.348987811666,47.6274656802392],[-122.348988016496,47.6274383258593],[-122.348989238538,47.627274100959],[-122.348989441609,47.6272466862779],[-122.349296028604,47.6272477392245],[-122.349507963897,47.6272484700313],[-122.349507749015,47.6272758876164],[-122.349506503183,47.6274402143156],[-122.349506352357,47.6274607842216],[-122.349506297688,47.6274676756478],[-122.348987811666,47.6274656802392]]]}},{"type":"Feature","properties":{"OBJECTID":12456,"PIN":"7321900050","ADDRESS":"6501   PHINNEY AVE N","PROP_NAME":"RETAIL AND SFR","LAND_SQFT":2516,"LAND_USE_DESC":"Single Family(C/I Zone)","ZONING":"LR3 RC","SF_UNITS":1,"YR_BUILT":"1980","REDEV_FL_AREA":4026,"AVAIL_SQFT":3019,"STATUS_TEXT_1":"Under Developed","STATUS_TEXT_2":"(21% - 40% of allowed density)","UV_NAME":"Greenwood-Phinney Ridge"},"geometry":{"type":"Polygon","coordinates":[[[-122.354515406657,47.676067519879],[-122.354515685259,47.6759989492165],[-122.354517122568,47.675998951962],[-122.354922097912,47.6760003936541],[-122.354921811649,47.6760689616851],[-122.354515406657,47.676067519879]]]}},{"type":"Feature","properties":{"OBJECTID":12579,"PIN":"0993001547","ADDRESS":"8552 B  MIDVALE AVE N","PROP_NAME":"townhouse","LAND_SQFT":1296,"LAND_USE_DESC":"Townhouse Plat","ZONING":"LR2","SF_UNITS":0,"YR_BUILT":"2007","REDEV_FL_AREA":1490,"AVAIL_SQFT":130,"STATUS_TEXT_1":"Substantially Developed","STATUS_TEXT_2":"(81% - 100% of allowed density)","UV_NAME":"Aurora-Licton Springs"},"geometry":{"type":"Polygon","coordinates":[[[-122.342058750183,47.6921228110622],[-122.341850664405,47.6921212277188],[-122.341850614514,47.692117131818],[-122.341849851999,47.692052688252],[-122.341849836881,47.6920513284157],[-122.342062065769,47.6920529446533],[-122.342062044435,47.6920543077142],[-122.342060907133,47.6921228263799],[-122.342058750183,47.6921228110622]]]}},{"type":"Feature","properties":{"OBJECTID":12694,"PIN":"0660000445","ADDRESS":"2230   8TH AVE","PROP_NAME":"Seattle Piano Gallery","LAND_SQFT":6486,"LAND_USE_DESC":"Retail Store","ZONING":"DMC 240/290-400","SF_UNITS":0,"YR_BUILT":"1990","REDEV_FL_AREA":129720,"AVAIL_SQFT":125180,"STATUS_TEXT_1":"Significantly Under Developed","STATUS_TEXT_2":"(under 20% of allowed density)","UV_NAME":"Denny Triangle"},"geometry":{"type":"Polygon","coordinates":[[[-122.339802754045,47.6181754428442],[-122.340091145205,47.6179521184362],[-122.340274212175,47.6180602443041],[-122.339985776048,47.6182836904218],[-122.339802754045,47.6181754428442]]]}},{"type":"Feature","properties":{"OBJECTID":12747,"PIN":"1972200287","ADDRESS":"3600   PALATINE AVE N","PROP_NAME":"WORKLOFT-NEW SEG","LAND_SQFT":612,"LAND_USE_DESC":"Townhouse Plat","ZONING":"C1-40","SF_UNITS":0,"YR_BUILT":"2009","REDEV_FL_AREA":1836,"AVAIL_SQFT":490,"STATUS_TEXT_1":"Site with No Additional Development Allowed","STATUS_TEXT_2":"","UV_NAME":"Fremont"},"geometry":{"type":"Polygon","coordinates":[[[-122.356271172673,47.6530082661718],[-122.356271662055,47.6529088064433],[-122.356339585406,47.6529087988276],[-122.356339336527,47.652964998553],[-122.356339146099,47.6530082318393],[-122.356271172673,47.6530082661718]]]}},{"type":"Feature","properties":{"OBJECTID":12780,"PIN":"0263000347","ADDRESS":"734 B N 95TH ST","PROP_NAME":"Townhouse plat","LAND_SQFT":1353,"LAND_USE_DESC":"Townhouse Plat","ZONING":"LR2","SF_UNITS":0,"YR_BUILT":"2007","REDEV_FL_AREA":1556,"AVAIL_SQFT":271,"STATUS_TEXT_1":"Substantially Developed","STATUS_TEXT_2":"(81% - 100% of allowed density)","UV_NAME":"Aurora-Licton Springs"},"geometry":{"type":"Polygon","coordinates":[[[-122.348242184279,47.6982715787597],[-122.348240039239,47.6980843771725],[-122.348317150586,47.6980839664675],[-122.348321211659,47.698083945393],[-122.348323388518,47.6982718101266],[-122.348242184279,47.6982715787597]]]}},{"type":"Feature","properties":{"OBJECTID":12827,"PIN":"2771603306","ADDRESS":"2406 D W BOSTON ST","PROP_NAME":"Townhouse","LAND_SQFT":1273,"LAND_USE_DESC":"Townhouse Plat","ZONING":"LR2","SF_UNITS":0,"YR_BUILT":"2006","REDEV_FL_AREA":1464,"AVAIL_SQFT":0,"STATUS_TEXT_1":"Substantially Developed","STATUS_TEXT_2":"(81% - 100% of allowed density)","UV_NAME":"Outside Villages"},"geometry":{"type":"Polygon","coordinates":[[[-122.388359516611,47.6387750960184],[-122.388278385561,47.6387754610413],[-122.388225439343,47.6387756960847],[-122.388225831075,47.6387195939309],[-122.388225906035,47.6387090744136],[-122.388440359645,47.638708251189],[-122.388440635576,47.6387747338447],[-122.388359516611,47.6387750960184]]]}},{"type":"Feature","properties":{"OBJECTID":12922,"PIN":"2768301570","ADDRESS":"922  NW 50TH ST","PROP_NAME":"VISION PRESS","LAND_SQFT":4303,"LAND_USE_DESC":"Warehouse","ZONING":"IB U/45","SF_UNITS":0,"YR_BUILT":"1985","REDEV_FL_AREA":4303,"AVAIL_SQFT":0,"STATUS_TEXT_1":"Completely Developed","STATUS_TEXT_2":"(more than 100% of allowed density)","UV_NAME":"Ballard-Interbay-Northend"},"geometry":{"type":"Polygon","coordinates":[[[-122.369615681333,47.6653677396501],[-122.369615957402,47.6651317950849],[-122.369818867719,47.6651320086389],[-122.369818583241,47.6653679122001],[-122.369615681333,47.6653677396501]]]}},{"type":"Feature","properties":{"OBJECTID":13002,"PIN":"1972205110","ADDRESS":"49  W DRAVUS ST","PROP_NAME":"11 UNIT APT","LAND_SQFT":9023,"LAND_USE_DESC":"Apartment","ZONING":"MIO-37-LR3","SF_UNITS":0,"YR_BUILT":"1988","REDEV_FL_AREA":11730,"AVAIL_SQFT":0,"STATUS_TEXT_1":"Major Institution/Planned Development Zoning","STATUS_TEXT_2":null,"UV_NAME":"Outside Villages"},"geometry":{"type":"Polygon","coordinates":[[[-122.359702930628,47.6485711434607],[-122.359703496818,47.6482418157928],[-122.359765254114,47.64824186814],[-122.359886979354,47.6482419775282],[-122.360008700537,47.6482420868406],[-122.360007234508,47.6485713827278],[-122.359885484481,47.6485712847582],[-122.359763738672,47.648571192086],[-122.359702930628,47.6485711434607]]]}},{"type":"Feature","properties":{"OBJECTID":13037,"PIN":"0993001986","ADDRESS":"8511 B  MIDVALE AVE N","PROP_NAME":"townhouse // 8511 b midvale ave n","LAND_SQFT":879,"LAND_USE_DESC":"Townhouse Plat","ZONING":"LR3","SF_UNITS":0,"YR_BUILT":"2007","REDEV_FL_AREA":1406,"AVAIL_SQFT":176,"STATUS_TEXT_1":"Substantially Developed","STATUS_TEXT_2":"(81% - 100% of allowed density)","UV_NAME":"Aurora-Licton Springs"},"geometry":{"type":"Polygon","coordinates":[[[-122.342496257082,47.6909227334628],[-122.34249589706,47.6908925843529],[-122.342495676581,47.6908733904647],[-122.342694731553,47.6908749029723],[-122.342694411945,47.6908940957881],[-122.342693914082,47.6909242069047],[-122.342496257082,47.6909227334628]]]}},{"type":"Feature","properties":{"OBJECTID":13071,"PIN":"1972202508","ADDRESS":"921 A N 35TH ST","PROP_NAME":"Townhome","LAND_SQFT":1289,"LAND_USE_DESC":"Townhouse Plat","ZONING":"LR3","SF_UNITS":0,"YR_BUILT":"2004","REDEV_FL_AREA":2062,"AVAIL_SQFT":387,"STATUS_TEXT_1":"Moderately Developed","STATUS_TEXT_2":"(41% - 80% of allowed density)","UV_NAME":"Fremont"},"geometry":{"type":"Polygon","coordinates":[[[-122.346433008288,47.6497331969787],[-122.346431667371,47.6497329954349],[-122.346469400263,47.6496183219603],[-122.346481227482,47.6496199416275],[-122.346498444509,47.6495686071386],[-122.346573690606,47.6495799188856],[-122.346518794563,47.6497460961817],[-122.346433008288,47.6497331969787]]]}},{"type":"Feature","properties":{"OBJECTID":13120,"PIN":"5457801955","ADDRESS":"554   PROSPECT ST","PROP_NAME":"5 UNIT APARTMENT","LAND_SQFT":3812,"LAND_USE_DESC":"Apartment","ZONING":"LR3","SF_UNITS":0,"YR_BUILT":"1974","REDEV_FL_AREA":6099,"AVAIL_SQFT":381,"STATUS_TEXT_1":"Substantially Developed","STATUS_TEXT_2":"(81% - 100% of allowed density)","UV_NAME":"Uptown"},"geometry":{"type":"Polygon","coordinates":[[[-122.34584256595,47.629179400355],[-122.345738315314,47.6291789977555],[-122.345635596139,47.6291786021341],[-122.345635914597,47.629151188693],[-122.345713291037,47.6291516221526],[-122.345713529409,47.6291370108853],[-122.345724679946,47.6291370724974],[-122.345726664796,47.629014351793],[-122.345740157589,47.6290144055897],[-122.345967942546,47.6290153054044],[-122.345967051669,47.6290950030299],[-122.345966104408,47.6291798755924],[-122.34584256595,47.629179400355]]]}},{"type":"Feature","properties":{"OBJECTID":13183,"PIN":"6824100103","ADDRESS":"822  NW 96TH ST","PROP_NAME":"FOUR-PLEX","LAND_SQFT":9404,"LAND_USE_DESC":"4-Plex","ZONING":"LR2","SF_UNITS":0,"YR_BUILT":"1982","REDEV_FL_AREA":10815,"AVAIL_SQFT":6583,"STATUS_TEXT_1":"Moderately Developed","STATUS_TEXT_2":"(41% - 80% of allowed density)","UV_NAME":"Outside Villages"},"geometry":{"type":"Polygon","coordinates":[[[-122.366915246985,47.6996483297555],[-122.366669415354,47.6996474499642],[-122.366471335527,47.6996467390006],[-122.367116831376,47.6993191408149],[-122.36718367946,47.6993193792031],[-122.367251799032,47.6993196223772],[-122.367183943456,47.6994041124709],[-122.367054461015,47.6995653392697],[-122.366992887986,47.6995656193601],[-122.366983293903,47.6996485740734],[-122.366915246985,47.6996483297555]]]}},{"type":"Feature","properties":{"OBJECTID":13255,"PIN":"6760700000","ADDRESS":"8720   PHINNEY AVE N","PROP_NAME":"PHINNEY RIDGE CONDOMINIUM","LAND_SQFT":11901,"LAND_USE_DESC":"Condominium(Residential)","ZONING":"LR3","SF_UNITS":0,"YR_BUILT":"1985","REDEV_FL_AREA":19042,"AVAIL_SQFT":0,"STATUS_TEXT_1":"Completely Developed","STATUS_TEXT_2":"(more than 100% of allowed density)","UV_NAME":"Greenwood-Phinney Ridge"},"geometry":{"type":"Polygon","coordinates":[[[-122.353389417374,47.6931418558083],[-122.353386585702,47.6928676864137],[-122.353398770659,47.6928677240629],[-122.35363022347,47.6928684235165],[-122.353873861005,47.6928691518757],[-122.353876695249,47.6931433212581],[-122.353389417374,47.6931418558083]]]}},{"type":"Feature","properties":{"OBJECTID":13327,"PIN":"6430000590","ADDRESS":"749  N 82ND ST","PROP_NAME":"sfr","LAND_SQFT":2966,"LAND_USE_DESC":"Single Family(Res Use/Zone)","ZONING":"SF 5000","SF_UNITS":1,"YR_BUILT":"1905","REDEV_FL_AREA":2966,"AVAIL_SQFT":1483,"STATUS_TEXT_1":"Substantially Developed","STATUS_TEXT_2":"(81% - 100% of allowed density)","UV_NAME":"Outside Villages"},"geometry":{"type":"Polygon","coordinates":[[[-122.347715130173,47.6883063483741],[-122.347714859347,47.6880263512744],[-122.347775759945,47.6880263261656],[-122.347821060722,47.6880263054369],[-122.347836660544,47.6880263010242],[-122.347836948744,47.6883063143535],[-122.347776043518,47.6883063313261],[-122.347715130173,47.6883063483741]]]}},{"type":"Feature","properties":{"OBJECTID":13421,"PIN":"0379800000","ADDRESS":"1743  NW 57TH ST","PROP_NAME":"BAL HARBOUR PHASE I CONDOMINIUM","LAND_SQFT":14984,"LAND_USE_DESC":"Condominium(Residential)","ZONING":"NC3-65","SF_UNITS":0,"YR_BUILT":"1980","REDEV_FL_AREA":63682,"AVAIL_SQFT":47949,"STATUS_TEXT_1":"Under Developed","STATUS_TEXT_2":"(21% - 40% of allowed density)","UV_NAME":"Ballard"},"geometry":{"type":"Polygon","coordinates":[[[-122.380437483758,47.6700863218301],[-122.380437574661,47.6698123936697],[-122.380549191232,47.6698125394259],[-122.380640460694,47.6698126570786],[-122.38066075497,47.6698126830484],[-122.380843346811,47.6698129228671],[-122.381046228872,47.6698131883494],[-122.381046180614,47.6700870775859],[-122.380437483758,47.6700863218301]]]}},{"type":"Feature","properties":{"OBJECTID":13498,"PIN":"1926049122","ADDRESS":"13102   STONE AVE N","PROP_NAME":"CASH & CURRY/131ST STREET & STONE AVE OFFICE/ABBEY","LAND_SQFT":143324,"LAND_USE_DESC":"Warehouse","ZONING":"C2-40","SF_UNITS":0,"YR_BUILT":"1978","REDEV_FL_AREA":429972,"AVAIL_SQFT":343978,"STATUS_TEXT_1":"Significantly Under Developed","STATUS_TEXT_2":"(under 20% of allowed density)","UV_NAME":"Bitter Lake Village"},"geometry":{"type":"Polygon","coordinates":[[[-122.342172148568,47.7250342918035],[-122.340271185778,47.7250351387348],[-122.340265204245,47.7248276536266],[-122.340265397166,47.7246193822308],[-122.340265548319,47.7244548956908],[-122.340265783296,47.7242057898233],[-122.342187285401,47.7242047722759],[-122.342194499103,47.7250342812521],[-122.342172148568,47.7250342918035]]]}},{"type":"Feature","properties":{"OBJECTID":13570,"PIN":"2770600846","ADDRESS":"2640   23RD AVE W","PROP_NAME":"BAYPARK","LAND_SQFT":5996,"LAND_USE_DESC":"4-Plex","ZONING":"LR1","SF_UNITS":0,"YR_BUILT":"1990","REDEV_FL_AREA":5996,"AVAIL_SQFT":0,"STATUS_TEXT_1":"Completely Developed","STATUS_TEXT_2":"(more than 100% of allowed density)","UV_NAME":"Outside Villages"},"geometry":{"type":"Polygon","coordinates":[[[-122.385583168087,47.6442500258496],[-122.385331694982,47.6442504321449],[-122.385331264768,47.644113393354],[-122.385574894449,47.6441130007497],[-122.385618587645,47.6441129288088],[-122.385817850607,47.6441126085815],[-122.385818290133,47.644249644519],[-122.385583168087,47.6442500258496]]]}},{"type":"Feature","properties":{"OBJECTID":13629,"PIN":"7996720050","ADDRESS":"11819   STENDALL DR N","PROP_NAME":"townhouse","LAND_SQFT":3186,"LAND_USE_DESC":"Townhouse Plat","ZONING":"LR3 PUD","SF_UNITS":0,"YR_BUILT":"1982","REDEV_FL_AREA":4142,"AVAIL_SQFT":1593,"STATUS_TEXT_1":"Under Developed","STATUS_TEXT_2":"(21% - 40% of allowed density)","UV_NAME":"Outside Villages"},"geometry":{"type":"Polygon","coordinates":[[[-122.341580381783,47.7151028873954],[-122.341889052051,47.715098803811],[-122.341892237077,47.7152084418975],[-122.341868193239,47.7152087600179],[-122.341566995402,47.7152127446913],[-122.341563811062,47.7151031065958],[-122.341580381783,47.7151028873954]]]}},{"type":"Feature","properties":{"OBJECTID":13728,"PIN":"0993000254","ADDRESS":"8835 B  STONE AVE N","PROP_NAME":"townhouse","LAND_SQFT":1377,"LAND_USE_DESC":"Townhouse Plat","ZONING":"LR2","SF_UNITS":0,"YR_BUILT":"2003","REDEV_FL_AREA":1584,"AVAIL_SQFT":413,"STATUS_TEXT_1":"Substantially Developed","STATUS_TEXT_2":"(81% - 100% of allowed density)","UV_NAME":"Aurora-Licton Springs"},"geometry":{"type":"Polygon","coordinates":[[[-122.341643524388,47.6934878334317],[-122.341642717248,47.6934194666481],[-122.341693469205,47.6934199466121],[-122.341866008818,47.6934215785467],[-122.341866817207,47.6934899782203],[-122.34169428079,47.6934883243056],[-122.341643524388,47.6934878334317]]]}},{"type":"Feature","properties":{"OBJECTID":13813,"PIN":"9301300870","ADDRESS":"2037   WAVERLY PL N","PROP_NAME":"Sfr","LAND_SQFT":3000,"LAND_USE_DESC":"Single Family(Res Use/Zone)","ZONING":"LR3","SF_UNITS":1,"YR_BUILT":"1908","REDEV_FL_AREA":3900,"AVAIL_SQFT":1800,"STATUS_TEXT_1":"Under Developed","STATUS_TEXT_2":"(21% - 40% of allowed density)","UV_NAME":"Outside Villages"},"geometry":{"type":"Polygon","coordinates":[[[-122.342373222331,47.6376271541426],[-122.342753236521,47.6375312186225],[-122.342797357615,47.6376078762083],[-122.342417342867,47.6377038091345],[-122.342373222331,47.6376271541426]]]}},{"type":"Feature","properties":{"OBJECTID":13878,"PIN":"1731800730","ADDRESS":"1302   QUEEN ANNE AVE N","PROP_NAME":"AMALFI APTS/CO-OP","LAND_SQFT":12405,"LAND_USE_DESC":"Apartment(Co-op)","ZONING":"MR","SF_UNITS":0,"YR_BUILT":"1991","REDEV_FL_AREA":52721,"AVAIL_SQFT":34734,"STATUS_TEXT_1":"Under Developed","STATUS_TEXT_2":"(21% - 40% of allowed density)","UV_NAME":"Upper Queen Anne"},"geometry":{"type":"Polygon","coordinates":[[[-122.356063046278,47.6308669740386],[-122.356064793102,47.6307573217689],[-122.356068492277,47.6305250858308],[-122.356271263837,47.6305265821544],[-122.356474035328,47.6305280753758],[-122.356468595371,47.6308695248338],[-122.356265824834,47.6308682481921],[-122.356063046278,47.6308669740386]]]}},{"type":"Feature","properties":{"OBJECTID":13921,"PIN":"1972203090","ADDRESS":"606  N 35TH ST","PROP_NAME":"Thompson Building","LAND_SQFT":2513,"LAND_USE_DESC":"Apartment(Mixed Use)","ZONING":"NC3P-65","SF_UNITS":0,"YR_BUILT":"1990","REDEV_FL_AREA":10680,"AVAIL_SQFT":6031,"STATUS_TEXT_1":"Moderately Developed","STATUS_TEXT_2":"(41% - 80% of allowed density)","UV_NAME":"Fremont"},"geometry":{"type":"Polygon","coordinates":[[[-122.3509905243,47.6508050825248],[-122.35093914067,47.6509616538816],[-122.350843531161,47.6508924567369],[-122.350838392422,47.6508887275185],[-122.350743954357,47.6508203797901],[-122.350737644496,47.6508158024365],[-122.350653423141,47.6507548398568],[-122.350752789245,47.650769649866],[-122.350765240595,47.6507715061877],[-122.350871655698,47.6507873655857],[-122.350876717729,47.6507881193624],[-122.3509905243,47.6508050825248]]]}},{"type":"Feature","properties":{"OBJECTID":13984,"PIN":"3879901925","ADDRESS":"600  W OLYMPIC PL","PROP_NAME":"SKYLINE HOUSE APTS","LAND_SQFT":19820,"LAND_USE_DESC":"Apartment","ZONING":"LR3","SF_UNITS":0,"YR_BUILT":"1979","REDEV_FL_AREA":25670,"AVAIL_SQFT":0,"STATUS_TEXT_1":"Completely Developed","STATUS_TEXT_2":"(more than 100% of allowed density)","UV_NAME":"Outside Villages"},"geometry":{"type":"Polygon","coordinates":[[[-122.365163767661,47.6278219489275],[-122.364994280493,47.6277572720513],[-122.36498233915,47.627771603556],[-122.364975274953,47.6277689072248],[-122.364798724094,47.6277015364666],[-122.364777535696,47.6276934501239],[-122.364789476997,47.6276791158997],[-122.365037958453,47.627380965644],[-122.365059150738,47.6273890491428],[-122.36523569577,47.6274563839199],[-122.36541224142,47.6275237239051],[-122.36558879142,47.6275910580798],[-122.365340323375,47.6278893163238],[-122.365163767661,47.6278219489275]]]}},{"type":"Feature","properties":{"OBJECTID":14009,"PIN":"0993000635","ADDRESS":"8816   AURORA AVE N","PROP_NAME":"MIXED-USE BUILDING (OFFICE & MINI STORAGE WAREHOUS","LAND_SQFT":9477,"LAND_USE_DESC":"Warehouse","ZONING":"C1-65","SF_UNITS":0,"YR_BUILT":"2000","REDEV_FL_AREA":40277,"AVAIL_SQFT":34117,"STATUS_TEXT_1":"Significantly Under Developed","STATUS_TEXT_2":"(under 20% of allowed density)","UV_NAME":"Aurora-Licton Springs"},"geometry":{"type":"Polygon","coordinates":[[[-122.343597073685,47.6930255691668],[-122.343597007695,47.6930200860215],[-122.343596324553,47.6929624991559],[-122.343596258643,47.6929570187515],[-122.343596192653,47.6929515356062],[-122.343595513653,47.6928939514277],[-122.343595447663,47.6928884682823],[-122.343603535252,47.692888522887],[-122.344011624118,47.6928913019372],[-122.344366889676,47.6928937187323],[-122.344367706764,47.6929621649322],[-122.344368519794,47.6930306111856],[-122.344013247971,47.6930282904367],[-122.343605169415,47.6930256236639],[-122.343597073685,47.6930255691668]]]}},{"type":"Feature","properties":{"OBJECTID":14072,"PIN":"1972200545","ADDRESS":"3641   FRANCIS AVE N","PROP_NAME":"FRANCIS I","LAND_SQFT":4996,"LAND_USE_DESC":"Apartment","ZONING":"LR3","SF_UNITS":0,"YR_BUILT":"1984","REDEV_FL_AREA":7994,"AVAIL_SQFT":2498,"STATUS_TEXT_1":"Substantially Developed","STATUS_TEXT_2":"(81% - 100% of allowed density)","UV_NAME":"Fremont"},"geometry":{"type":"Polygon","coordinates":[[[-122.353525956841,47.6533737231514],[-122.353526640642,47.6532365279555],[-122.353931620584,47.653237255073],[-122.353930983436,47.6533744825668],[-122.353525956841,47.6533737231514]]]}},{"type":"Feature","properties":{"OBJECTID":14115,"PIN":"0767000110","ADDRESS":"431  NW 100TH PL","PROP_NAME":"CARKEEK PARK PLACE APARTMENTS","LAND_SQFT":61174,"LAND_USE_DESC":"Apartment(Mixed Use)","ZONING":"C1-65","SF_UNITS":0,"YR_BUILT":"1999","REDEV_FL_AREA":259990,"AVAIL_SQFT":134583,"STATUS_TEXT_1":"Moderately Developed","STATUS_TEXT_2":"(41% - 80% of allowed density)","UV_NAME":"Outside Villages"},"geometry":{"type":"Polygon","coordinates":[[[-122.362480180512,47.7027319322643],[-122.362428886359,47.7026894883494],[-122.362427823597,47.7025525221599],[-122.362425225215,47.7022176821039],[-122.362424559479,47.7021322852766],[-122.362423821949,47.7020469332844],[-122.362420826979,47.7017023451684],[-122.362535994196,47.7016439059776],[-122.36263338338,47.7015944851412],[-122.362639210548,47.7015915278379],[-122.36264400915,47.7015981978639],[-122.362827745625,47.7018535731922],[-122.362830496816,47.7021973776419],[-122.362920171478,47.7022713606021],[-122.363081428101,47.7024043920348],[-122.363143151693,47.7024553138667],[-122.363221848754,47.7025202362155],[-122.36336539248,47.7026386569428],[-122.363377661494,47.7026487775868],[-122.363348485736,47.7026648426013],[-122.363187524868,47.7027534644258],[-122.36319265857,47.7027577142116],[-122.362988095044,47.7028703432848],[-122.362826825352,47.702959141474],[-122.362783538832,47.7029829746223],[-122.362754094234,47.702958606487],[-122.362480180512,47.7027319322643]]]}},{"type":"Feature","properties":{"OBJECTID":14181,"PIN":"2767700615","ADDRESS":"5516   17TH AVE NW","PROP_NAME":"MARGARET MATTHEWS CPA","LAND_SQFT":3887,"LAND_USE_DESC":"Office Building","ZONING":"NC3-85","SF_UNITS":0,"YR_BUILT":"2000","REDEV_FL_AREA":17492,"AVAIL_SQFT":15159,"STATUS_TEXT_1":"Significantly Under Developed","STATUS_TEXT_2":"(under 20% of allowed density)","UV_NAME":"Ballard"},"geometry":{"type":"Polygon","coordinates":[[[-122.378433269195,47.6693548372038],[-122.378433370282,47.669218542866],[-122.378433370013,47.6692179876071],[-122.378749949622,47.669218406784],[-122.378749950066,47.6692190360756],[-122.378749851176,47.6693552399078],[-122.378433269195,47.6693548372038]]]}},{"type":"Feature","properties":{"OBJECTID":14290,"PIN":"4235400097","ADDRESS":"3312 B W GOVERNMENT WAY","PROP_NAME":"Townhouse","LAND_SQFT":967,"LAND_USE_DESC":"Townhouse Plat","ZONING":"LR3 RC","SF_UNITS":0,"YR_BUILT":"2003","REDEV_FL_AREA":1257,"AVAIL_SQFT":0,"STATUS_TEXT_1":"Substantially Developed","STATUS_TEXT_2":"(81% - 100% of allowed density)","UV_NAME":"Outside Villages"},"geometry":{"type":"Polygon","coordinates":[[[-122.40033733558,47.6601078190538],[-122.400359877259,47.6601001190803],[-122.400375665472,47.6600947193747],[-122.400422395764,47.6600787510788],[-122.400493486385,47.6601804381679],[-122.400442902298,47.6601987655847],[-122.400428601811,47.6602035662562],[-122.400408570875,47.660209731794],[-122.40033733558,47.6601078190538]]]}},{"type":"Feature","properties":{"OBJECTID":14326,"PIN":"1977200926","ADDRESS":"1931   2ND AVE","PROP_NAME":"TERMINAL SALES BUILDING ANNEX (SAME OWNERSHIP W/AC","LAND_SQFT":4870,"LAND_USE_DESC":"Office Building","ZONING":"DMC 240/290-400","SF_UNITS":0,"YR_BUILT":"1969","REDEV_FL_AREA":97400,"AVAIL_SQFT":77920,"STATUS_TEXT_1":"Landmark/Historic Status or has Transferred Development Rights","STATUS_TEXT_2":null,"UV_NAME":"Belltown"},"geometry":{"type":"Polygon","coordinates":[[[-122.341543156389,47.611445192596],[-122.341831437689,47.6112221360661],[-122.341877215718,47.6112492070928],[-122.341968999144,47.6113034941473],[-122.341680700497,47.6115265073847],[-122.341588938517,47.6114722636848],[-122.341543156389,47.611445192596]]]}},{"type":"Feature","properties":{"OBJECTID":14384,"PIN":"4309000000","ADDRESS":"9300   STONE AVE N","PROP_NAME":"LICHTON PLACE CONDOMINIUM","LAND_SQFT":8189,"LAND_USE_DESC":"Condominium(Residential)","ZONING":"LR3","SF_UNITS":0,"YR_BUILT":"1993","REDEV_FL_AREA":13102,"AVAIL_SQFT":6551,"STATUS_TEXT_1":"Moderately Developed","STATUS_TEXT_2":"(41% - 80% of allowed density)","UV_NAME":"Aurora-Licton Springs"},"geometry":{"type":"Polygon","coordinates":[[[-122.341362839414,47.6966811804353],[-122.341358943062,47.6963445106767],[-122.341367075528,47.6963445538855],[-122.341376251968,47.6963446024746],[-122.341382312728,47.6963446347054],[-122.341388369428,47.6963446669895],[-122.341394430188,47.6963446992197],[-122.341400486809,47.6963447287622],[-122.341406547569,47.6963447609917],[-122.341412600209,47.6963447933283],[-122.341418665029,47.6963448255034],[-122.341424721729,47.6963448577856],[-122.341430782489,47.6963448900138],[-122.341436839189,47.6963449222954],[-122.34144289987,47.696344951782],[-122.341448956649,47.6963449868039],[-122.341455017409,47.6963450190308],[-122.341461074109,47.6963450513111],[-122.34146713487,47.6963450835373],[-122.34147319157,47.6963451158169],[-122.34147925233,47.6963451480426],[-122.34148530903,47.6963451803216],[-122.34149136979,47.6963452125465],[-122.34149742649,47.6963452448249],[-122.341503487251,47.6963452770492],[-122.341509543871,47.696345306586],[-122.341515604631,47.6963453388097],[-122.341521661332,47.6963453710868],[-122.341527722092,47.6963454033098],[-122.341533782852,47.6963454355325],[-122.341539839473,47.6963454650676],[-122.341545900313,47.6963455000307],[-122.341551961073,47.6963455322524],[-122.341558017773,47.6963455645276],[-122.341564074473,47.6963455968024],[-122.341570135234,47.6963456290231],[-122.341579307613,47.6963456776497],[-122.341585368374,47.6963457098696],[-122.341591425154,47.696345744884],[-122.341597485834,47.6963457743623],[-122.341603542535,47.6963458066351],[-122.341609603295,47.6963458388537],[-122.341615664055,47.696345871072],[-122.341621720756,47.6963459033438],[-122.341627781436,47.6963459328206],[-122.341633838137,47.6963459650917],[-122.341639898897,47.6963459973088],[-122.341645955597,47.6963460295793],[-122.341652016358,47.6963460617957],[-122.341658073058,47.6963460940655],[-122.341664133819,47.6963461262813],[-122.341670190519,47.6963461585504],[-122.341676251279,47.6963461907656],[-122.34168230798,47.6963462230341],[-122.34168836882,47.6963462579896],[-122.341694425441,47.6963462875165],[-122.341700486201,47.6963463197304],[-122.341706542901,47.6963463519976],[-122.341712607722,47.6963463841571],[-122.341718660362,47.6963464164774],[-122.341724721123,47.69634644869],[-122.341730777823,47.696346480956],[-122.341736838504,47.6963465104269],[-122.341742895205,47.6963465426922],[-122.341748955965,47.6963465749035],[-122.341755016726,47.6963466071144],[-122.341761073426,47.6963466393788],[-122.341767130127,47.6963466716428],[-122.341773190887,47.6963467038528],[-122.341774842581,47.6964898861131],[-122.341460246993,47.6964882197499],[-122.341460687804,47.6965320833025],[-122.341454237024,47.6965320480103],[-122.341454740804,47.6965819979873],[-122.341775921728,47.6965836978669],[-122.3417765098,47.6966344419132],[-122.341575792541,47.6966333690349],[-122.341492306227,47.6966329217957],[-122.341436491106,47.6966815714429],[-122.341362839414,47.6966811804353]]]}},{"type":"Feature","properties":{"OBJECTID":14507,"PIN":"6145601610","ADDRESS":"10217   AURORA AVE N","PROP_NAME":"NORTH PARK GROCERY","LAND_SQFT":7981,"LAND_USE_DESC":"Grocery Store","ZONING":"NC3P-40","SF_UNITS":0,"YR_BUILT":"1970","REDEV_FL_AREA":23943,"AVAIL_SQFT":21549,"STATUS_TEXT_1":"Significantly Under Developed","STATUS_TEXT_2":"(under 20% of allowed density)","UV_NAME":"Aurora-Licton Springs"},"geometry":{"type":"Polygon","coordinates":[[[-122.344857323036,47.7034056319589],[-122.344857260881,47.7034001460222],[-122.34485602054,47.7032959661109],[-122.344855417435,47.703245090639],[-122.344855351379,47.7032396102381],[-122.344855285243,47.7032341270961],[-122.344854784185,47.7031917834043],[-122.344854718129,47.7031863030033],[-122.344862846971,47.7031863240889],[-122.345260876633,47.7031875221102],[-122.345262183962,47.7032971851593],[-122.345263491296,47.7034068482078],[-122.344865451912,47.7034056530442],[-122.344857323036,47.7034056319589]]]}},{"type":"Feature","properties":{"OBJECTID":14558,"PIN":"9267200215","ADDRESS":"1152 B N 93RD ST","PROP_NAME":"townhouse","LAND_SQFT":1226,"LAND_USE_DESC":"Townhouse Plat","ZONING":"LR3","SF_UNITS":0,"YR_BUILT":"2007","REDEV_FL_AREA":1962,"AVAIL_SQFT":0,"STATUS_TEXT_1":"Moderately Developed","STATUS_TEXT_2":"(41% - 80% of allowed density)","UV_NAME":"Aurora-Licton Springs"},"geometry":{"type":"Polygon","coordinates":[[[-122.342222302692,47.6965661796139],[-122.342222299746,47.6965660781986],[-122.342220748177,47.696431139823],[-122.342322215634,47.6964316199229],[-122.342323769697,47.6965666350439],[-122.342224930866,47.6965661914346],[-122.342222302692,47.6965661796139]]]}},{"type":"Feature","properties":{"OBJECTID":14665,"PIN":"6749700107","ADDRESS":"718 B N 94TH ST","PROP_NAME":"TOWNHOUSE","LAND_SQFT":1079,"LAND_USE_DESC":"Townhouse Plat","ZONING":"LR2","SF_UNITS":0,"YR_BUILT":"1998","REDEV_FL_AREA":1241,"AVAIL_SQFT":0,"STATUS_TEXT_1":"Substantially Developed","STATUS_TEXT_2":"(81% - 100% of allowed density)","UV_NAME":"Aurora-Licton Springs"},"geometry":{"type":"Polygon","coordinates":[[[-122.349000164717,47.6971294590694],[-122.348979823186,47.6971295650475],[-122.348979514196,47.6971035227735],[-122.348978472509,47.6970157565585],[-122.348992685811,47.6970156772325],[-122.348995333829,47.6970138624529],[-122.348995708114,47.6970136052104],[-122.348995040141,47.6969574412111],[-122.349063057089,47.6969576280261],[-122.349063678751,47.6970098359167],[-122.349057587347,47.6970098703091],[-122.349052215696,47.6970135529752],[-122.34904952398,47.6970154012415],[-122.349050565308,47.6971031510102],[-122.349050878473,47.697129195971],[-122.349000164717,47.6971294590694]]]}},{"type":"Feature","properties":{"OBJECTID":14727,"PIN":"2301400010","ADDRESS":"7217   GREENWOOD AVE N","PROP_NAME":"THE RIDGE","LAND_SQFT":3932,"LAND_USE_DESC":"Retail Store","ZONING":"NC2-40","SF_UNITS":0,"YR_BUILT":"1985","REDEV_FL_AREA":11796,"AVAIL_SQFT":8257,"STATUS_TEXT_1":"Under Developed","STATUS_TEXT_2":"(21% - 40% of allowed density)","UV_NAME":"Greenwood-Phinney Ridge"},"geometry":{"type":"Polygon","coordinates":[[[-122.355780247273,47.681342649953],[-122.355462005035,47.681343298695],[-122.355462245864,47.6813021734087],[-122.355462641993,47.6812336368189],[-122.355864197706,47.681232823577],[-122.355864048652,47.6812670925923],[-122.355863895459,47.6813013589207],[-122.355863707712,47.6813424835029],[-122.355780247273,47.681342649953]]]}},{"type":"Feature","properties":{"OBJECTID":14796,"PIN":"1175000592","ADDRESS":"2806  NW 56TH ST","PROP_NAME":"Townhouse","LAND_SQFT":1321,"LAND_USE_DESC":"Townhouse Plat","ZONING":"LR3","SF_UNITS":0,"YR_BUILT":"1998","REDEV_FL_AREA":2114,"AVAIL_SQFT":660,"STATUS_TEXT_1":"Moderately Developed","STATUS_TEXT_2":"(41% - 80% of allowed density)","UV_NAME":"Ballard"},"geometry":{"type":"Polygon","coordinates":[[[-122.393188873291,47.6696963421585],[-122.393189443677,47.6695455930055],[-122.393282365363,47.6695458506499],[-122.393282913783,47.6696834171719],[-122.393283022039,47.6697102877597],[-122.393242439942,47.6697101826428],[-122.393242414284,47.6696964782385],[-122.393188873291,47.6696963421585]]]}},{"type":"Feature","properties":{"OBJECTID":14861,"PIN":"2771603308","ADDRESS":"2209   THORNDYKE AVE W","PROP_NAME":"Townhouse","LAND_SQFT":1594,"LAND_USE_DESC":"Townhouse Plat","ZONING":"LR2","SF_UNITS":0,"YR_BUILT":"2006","REDEV_FL_AREA":1833,"AVAIL_SQFT":159,"STATUS_TEXT_1":"Substantially Developed","STATUS_TEXT_2":"(81% - 100% of allowed density)","UV_NAME":"Outside Villages"},"geometry":{"type":"Polygon","coordinates":[[[-122.387909993583,47.6387771110032],[-122.387956997902,47.6387142329168],[-122.388042957534,47.6387138926702],[-122.388056211321,47.6387226891387],[-122.388059749126,47.638720247019],[-122.388225831075,47.6387195939309],[-122.388225439343,47.6387756960847],[-122.387909993583,47.6387771110032]]]}},{"type":"Feature","properties":{"OBJECTID":14949,"PIN":"0467000335","ADDRESS":"4733   SHILSHOLE AVE NW","PROP_NAME":"BALLARD MILL & MARINA","LAND_SQFT":474251,"LAND_USE_DESC":"Warehouse","ZONING":"IG1 U/65","SF_UNITS":0,"YR_BUILT":"1984","REDEV_FL_AREA":129732,"AVAIL_SQFT":51893,"STATUS_TEXT_1":"Moderately Developed","STATUS_TEXT_2":"(41% - 80% of allowed density)","UV_NAME":"Ballard-Interbay-Northend"},"geometry":{"type":"Polygon","coordinates":[[[-122.377400348582,47.6617781355393],[-122.377456942523,47.6616933138974],[-122.377454955206,47.6616925456485],[-122.377646730775,47.6614088401296],[-122.378082974058,47.6607634674428],[-122.378089750646,47.6607534425011],[-122.378097003465,47.6607427118804],[-122.378282386587,47.6607983423304],[-122.378467778383,47.6608539778505],[-122.378653174552,47.6609096102727],[-122.378838632709,47.6609652662357],[-122.379024119745,47.6610209242522],[-122.379209603202,47.6610765847625],[-122.379390225758,47.6611307836427],[-122.37939509517,47.6611322448605],[-122.379580587618,47.6611879073973],[-122.379766653771,47.6612437400804],[-122.379891137673,47.6612810937475],[-122.379897773053,47.6612855677735],[-122.379941077223,47.6613147733877],[-122.380054835892,47.6613914809363],[-122.380130720165,47.6613909330134],[-122.380175735372,47.6613906082182],[-122.380349648332,47.6613893526029],[-122.380368423373,47.6614715507203],[-122.380424265715,47.6614902524788],[-122.380476082379,47.6615117043183],[-122.380557238696,47.6615420914854],[-122.380622964706,47.6615719807682],[-122.380711434626,47.661602890917],[-122.380800888309,47.6616477555838],[-122.380871152642,47.661683651202],[-122.380947623537,47.6617288319967],[-122.38101147646,47.6617713187654],[-122.38107700612,47.6618181782052],[-122.381143368078,47.6618666770066],[-122.381187240402,47.6619018370079],[-122.381252815467,47.6619522549018],[-122.381335661662,47.6620204038775],[-122.381382014432,47.6620591139422],[-122.381417179884,47.6620797990584],[-122.381477048819,47.6621283173732],[-122.381542800675,47.6621926924318],[-122.38161544395,47.6622567681244],[-122.381682778538,47.6623178530797],[-122.381750109178,47.6623786638468],[-122.381826499979,47.6624498451915],[-122.381898319964,47.6625128296051],[-122.381891404787,47.6626299100394],[-122.381926878325,47.6626538319091],[-122.382071431747,47.6627513010961],[-122.382215981653,47.6628487701545],[-122.382360532101,47.6629462390291],[-122.382505087148,47.6630437076647],[-122.382649638599,47.6631411734308],[-122.382794190673,47.6632386417541],[-122.382997779014,47.6633759163482],[-122.382249555445,47.663778660594],[-122.382247216388,47.6637799194649],[-122.382211027981,47.6637993988265],[-122.38199483672,47.6639204326214],[-122.381953512296,47.6638851724534],[-122.381815515655,47.6637683648206],[-122.381686480478,47.6636591376017],[-122.381559340527,47.6635515159966],[-122.381433629107,47.6634450950485],[-122.38140779977,47.6634232273518],[-122.381306656333,47.6633375997785],[-122.381250988138,47.6632904748113],[-122.381177884204,47.6632308636922],[-122.381177405855,47.6632304753389],[-122.381174818354,47.6632283662257],[-122.381172226796,47.6632262571676],[-122.381169635238,47.6632241481095],[-122.381167043681,47.6632220390513],[-122.381164452041,47.6632199272521],[-122.381161860566,47.6632178209347],[-122.381159268927,47.6632157091354],[-122.38115667737,47.663213600077],[-122.381154085814,47.6632114910185],[-122.381151494257,47.6632093819599],[-122.381148902701,47.6632072729014],[-122.381146315121,47.6632051610466],[-122.381143723646,47.6632030547288],[-122.381141132009,47.6632009429291],[-122.381138540454,47.6631988338702],[-122.381135948899,47.6631967248113],[-122.381133357344,47.6631946157524],[-122.381130765789,47.6631925066933],[-122.381128174153,47.6631903948933],[-122.381125582598,47.6631882858342],[-122.381122991044,47.663186176775],[-122.38112039949,47.6631840677157],[-122.381117803879,47.6631819587115],[-122.381115216383,47.663179849597],[-122.381112628887,47.6631777404824],[-122.381110037253,47.663175628682],[-122.3811074457,47.6631735196225],[-122.381104854147,47.6631714105628],[-122.381102262595,47.6631693015031],[-122.381099671042,47.6631671924434],[-122.38109707949,47.6631650833836],[-122.381094483881,47.6631629743789],[-122.381091896468,47.6631608680048],[-122.381089304754,47.6631587534629],[-122.381086713203,47.6631566444029],[-122.381084121652,47.6631545353428],[-122.38108000765,47.663151188374],[-122.381076008631,47.6631482950213],[-122.38107324174,47.6631462952831],[-122.381070470711,47.663144292859],[-122.38106770382,47.6631422931207],[-122.381064932873,47.6631402934374],[-122.381062165902,47.663138290958],[-122.381059394955,47.6631362912746],[-122.381056628065,47.663134291536],[-122.381053861094,47.6631322890565],[-122.381051090148,47.6631302893729],[-122.381048323259,47.6631282896341],[-122.381045552232,47.6631262872094],[-122.38097945415,47.663078522356],[-122.380979197045,47.6630783393907],[-122.38097643008,47.6630763369092],[-122.380973663197,47.6630743371686],[-122.380970892176,47.6630723347421],[-122.380968125293,47.6630703350013],[-122.380965354272,47.6630683325747],[-122.380962587389,47.6630663328338],[-122.380959816369,47.6630643304071],[-122.380957049487,47.6630623306661],[-122.380954278466,47.6630603282392],[-122.380951511585,47.663058328498],[-122.380948740646,47.6630563288119],[-122.380944140188,47.6630530021582],[-122.380940117783,47.6630504134851],[-122.380937179702,47.6630485257513],[-122.38093424162,47.6630466380174],[-122.3809312994,47.6630447475977],[-122.380928361237,47.6630428571228],[-122.380925423074,47.6630409666478],[-122.380922484993,47.6630390789137],[-122.380919542774,47.6630371884936],[-122.380916604612,47.6630352980184],[-122.380913666532,47.663033410284],[-122.38091072837,47.6630315198087],[-122.380907786152,47.6630296293883],[-122.38090484799,47.6630277389128],[-122.380901909911,47.6630258511781],[-122.380898967693,47.6630239607576],[-122.380896029533,47.6630220702818],[-122.380893091454,47.6630201825469],[-122.380890153294,47.663018292071],[-122.380887211077,47.6630164016502],[-122.380884276975,47.6630145111189],[-122.380881334839,47.6630126234389],[-122.38087839668,47.6630107329627],[-122.380875454464,47.6630088425415],[-122.380872516387,47.663006954806],[-122.380869578228,47.6630050643296],[-122.38086664007,47.6630031738531],[-122.380863697854,47.6630012834316],[-122.380860759778,47.6629993956959],[-122.380856778771,47.6629968338778],[-122.380853840695,47.6629949461419],[-122.380850898399,47.6629930529792],[-122.380847960324,47.6629911652431],[-122.380845022248,47.662989277507],[-122.38084208401,47.6629873842889],[-122.380839145936,47.6629854965526],[-122.380836203804,47.6629836088714],[-122.380833265648,47.6629817183939],[-122.380830327492,47.6629798279165],[-122.380827389418,47.6629779401799],[-122.380824972687,47.6629763853731],[-122.380824451263,47.6629760497023],[-122.380821509051,47.6629741592797],[-122.380818570977,47.6629722715429],[-122.380815632823,47.6629703810651],[-122.380812694668,47.6629684905871],[-122.380809752538,47.6629666029052],[-122.380806814384,47.6629647124272],[-122.380803876231,47.662962821949],[-122.380800942216,47.6629609341566],[-122.380798000005,47.6629590437334],[-122.380795057795,47.6629571533102],[-122.380792119724,47.6629552655727],[-122.380789181571,47.6629533750942],[-122.380786243418,47.6629514846156],[-122.380783305348,47.6629495968778],[-122.380780363138,47.6629477064542],[-122.380777424987,47.6629458159754],[-122.380773377846,47.6629432139224],[-122.380768220887,47.6629402814499],[-122.380765120139,47.6629385193136],[-122.380762015252,47.6629367544914],[-122.380758910365,47.6629349896691],[-122.380755813675,47.6629332274775],[-122.380752708788,47.662931462655],[-122.380749607959,47.6629296977773],[-122.380746507131,47.6629279328995],[-122.380743406384,47.6629261707626],[-122.380740301498,47.6629244059399],[-122.38073720067,47.6629226410618],[-122.380734095785,47.6629208762389],[-122.380730995039,47.6629191141016],[-122.380727890236,47.6629173520194],[-122.380724789327,47.6629155844001],[-122.380722192307,47.6629141088176],[-122.3807216885,47.6629138195217],[-122.380718583616,47.6629120546983],[-122.380715478732,47.6629102898748],[-122.380712373849,47.6629085250513],[-122.380709268965,47.6629067602276],[-122.380706164,47.6629049926629],[-122.380703059117,47.6629032278391],[-122.380699954234,47.6629014630152],[-122.380696849352,47.6628996981912],[-122.380693748363,47.6628979278302],[-122.380690639506,47.6628961658021],[-122.380687534624,47.6628944009778],[-122.380684429742,47.6628926361535],[-122.380681328999,47.6628908740149],[-122.380678223955,47.6628891037085],[-122.380675119073,47.6628873388839],[-122.380672014193,47.6628855740593],[-122.380668909312,47.6628838092345],[-122.380665804431,47.6628820444097],[-122.380662699469,47.6628802768438],[-122.380659598647,47.6628785119637],[-122.380656489709,47.6628767471937],[-122.38065338483,47.6628749823685],[-122.380650275811,47.6628732148575],[-122.380647174989,47.662871449977],[-122.38064407011,47.6628696851516],[-122.380640965231,47.6628679203261],[-122.38063786441,47.6628661554454],[-122.38063475945,47.6628643878787],[-122.380631654572,47.662862623053],[-122.380628549694,47.6628608582271],[-122.380625444816,47.6628590934012],[-122.380622339857,47.6628573258342],[-122.38061923498,47.6628555610081],[-122.380616126045,47.662853796237],[-122.380613025226,47.6628520313556],[-122.380609920349,47.6628502665293],[-122.380606815391,47.6628484989619],[-122.380603710515,47.6628467341354],[-122.380600605638,47.6628449693088],[-122.380596266164,47.6628425000967],[-122.380591000374,47.6628398652352],[-122.380587741261,47.6628382368633],[-122.380584486205,47.6628366084363],[-122.380581235207,47.662834979954],[-122.380577481628,47.6628331032891],[-122.380574222434,47.662831472176],[-122.380570959182,47.6628298411178],[-122.380567699989,47.6628282100045],[-122.380564436656,47.6628265762052],[-122.380561173406,47.6628249451468],[-122.380557914213,47.6628233140332],[-122.380554650881,47.6628216802337],[-122.380551387631,47.662820049175],[-122.380548124463,47.6628184208572],[-122.38054486105,47.6628167843164],[-122.380541601777,47.6628151504614],[-122.380538338609,47.6628135221433],[-122.380535075197,47.6628118856022],[-122.38053181203,47.6628102572839],[-122.380528548618,47.6628086207427],[-122.380525285452,47.6628069924242],[-122.38052202204,47.6628053558828],[-122.380518758874,47.6628037275641],[-122.380515495463,47.6628020910226],[-122.380512232297,47.6628004627037],[-122.380508968968,47.6627988289028],[-122.380505705558,47.662797192361],[-122.380502442393,47.6627955640418],[-122.380499178983,47.6627939274997],[-122.380495915818,47.6627922991804],[-122.380492652409,47.6627906626382],[-122.380489389244,47.6627890343186],[-122.380486125835,47.6627873977762],[-122.380482862671,47.6627857694565],[-122.380479603401,47.6627841355997],[-122.380476336099,47.6627825045939],[-122.380473072772,47.6627808707921],[-122.380469809528,47.6627792397311],[-122.380466546201,47.662777605929],[-122.3804632789,47.6627759749229],[-122.380460019631,47.6627743410655],[-122.380456756387,47.6627727100041],[-122.380453493062,47.6627710762017],[-122.380450229818,47.6627694451401],[-122.380446966493,47.6627678113375],[-122.380443707307,47.6627661802206],[-122.380440444064,47.6627645491587],[-122.38043718074,47.6627629153558],[-122.380433917497,47.6627612842938],[-122.380430658312,47.6627596531766],[-122.38042739507,47.6627580221143],[-122.380424135804,47.6627563882559],[-122.380420872562,47.6627547571935],[-122.380417609321,47.6627531261309],[-122.380414350137,47.6627514950132],[-122.380411090953,47.6627498638954],[-122.380407827712,47.6627482328326],[-122.380403175863,47.6627459049582],[-122.380397788253,47.6627435404625],[-122.380394391142,47.6627420483196],[-122.380390989975,47.6627405562316],[-122.380387588808,47.6627390641437],[-122.38038419178,47.6627375747413],[-122.380380790613,47.6627360826531],[-122.380377389446,47.6627345905648],[-122.380373992337,47.6627330984213],[-122.380370587114,47.6627316063878],[-122.380367194063,47.662730114189],[-122.380363792897,47.6627286221002],[-122.380360391731,47.6627271300114],[-122.380356990566,47.6627256379225],[-122.380353593458,47.6627241457783],[-122.380350192293,47.6627226536892],[-122.380346791128,47.6627211615999],[-122.380343394021,47.6627196694555],[-122.380339992856,47.662718177366],[-122.380336591611,47.6627166825356],[-122.380333190528,47.6627151931868],[-122.380329793422,47.662713701042],[-122.380326355171,47.6627121902616],[-122.380322954089,47.6627107009125],[-122.380319552926,47.6627092088225],[-122.380316151763,47.6627077167323],[-122.3803127506,47.6627062246421],[-122.380309349437,47.6627047325517],[-122.380305948193,47.6627032377203],[-122.380302542974,47.6627017456848],[-122.380299141812,47.6627002535942],[-122.380295740568,47.6626987587625],[-122.380292335349,47.6626972667267],[-122.380288934024,47.6626957691539],[-122.380285532945,47.6626942798038],[-122.380282127645,47.6626927850267],[-122.380278722427,47.6626912929905],[-122.380275321184,47.6626897981583],[-122.380271915966,47.6626883061219],[-122.380268510667,47.6626868113445],[-122.380265109426,47.6626853165119],[-122.380261704208,47.6626838244752],[-122.38025829891,47.6626823296975],[-122.380254897669,47.6626808348645],[-122.380251492452,47.6626793428276],[-122.380248087154,47.6626778480495],[-122.380244681856,47.6626763532714],[-122.38024127664,47.6626748612341],[-122.380237871342,47.6626733664558],[-122.380234466045,47.6626718716774],[-122.380231064805,47.6626703768437],[-122.38022765959,47.662668884806],[-122.380224254294,47.6626673900273],[-122.380220848997,47.6626658952485],[-122.380217443701,47.6626644004696],[-122.380214038486,47.6626629084314],[-122.380210637248,47.6626614135972],[-122.38020561987,47.662659214071],[-122.3802002208,47.662657145862],[-122.380196689831,47.6626557926332],[-122.380193154886,47.6626544422003],[-122.380189623917,47.6626530889713],[-122.380186088973,47.6626517385382],[-122.380182558004,47.662650385309],[-122.38017902306,47.6626490348757],[-122.380175492092,47.6626476816462],[-122.380171957066,47.6626463284718],[-122.380168422041,47.6626449752972],[-122.380164891155,47.6626436248083],[-122.380161360188,47.6626422715784],[-122.380157825163,47.6626409184035],[-122.380154294277,47.6626395679144],[-122.380150759253,47.6626382147392],[-122.380147228286,47.6626368615089],[-122.380143697401,47.6626355110194],[-122.380140162378,47.6626341578439],[-122.380136631411,47.6626328046133],[-122.38013309647,47.6626314541785],[-122.380129569643,47.6626301036335],[-122.380126034701,47.6626287531985],[-122.380122499597,47.6626273972816],[-122.380118968713,47.6626260467913],[-122.380115437748,47.66262469356],[-122.380111906865,47.6626233430695],[-122.3801083759,47.662621989838],[-122.380104845017,47.6626206393473],[-122.380101314053,47.6626192861155],[-122.38009778317,47.6626179356246],[-122.380094252288,47.6626165851335],[-122.380090721324,47.6626152319015],[-122.380087190442,47.6626138814102],[-122.38008365956,47.6626125309188],[-122.380080132735,47.6626111803722],[-122.380076601854,47.6626098298806],[-122.380073074948,47.6626084765929],[-122.380069548124,47.662607126046],[-122.380066013186,47.6626057756092],[-122.380062486444,47.662604427803],[-122.38005914432,47.6626031460406],[-122.380055617497,47.6626017954933],[-122.380052090674,47.6626004449459],[-122.380048563933,47.6625990971392],[-122.380045037111,47.6625977465916],[-122.380041502173,47.662596396154],[-122.380037975351,47.6625950456061],[-122.380034448529,47.6625936950581],[-122.380030929904,47.6625923471407],[-122.380027403082,47.6625909965925],[-122.380021211668,47.6625886265423],[-122.380016681938,47.6625871278321],[-122.380013041777,47.6625859241507],[-122.38000939756,47.6625847205241],[-122.380005757318,47.6625835141014],[-122.380002113101,47.6625823104746],[-122.379998472859,47.6625811040517],[-122.379994828642,47.6625799004247],[-122.379991184344,47.6625786940566],[-122.379987540046,47.6625774876885],[-122.379983895829,47.6625762840611],[-122.379980255671,47.6625750803785],[-122.379976611373,47.66257387401],[-122.379972967076,47.6625726676414],[-122.37996932286,47.6625714640136],[-122.379965674505,47.6625702576998],[-122.379962026151,47.6625690513859],[-122.379958389969,47.6625678449066],[-122.379954741697,47.6625666413334],[-122.3799510974,47.662565434964],[-122.379947449047,47.6625642286497],[-122.37994380475,47.6625630222801],[-122.379940160454,47.6625618159104],[-122.379936512183,47.6625606123366],[-122.379932867887,47.6625594059667],[-122.37992922351,47.6625581968558],[-122.379925575239,47.6625569932816],[-122.379921930944,47.6625557869113],[-122.379918282592,47.6625545805961],[-122.379914638297,47.6625533742255],[-122.379910989945,47.66255216791],[-122.379907341594,47.6625509615944],[-122.379903697299,47.6625497552235],[-122.379900048948,47.6625485489076],[-122.379896404654,47.6625473425365],[-122.379892756303,47.6625461362204],[-122.379889107871,47.6625449271632],[-122.379885463659,47.6625437235328],[-122.379881815308,47.6625425172163],[-122.379878162901,47.6625413109548],[-122.379874526722,47.6625401044728],[-122.379870874315,47.6625388982111],[-122.379867230022,47.6625376918391],[-122.379863581673,47.662536485522],[-122.379859933323,47.6625352792049],[-122.379856289031,47.6625340728325],[-122.379852640682,47.6625328665151],[-122.379848992414,47.6625316629385],[-122.379845348123,47.6625304565658],[-122.379841699774,47.662529250248],[-122.379838051426,47.6625280439301],[-122.379834407135,47.6625268375571],[-122.379830762844,47.6625256311839],[-122.379827114496,47.6625244248657],[-122.379823470205,47.6625232184922],[-122.379819821858,47.6625220121738],[-122.379816177649,47.6625208085411],[-122.37981252922,47.6625195994814],[-122.37980888493,47.6625183931075],[-122.379805236665,47.6625171895296],[-122.379801592375,47.6625159831554],[-122.379797948086,47.6625147767812],[-122.37979429974,47.6625135704619],[-122.379787687548,47.6625113816027],[-122.379783327849,47.6625100039667],[-122.379779589428,47.6625087714495],[-122.379089052061,47.662298639203],[-122.379078242674,47.6622953473817],[-122.378977902744,47.6622647944677],[-122.378874347352,47.6622328455283],[-122.378774323282,47.6622019865281],[-122.378386735198,47.6620824244976],[-122.377400348582,47.6617781355393]]]}},{"type":"Feature","properties":{"OBJECTID":15009,"PIN":"4083300096","ADDRESS":"4412 A  BURKE AVE N","PROP_NAME":"RESIDENTIAL TOWNHOUSE UNIT","LAND_SQFT":1052,"LAND_USE_DESC":"Townhouse Plat","ZONING":"LR2","SF_UNITS":0,"YR_BUILT":"2005","REDEV_FL_AREA":1210,"AVAIL_SQFT":0,"STATUS_TEXT_1":"Substantially Developed","STATUS_TEXT_2":"(81% - 100% of allowed density)","UV_NAME":"Wallingford"},"geometry":{"type":"Polygon","coordinates":[[[-122.334622093559,47.6607652468645],[-122.334622149919,47.6607135126689],[-122.334857913052,47.6607140133071],[-122.334857380973,47.6607519395434],[-122.334790468665,47.6607622102676],[-122.334790558225,47.6607662946781],[-122.334622093559,47.6607652468645]]]}},{"type":"Feature","properties":{"OBJECTID":15041,"PIN":"2767704368","ADDRESS":"6111 A  14TH AVE NW","PROP_NAME":"townhouse plat","LAND_SQFT":1250,"LAND_USE_DESC":"Townhouse Plat","ZONING":"LR3","SF_UNITS":0,"YR_BUILT":"2000","REDEV_FL_AREA":2000,"AVAIL_SQFT":500,"STATUS_TEXT_1":"Moderately Developed","STATUS_TEXT_2":"(41% - 80% of allowed density)","UV_NAME":"Ballard"},"geometry":{"type":"Polygon","coordinates":[[[-122.373780807586,47.6735882544349],[-122.373780850978,47.6735594487856],[-122.373780912682,47.6735212623919],[-122.373781030188,47.6734512649121],[-122.373781028564,47.6734512100934],[-122.37388253422,47.6734513045171],[-122.373882536738,47.6734513894861],[-122.3738823772,47.6735277709904],[-122.373882320437,47.6735554388774],[-122.373882256371,47.6735883386633],[-122.373780807586,47.6735882544349]]]}},{"type":"Feature","properties":{"OBJECTID":15111,"PIN":"7518501931","ADDRESS":"1708  NW 65TH ST","PROP_NAME":"OLD CHURCH CONV OFF AND RES","LAND_SQFT":3395,"LAND_USE_DESC":"Single Family(C/I Zone)","ZONING":"LR2","SF_UNITS":1,"YR_BUILT":"1982","REDEV_FL_AREA":3904,"AVAIL_SQFT":340,"STATUS_TEXT_1":"Under Developed","STATUS_TEXT_2":"(21% - 40% of allowed density)","UV_NAME":"Outside Villages"},"geometry":{"type":"Polygon","coordinates":[[[-122.379234595857,47.6762604289652],[-122.379234302818,47.6761918902385],[-122.379234300291,47.6761918052697],[-122.379234009861,47.6761233542527],[-122.379234007334,47.6761232692838],[-122.379233801337,47.6760743075212],[-122.379436740937,47.6760739145893],[-122.3794369521,47.6761230435483],[-122.379437241266,47.6761915795888],[-122.379437534491,47.676260115574],[-122.379234595857,47.6762604289652]]]}},{"type":"Feature","properties":{"OBJECTID":15169,"PIN":"1926049371","ADDRESS":"13200   AURORA AVE N","PROP_NAME":"K-MART- NORTH SEATTLE (PARKING ON TL 9422)","LAND_SQFT":197763,"LAND_USE_DESC":"Retail(Discount)","ZONING":"C1-65","SF_UNITS":0,"YR_BUILT":"1989","REDEV_FL_AREA":840493,"AVAIL_SQFT":711947,"STATUS_TEXT_1":"Significantly Under Developed","STATUS_TEXT_2":"(under 20% of allowed density)","UV_NAME":"Bitter Lake Village"},"geometry":{"type":"Polygon","coordinates":[[[-122.342401616225,47.7254897241493],[-122.342397652135,47.7250342857823],[-122.342393687236,47.7245783977263],[-122.34402246919,47.7245791167619],[-122.344646869035,47.7245793848225],[-122.344809100239,47.7245794529849],[-122.344814117359,47.7250354397138],[-122.344819135039,47.7254913030342],[-122.342401616225,47.7254897241493]]]}},{"type":"Feature","properties":{"OBJECTID":15233,"PIN":"1989201335","ADDRESS":"113   1ST AVE N","PROP_NAME":"SMALL OFFICE BUILDING","LAND_SQFT":3565,"LAND_USE_DESC":"Office Building","ZONING":"NC3-65","SF_UNITS":0,"YR_BUILT":"1985","REDEV_FL_AREA":15151,"AVAIL_SQFT":12121,"STATUS_TEXT_1":"Under Developed","STATUS_TEXT_2":"(21% - 40% of allowed density)","UV_NAME":"Uptown"},"geometry":{"type":"Polygon","coordinates":[[[-122.355582758932,47.6191024269626],[-122.355583451685,47.61901965514],[-122.355758997777,47.6190221054724],[-122.356067619522,47.6190233673244],[-122.356066948467,47.6191053299722],[-122.35575869093,47.6191040577557],[-122.355758697738,47.6191030431151],[-122.355582758932,47.6191024269626]]]}},{"type":"Feature","properties":{"OBJECTID":15295,"PIN":"1142001635","ADDRESS":"1205  NE 42ND ST","PROP_NAME":"Villa Camini","LAND_SQFT":4121,"LAND_USE_DESC":"Apartment","ZONING":"MR","SF_UNITS":0,"YR_BUILT":"1988","REDEV_FL_AREA":17514,"AVAIL_SQFT":10715,"STATUS_TEXT_1":"Under Developed","STATUS_TEXT_2":"(21% - 40% of allowed density)","UV_NAME":"University District Northwest"},"geometry":{"type":"Polygon","coordinates":[[[-122.314985153914,47.6581441194725],[-122.315403138807,47.6581491225634],[-122.315400258202,47.6582587740135],[-122.314982272662,47.658253779135],[-122.314985153914,47.6581441194725]]]}},{"type":"Feature","properties":{"OBJECTID":15392,"PIN":"6851700160","ADDRESS":"420   13TH AVE E","PROP_NAME":"NORMANDY ARMS APTS","LAND_SQFT":5961,"LAND_USE_DESC":"Apartment","ZONING":"LR3","SF_UNITS":0,"YR_BUILT":"1993","REDEV_FL_AREA":9538,"AVAIL_SQFT":0,"STATUS_TEXT_1":"Completely Developed","STATUS_TEXT_2":"(more than 100% of allowed density)","UV_NAME":"Capitol Hill"},"geometry":{"type":"Polygon","coordinates":[[[-122.315185748047,47.622697945974],[-122.315188386558,47.6225330051682],[-122.31535475868,47.6225337508947],[-122.315354731277,47.6225364905069],[-122.315593937876,47.6225375624835],[-122.315591340665,47.6226996373902],[-122.315185748047,47.622697945974]]]}},{"type":"Feature","properties":{"OBJECTID":15432,"PIN":"2767704805","ADDRESS":"1436 A NW 59TH ST","PROP_NAME":"Building #1 Unit B","LAND_SQFT":1257,"LAND_USE_DESC":"Townhouse Plat","ZONING":"LR3","SF_UNITS":0,"YR_BUILT":"2008","REDEV_FL_AREA":2011,"AVAIL_SQFT":377,"STATUS_TEXT_1":"Moderately Developed","STATUS_TEXT_2":"(41% - 80% of allowed density)","UV_NAME":"Ballard"},"geometry":{"type":"Polygon","coordinates":[[[-122.375207102438,47.6719939871502],[-122.375207252443,47.6718568669298],[-122.375309153562,47.6718568477487],[-122.375309026068,47.671994033477],[-122.375207102438,47.6719939871502]]]}},{"type":"Feature","properties":{"OBJECTID":15541,"PIN":"9528101490","ADDRESS":"421  NE 73RD ST","PROP_NAME":"ROSELAKE APTS","LAND_SQFT":6074,"LAND_USE_DESC":"Apartment","ZONING":"LR3","SF_UNITS":0,"YR_BUILT":"1979","REDEV_FL_AREA":9718,"AVAIL_SQFT":4252,"STATUS_TEXT_1":"Completely Developed","STATUS_TEXT_2":"(more than 100% of allowed density)","UV_NAME":"Green Lake"},"geometry":{"type":"Polygon","coordinates":[[[-122.32390905359,47.6810703914695],[-122.324026167907,47.6810478199933],[-122.324143278064,47.68102524845],[-122.324255285464,47.6812923999891],[-122.324138122509,47.681314848941],[-122.324020959296,47.6813372922904],[-122.32390905359,47.6810703914695]]]}},{"type":"Feature","properties":{"OBJECTID":15626,"PIN":"2767604214","ADDRESS":"2043 A NW 59TH ST","PROP_NAME":"NEW TOWNHOUSE","LAND_SQFT":1365,"LAND_USE_DESC":"Townhouse Plat","ZONING":"LR3","SF_UNITS":0,"YR_BUILT":"2006","REDEV_FL_AREA":2184,"AVAIL_SQFT":819,"STATUS_TEXT_1":"Moderately Developed","STATUS_TEXT_2":"(41% - 80% of allowed density)","UV_NAME":"Ballard"},"geometry":{"type":"Polygon","coordinates":[[[-122.383999648288,47.6714247554504],[-122.383999760207,47.6712748904117],[-122.384101178294,47.6712750399332],[-122.384101051223,47.6714247955007],[-122.383999648288,47.6714247554504]]]}},{"type":"Feature","properties":{"OBJECTID":15784,"PIN":"1978200790","ADDRESS":"1201   SUMMIT AVE","PROP_NAME":"CASCADE COURT","LAND_SQFT":28790,"LAND_USE_DESC":"Apartment","ZONING":"MIO-160-HR","SF_UNITS":0,"YR_BUILT":"1994","REDEV_FL_AREA":374270,"AVAIL_SQFT":302295,"STATUS_TEXT_1":"Major Institution/Planned Development Zoning","STATUS_TEXT_2":null,"UV_NAME":"First Hill"},"geometry":{"type":"Polygon","coordinates":[[[-122.324407800355,47.6117237679211],[-122.324821515164,47.6115507299883],[-122.324949455824,47.6116907707194],[-122.325077267508,47.6118306731638],[-122.325205083933,47.6119705754111],[-122.325332766698,47.6121103174977],[-122.324919049768,47.6122833792147],[-122.324791233344,47.6121434766471],[-122.324663421661,47.6120035738824],[-122.324535610664,47.6118636709737],[-122.324407800355,47.6117237679211]]]}},{"type":"Feature","properties":{"OBJECTID":15860,"PIN":"0476000224","ADDRESS":"2625 A NW 58TH ST","PROP_NAME":"Townhouse","LAND_SQFT":1161,"LAND_USE_DESC":"Townhouse Plat","ZONING":"LR2","SF_UNITS":0,"YR_BUILT":"2003","REDEV_FL_AREA":1335,"AVAIL_SQFT":0,"STATUS_TEXT_1":"Substantially Developed","STATUS_TEXT_2":"(81% - 100% of allowed density)","UV_NAME":"Ballard"},"geometry":{"type":"Polygon","coordinates":[[[-122.391236562686,47.6708299018986],[-122.391236892722,47.6706995213055],[-122.391341681025,47.6706995908566],[-122.391342345215,47.6707994800098],[-122.391314844574,47.6707998561188],[-122.39131565713,47.6708299417078],[-122.391236562686,47.6708299018986]]]}},{"type":"Feature","properties":{"OBJECTID":15924,"PIN":"9528103465","ADDRESS":"6813   WEEDIN PL NE","PROP_NAME":"ROYCE APTS","LAND_SQFT":4518,"LAND_USE_DESC":"Apartment","ZONING":"LR3","SF_UNITS":0,"YR_BUILT":"1993","REDEV_FL_AREA":7229,"AVAIL_SQFT":904,"STATUS_TEXT_1":"Completely Developed","STATUS_TEXT_2":"(more than 100% of allowed density)","UV_NAME":"Green Lake"},"geometry":{"type":"Polygon","coordinates":[[[-122.321771590632,47.6783140745116],[-122.322017264207,47.6782106146893],[-122.322116878781,47.6781686602452],[-122.322149163477,47.6782034785259],[-122.322213737213,47.6782731204887],[-122.321868394073,47.678418472695],[-122.321803858402,47.6783488739153],[-122.321771590632,47.6783140745116]]]}},{"type":"Feature","properties":{"OBJECTID":16020,"PIN":"2297220000","ADDRESS":"3612   26TH PL W","PROP_NAME":"ELDORADO 3612 CONDOMINIUM","LAND_SQFT":5100,"LAND_USE_DESC":"Condominium(Residential)","ZONING":"LR3","SF_UNITS":0,"YR_BUILT":"1989","REDEV_FL_AREA":6630,"AVAIL_SQFT":1020,"STATUS_TEXT_1":"Moderately Developed","STATUS_TEXT_2":"(41% - 80% of allowed density)","UV_NAME":"Outside Villages"},"geometry":{"type":"Polygon","coordinates":[[[-122.388185511094,47.6526872172354],[-122.388135310267,47.6526063020961],[-122.388175428644,47.6526000344401],[-122.388644763054,47.6525264452918],[-122.388644893566,47.6525268740107],[-122.38864575691,47.6525295521669],[-122.388646632423,47.652532230157],[-122.388647532112,47.6525349023328],[-122.388648456057,47.6525375714352],[-122.388649396229,47.6525402403161],[-122.388650360576,47.6525429033826],[-122.388651340985,47.6525455607457],[-122.388652345734,47.6525482177764],[-122.388653374739,47.6525508717337],[-122.388654419889,47.6525535227284],[-122.388655485076,47.6525561652234],[-122.388656574519,47.652558804645],[-122.388657684164,47.6525614410486],[-122.388658814009,47.6525640744343],[-122.388659964055,47.6525667048021],[-122.388661138276,47.6525693293555],[-122.388662328559,47.6525719482055],[-122.388663543181,47.6525745667231],[-122.388664773702,47.6525771740553],[-122.388666028644,47.652579783796],[-122.388667303704,47.6525823877779],[-122.388668598884,47.6525849860008],[-122.388669914182,47.6525875784649],[-122.388671249681,47.652590167911],[-122.388672605298,47.6525927515982],[-122.388673985091,47.6525953294712],[-122.388675381028,47.6525979043816],[-122.388676797002,47.6526004707922],[-122.388678005881,47.6526026259822],[-122.388252645147,47.6527245164946],[-122.388215289093,47.6527352214796],[-122.388185511094,47.6526872172354]]]}},{"type":"Feature","properties":{"OBJECTID":16054,"PIN":"1982201065","ADDRESS":"614  NW 46TH ST","PROP_NAME":"SYSTEM CONTROL CENTER","LAND_SQFT":70547,"LAND_USE_DESC":"Utility, Public","ZONING":"IB U/45","SF_UNITS":0,"YR_BUILT":"1994","REDEV_FL_AREA":70547,"AVAIL_SQFT":42328,"STATUS_TEXT_1":"Publicly Owned","STATUS_TEXT_2":null,"UV_NAME":"Ballard-Interbay-Northend"},"geometry":{"type":"Polygon","coordinates":[[[-122.365342233385,47.6622742005903],[-122.365341364784,47.6625401397058],[-122.365341310198,47.6625570176269],[-122.365686145854,47.6625571939557],[-122.365686096898,47.66257343291],[-122.365685289456,47.6628393218693],[-122.365502700261,47.6628391403134],[-122.365340394175,47.6628389763089],[-122.365178088091,47.6628388120732],[-122.365015786065,47.6628386475517],[-122.364853479982,47.6628384828535],[-122.364691173901,47.662838317924],[-122.364508580574,47.6628381320883],[-122.364325987411,47.6628379514418],[-122.364123106761,47.6628377415362],[-122.364124191391,47.6625716213817],[-122.36412432256,47.6625387235104],[-122.364125407177,47.662272603353],[-122.364328210228,47.6622728718505],[-122.364510734128,47.6622731109804],[-122.36469325811,47.6622733525588],[-122.364855502941,47.6622735648997],[-122.365017743716,47.662273777064],[-122.36517998855,47.6622739889427],[-122.365342233385,47.6622742005903]]]}},{"type":"Feature","properties":{"OBJECTID":16126,"PIN":"7173700650","ADDRESS":"2402  NE 65TH ST","PROP_NAME":"SAXE APTS","LAND_SQFT":13974,"LAND_USE_DESC":"Apartment(Mixed Use)","ZONING":"NC2P-40","SF_UNITS":0,"YR_BUILT":"2005","REDEV_FL_AREA":36176,"AVAIL_SQFT":8384,"STATUS_TEXT_1":"Moderately Developed","STATUS_TEXT_2":"(41% - 80% of allowed density)","UV_NAME":"Outside Villages"},"geometry":{"type":"Polygon","coordinates":[[[-122.301475963861,47.6762905395282],[-122.301475316587,47.676262023021],[-122.301477973941,47.6762399679135],[-122.301481173945,47.6762134089613],[-122.30148043397,47.6761806051874],[-122.301381189687,47.6761816344987],[-122.301301881905,47.6761824562078],[-122.301222578178,47.6761832778094],[-122.301192259381,47.6761835916532],[-122.301192440494,47.6761915849414],[-122.301143205324,47.6761921452236],[-122.301144598032,47.6762398734253],[-122.301146201616,47.6762947801628],[-122.301146211757,47.6762951392318],[-122.301133154951,47.6762951374412],[-122.301120767944,47.6762951325041],[-122.301120299031,47.6762765177409],[-122.301120176502,47.6762717482696],[-122.301119369344,47.6762398639261],[-122.30111658881,47.6761302039895],[-122.30110964564,47.6758560540409],[-122.301515756782,47.6758561655287],[-122.301551074187,47.6758561765418],[-122.301557573101,47.6761303267345],[-122.301560172013,47.6762399917549],[-122.301561352972,47.676289839496],[-122.301475966895,47.6762909343346],[-122.301475963861,47.6762905395282]]]}},{"type":"Feature","properties":{"OBJECTID":16164,"PIN":"8816400375","ADDRESS":"5043   15TH AVE NE","PROP_NAME":"UNIVERSITY CREST APARTMENTS","LAND_SQFT":4106,"LAND_USE_DESC":"Apartment","ZONING":"LR3","SF_UNITS":0,"YR_BUILT":"1974","REDEV_FL_AREA":6570,"AVAIL_SQFT":2874,"STATUS_TEXT_1":"Substantially Developed","STATUS_TEXT_2":"(81% - 100% of allowed density)","UV_NAME":"University District Northwest"},"geometry":{"type":"Polygon","coordinates":[[[-122.312041365778,47.6661823467227],[-122.312042881174,47.6660726693382],[-122.312459485895,47.666075450795],[-122.312457796509,47.6661851167457],[-122.312041365778,47.6661823467227]]]}},{"type":"Feature","properties":{"OBJECTID":16257,"PIN":"8903000076","ADDRESS":"11356   28TH AVE NE","PROP_NAME":"townhouse","LAND_SQFT":1494,"LAND_USE_DESC":"Townhouse Plat","ZONING":"LR2","SF_UNITS":0,"YR_BUILT":"1996","REDEV_FL_AREA":1718,"AVAIL_SQFT":0,"STATUS_TEXT_1":"Substantially Developed","STATUS_TEXT_2":"(81% - 100% of allowed density)","UV_NAME":"Outside Villages"},"geometry":{"type":"Polygon","coordinates":[[[-122.298229833403,47.7116534206601],[-122.298230771711,47.7115111137519],[-122.29833140289,47.711512066392],[-122.29836299314,47.7116545996827],[-122.298229833403,47.7116534206601]]]}},{"type":"Feature","properties":{"OBJECTID":16335,"PIN":"9256900036","ADDRESS":"1161   11TH AVE","PROP_NAME":"Lilfelong AIDS Alliance","LAND_SQFT":6172,"LAND_USE_DESC":"Retail Store","ZONING":"NC3P-65","SF_UNITS":0,"YR_BUILT":"1970","REDEV_FL_AREA":26231,"AVAIL_SQFT":20985,"STATUS_TEXT_1":"Under Developed","STATUS_TEXT_2":"(21% - 40% of allowed density)","UV_NAME":"Pike/Pine"},"geometry":{"type":"Polygon","coordinates":[[[-122.318250842628,47.6125967399581],[-122.318285582642,47.6125964895266],[-122.318530968445,47.6125947293572],[-122.31853041763,47.6128435017663],[-122.3182852379,47.6128418673761],[-122.318254746524,47.6128416620316],[-122.318250842628,47.6125967399581]]]}},{"type":"Feature","properties":{"OBJECTID":16430,"PIN":"2291400170","ADDRESS":"950  N 107TH ST","PROP_NAME":"APT","LAND_SQFT":7441,"LAND_USE_DESC":"Apartment","ZONING":"LR2","SF_UNITS":0,"YR_BUILT":"1991","REDEV_FL_AREA":8557,"AVAIL_SQFT":0,"STATUS_TEXT_1":"Completely Developed","STATUS_TEXT_2":"(more than 100% of allowed density)","UV_NAME":"Aurora-Licton Springs"},"geometry":{"type":"Polygon","coordinates":[[[-122.345425576992,47.7067955687661],[-122.345424222577,47.7067133264506],[-122.345422872307,47.7066310868218],[-122.345926546169,47.7066272840255],[-122.345927897316,47.7067095263893],[-122.345929244567,47.7067917742885],[-122.345425576992,47.7067955687661]]]}},{"type":"Feature","properties":{"OBJECTID":16542,"PIN":"1912101065","ADDRESS":"2317   10TH AVE E","PROP_NAME":"ALLENDALE APT","LAND_SQFT":7721,"LAND_USE_DESC":"Apartment","ZONING":"LR3","SF_UNITS":0,"YR_BUILT":"1984","REDEV_FL_AREA":10037,"AVAIL_SQFT":0,"STATUS_TEXT_1":"Completely Developed","STATUS_TEXT_2":"(more than 100% of allowed density)","UV_NAME":"Outside Villages"},"geometry":{"type":"Polygon","coordinates":[[[-122.320183088433,47.6402053252084],[-122.320183272837,47.6401232273422],[-122.32018345724,47.6400411294758],[-122.320709294399,47.6400403182077],[-122.320709057946,47.6401224112819],[-122.320708899298,47.6401771518931],[-122.320708825862,47.6402045152667],[-122.320183088433,47.6402053252084]]]}},{"type":"Feature","properties":{"OBJECTID":16614,"PIN":"3442000069","ADDRESS":"10301   GREENWOOD AVE N","PROP_NAME":"JEFFERSON COURT","LAND_SQFT":18536,"LAND_USE_DESC":"Apartment","ZONING":"C1-40","SF_UNITS":0,"YR_BUILT":"1992","REDEV_FL_AREA":55608,"AVAIL_SQFT":9268,"STATUS_TEXT_1":"Substantially Developed","STATUS_TEXT_2":"(81% - 100% of allowed density)","UV_NAME":"Outside Villages"},"geometry":{"type":"Polygon","coordinates":[[[-122.356029533538,47.704000669037],[-122.355624157625,47.7039980025505],[-122.355622694382,47.7038579872876],[-122.355621231067,47.7037179692827],[-122.356026557316,47.7037205404432],[-122.356358353405,47.7037226448255],[-122.356360638989,47.7040028484704],[-122.356029533538,47.704000669037]]]}},{"type":"Feature","properties":{"OBJECTID":16682,"PIN":"7234601426","ADDRESS":"1807  E PIKE ST","PROP_NAME":"Pike Street Townhomes - Unit E","LAND_SQFT":814,"LAND_USE_DESC":"Townhouse Plat","ZONING":"LR3","SF_UNITS":0,"YR_BUILT":"2000","REDEV_FL_AREA":1058,"AVAIL_SQFT":0,"STATUS_TEXT_1":"Substantially Developed","STATUS_TEXT_2":"(81% - 100% of allowed density)","UV_NAME":"Outside Villages"},"geometry":{"type":"Polygon","coordinates":[[[-122.308330113177,47.6139543819848],[-122.308330833928,47.6139041365876],[-122.308482265268,47.6139045153243],[-122.308526861987,47.6139046227002],[-122.308526633249,47.6139484728788],[-122.308482032439,47.6139483655553],[-122.308392968796,47.6139481545515],[-122.308392934701,47.6139545328694],[-122.308330113177,47.6139543819848]]]}},{"type":"Feature","properties":{"OBJECTID":16793,"PIN":"6450300475","ADDRESS":"14344   LENORA PL N","PROP_NAME":"Fourplex","LAND_SQFT":5098,"LAND_USE_DESC":"4-Plex","ZONING":"LR2","SF_UNITS":0,"YR_BUILT":"1974","REDEV_FL_AREA":5863,"AVAIL_SQFT":4588,"STATUS_TEXT_1":"Moderately Developed","STATUS_TEXT_2":"(41% - 80% of allowed density)","UV_NAME":"Bitter Lake Village"},"geometry":{"type":"Polygon","coordinates":[[[-122.343058043439,47.7337358946793],[-122.343006767147,47.7337359317547],[-122.342976873622,47.7337359545089],[-122.342924073181,47.7337359925263],[-122.342923351277,47.73366742183],[-122.342923349123,47.7336672079822],[-122.342922602131,47.733598892624],[-122.343138676742,47.7335987444502],[-122.343336912842,47.733598609929],[-122.343337658393,47.7336671364451],[-122.343338396697,47.7337356932189],[-122.343257145542,47.7337357515827],[-122.343175906576,47.7337358097274],[-122.34307842227,47.7337358799405],[-122.343058043439,47.7337358946793]]]}},{"type":"Feature","properties":{"OBJECTID":16826,"PIN":"1972200780","ADDRESS":"3616 A  DAYTON AVE N","PROP_NAME":"Twnhse","LAND_SQFT":1203,"LAND_USE_DESC":"Townhouse Plat","ZONING":"LR3","SF_UNITS":0,"YR_BUILT":"2003","REDEV_FL_AREA":1925,"AVAIL_SQFT":602,"STATUS_TEXT_1":"Moderately Developed","STATUS_TEXT_2":"(41% - 80% of allowed density)","UV_NAME":"Fremont"},"geometry":{"type":"Polygon","coordinates":[[[-122.352038292084,47.6523432412815],[-122.352038290376,47.6523430438788],[-122.352038398492,47.6522882568704],[-122.352038424373,47.6522742777055],[-122.352234588065,47.6522746447875],[-122.352234260028,47.652340649596],[-122.352182749627,47.6523409033829],[-122.352182738639,47.6523433055394],[-122.352182736398,47.6523436455798],[-122.352081295421,47.6523433615067],[-122.352038292084,47.6523432412815]]]}},{"type":"Feature","properties":{"OBJECTID":16870,"PIN":"9221400485","ADDRESS":"6211   ROOSEVELT WAY NE","PROP_NAME":"OFFICE, SFR & WINERY","LAND_SQFT":4765,"LAND_USE_DESC":"Apartment(Mixed Use)","ZONING":"NC2-40","SF_UNITS":0,"YR_BUILT":"1987","REDEV_FL_AREA":19060,"AVAIL_SQFT":14295,"STATUS_TEXT_1":"Under Developed","STATUS_TEXT_2":"(21% - 40% of allowed density)","UV_NAME":"Roosevelt"},"geometry":{"type":"Polygon","coordinates":[[[-122.317476240789,47.6737463483992],[-122.317476495837,47.673664153803],[-122.317476559414,47.6736434920491],[-122.317992047854,47.6736459831262],[-122.317991984012,47.6736666284345],[-122.317991730013,47.6737488312548],[-122.317476240789,47.6737463483992]]]}},{"type":"Feature","properties":{"OBJECTID":16958,"PIN":"9221400230","ADDRESS":"6410   8TH AVE NE","PROP_NAME":"APT","LAND_SQFT":7620,"LAND_USE_DESC":"Apartment","ZONING":"NC3-65","SF_UNITS":0,"YR_BUILT":"1992","REDEV_FL_AREA":43815,"AVAIL_SQFT":27432,"STATUS_TEXT_1":"Under Developed","STATUS_TEXT_2":"(21% - 40% of allowed density)","UV_NAME":"Roosevelt"},"geometry":{"type":"Polygon","coordinates":[[[-122.319424765182,47.6754006559242],[-122.31941664405,47.6754006083032],[-122.319416809323,47.6753183627415],[-122.319416974596,47.6752361171795],[-122.319672696947,47.6752373631652],[-122.319932431086,47.6752386302637],[-122.319932278882,47.6753208784086],[-122.319932130579,47.6754031210182],[-122.319424765182,47.6754006559242]]]}},{"type":"Feature","properties":{"OBJECTID":17050,"PIN":"4088801375","ADDRESS":"653  NE NORTHLAKE WAY","PROP_NAME":"SEATTLE BOAT CO","LAND_SQFT":51154,"LAND_USE_DESC":"Marina","ZONING":"IB U/45","SF_UNITS":0,"YR_BUILT":"1980","REDEV_FL_AREA":0,"AVAIL_SQFT":0,"STATUS_TEXT_1":"Special Land Use Type","STATUS_TEXT_2":null,"UV_NAME":"University Campus"},"geometry":{"type":"Polygon","coordinates":[[[-122.321059697146,47.6543641283644],[-122.321059820428,47.6543408526699],[-122.321061362279,47.6540487658041],[-122.321066773457,47.6537086680888],[-122.321066814246,47.6537060516893],[-122.321168235144,47.6537072767662],[-122.321202879727,47.6537076947266],[-122.321269656047,47.6537085017527],[-122.321371076954,47.6537097266489],[-122.321472497945,47.6537109541958],[-122.321573914805,47.6537121789645],[-122.321675335727,47.6537134035898],[-122.321776756654,47.6537146281248],[-122.321789386077,47.6537147811297],[-122.321997647533,47.6537172961619],[-122.321992694348,47.6539101152333],[-122.321989135614,47.6540486683614],[-122.321989048824,47.6540520860269],[-122.321987347153,47.6543758972515],[-122.321769717651,47.6543731344346],[-122.321668285601,47.6543718496979],[-122.321566853477,47.65437056213],[-122.321465425493,47.6543692771598],[-122.321363989322,47.6543679894642],[-122.321262561349,47.6543667043133],[-122.321161129166,47.654365413643],[-122.321059697146,47.6543641283644]]]}},{"type":"Feature","properties":{"OBJECTID":17139,"PIN":"4232401365","ADDRESS":"340   15TH AVE E","PROP_NAME":"BAGEL DELI/OFFICES","LAND_SQFT":9163,"LAND_USE_DESC":"Retail Store","ZONING":"NC2P-40","SF_UNITS":0,"YR_BUILT":"1990","REDEV_FL_AREA":27489,"AVAIL_SQFT":12828,"STATUS_TEXT_1":"Moderately Developed","STATUS_TEXT_2":"(41% - 80% of allowed density)","UV_NAME":"Capitol Hill"},"geometry":{"type":"Polygon","coordinates":[[[-122.312056799621,47.6218050606476],[-122.312058564475,47.6217048479586],[-122.31206110879,47.6215604310357],[-122.312548375771,47.6215604920471],[-122.31254552788,47.621705524409],[-122.312544547104,47.621755471635],[-122.312200260799,47.6217540943462],[-122.312199440467,47.6218056312082],[-122.312056799621,47.6218050606476]]]}},{"type":"Feature","properties":{"OBJECTID":17272,"PIN":"0510001345","ADDRESS":"2408  N 45TH ST","PROP_NAME":"UP TIME TECHNOLOGY","LAND_SQFT":3071,"LAND_USE_DESC":"Apartment(Mixed Use)","ZONING":"NC2P-40","SF_UNITS":0,"YR_BUILT":"1985","REDEV_FL_AREA":9213,"AVAIL_SQFT":5221,"STATUS_TEXT_1":"Moderately Developed","STATUS_TEXT_2":"(41% - 80% of allowed density)","UV_NAME":"Wallingford"},"geometry":{"type":"Polygon","coordinates":[[[-122.3295632361,47.6616874630662],[-122.329563358281,47.6616726710931],[-122.329563513593,47.6616540947194],[-122.329563574491,47.6616463395329],[-122.329563608491,47.6616425852831],[-122.329563804406,47.6616189329272],[-122.329564509903,47.661536696451],[-122.329565048302,47.6614621918782],[-122.329719255678,47.6614629354643],[-122.329718719665,47.6615373742013],[-122.329718664346,47.6615451814131],[-122.329718038755,47.6616196103586],[-122.329717979694,47.6616274285875],[-122.329717470573,47.6616881377575],[-122.3295632361,47.6616874630662]]]}},{"type":"Feature","properties":{"OBJECTID":17379,"PIN":"7996700200","ADDRESS":"11915   STENDALL DR N","PROP_NAME":"townhouse","LAND_SQFT":2229,"LAND_USE_DESC":"Townhouse Plat","ZONING":"LR3 PUD","SF_UNITS":0,"YR_BUILT":"1980","REDEV_FL_AREA":2898,"AVAIL_SQFT":1337,"STATUS_TEXT_1":"Moderately Developed","STATUS_TEXT_2":"(41% - 80% of allowed density)","UV_NAME":"Outside Villages"},"geometry":{"type":"Polygon","coordinates":[[[-122.34103243139,47.7152516274469],[-122.341143841486,47.7152361644617],[-122.341147115306,47.7152469054737],[-122.341209314076,47.7154509847359],[-122.341097899557,47.7154664505795],[-122.34103243139,47.7152516274469]]]}},{"type":"Feature","properties":{"OBJECTID":17485,"PIN":"3448000500","ADDRESS":"12040   28TH AVE NE","PROP_NAME":"BALDWIN APTS","LAND_SQFT":10610,"LAND_USE_DESC":"Apartment","ZONING":"LR3","SF_UNITS":0,"YR_BUILT":"1990","REDEV_FL_AREA":16976,"AVAIL_SQFT":0,"STATUS_TEXT_1":"Completely Developed","STATUS_TEXT_2":"(more than 100% of allowed density)","UV_NAME":"Lake City"},"geometry":{"type":"Polygon","coordinates":[[[-122.297414547491,47.7173454467066],[-122.297419010351,47.7172329519851],[-122.297423345794,47.717123576524],[-122.297423359147,47.7171233295748],[-122.297425523423,47.7170685198702],[-122.297851915983,47.7170764632479],[-122.297849744111,47.7171312758059],[-122.297845619109,47.7172354031935],[-122.297845400044,47.7172408899573],[-122.297845176918,47.7172463767733],[-122.297840942246,47.7173533873842],[-122.297414547491,47.7173454467066]]]}},{"type":"Feature","properties":{"OBJECTID":17561,"PIN":"2826049079","ADDRESS":"12039   20TH AVE NE","PROP_NAME":"RESIDENCE & STORAGE","LAND_SQFT":8080,"LAND_USE_DESC":"Single Family(Res Use/Zone)","ZONING":"SF 7200","SF_UNITS":1,"YR_BUILT":"1938","REDEV_FL_AREA":8080,"AVAIL_SQFT":5656,"STATUS_TEXT_1":"Substantially Developed","STATUS_TEXT_2":"(81% - 100% of allowed density)","UV_NAME":"Outside Villages"},"geometry":{"type":"Polygon","coordinates":[[[-122.307335597897,47.717073598159],[-122.30733143213,47.716907375508],[-122.307872906239,47.7169123349282],[-122.307877073351,47.7170785438546],[-122.307335597897,47.717073598159]]]}},{"type":"Feature","properties":{"OBJECTID":17668,"PIN":"6850700005","ADDRESS":"915  E HARRISON ST","PROP_NAME":"42-UNIT APT ELLENBERT APTS","LAND_SQFT":10947,"LAND_USE_DESC":"Apartment","ZONING":"NC3-40","SF_UNITS":0,"YR_BUILT":"1985","REDEV_FL_AREA":43788,"AVAIL_SQFT":6568,"STATUS_TEXT_1":"Substantially Developed","STATUS_TEXT_2":"(81% - 100% of allowed density)","UV_NAME":"Capitol Hill"},"geometry":{"type":"Polygon","coordinates":[[[-122.320049875815,47.6216029601148],[-122.320143428239,47.621603523054],[-122.320455425156,47.6216053996735],[-122.320454219455,47.6216826822703],[-122.320453303342,47.6217414361252],[-122.320450759133,47.6219046924539],[-122.320141255574,47.6219029888761],[-122.32004517287,47.6219024617224],[-122.320047739622,47.6217390981869],[-122.320049875815,47.6216029601148]]]}},{"type":"Feature","properties":{"OBJECTID":17751,"PIN":"8804900635","ADDRESS":"1736   BELMONT AVE","PROP_NAME":"THE GRANADA APTS","LAND_SQFT":14970,"LAND_USE_DESC":"Apartment","ZONING":"MR","SF_UNITS":0,"YR_BUILT":"1981","REDEV_FL_AREA":63622,"AVAIL_SQFT":0,"STATUS_TEXT_1":"Completely Developed","STATUS_TEXT_2":"(more than 100% of allowed density)","UV_NAME":"Capitol Hill"},"geometry":{"type":"Polygon","coordinates":[[[-122.323974501285,47.6176667741939],[-122.323973708682,47.6175296981072],[-122.32397225657,47.6174173032068],[-122.323971934974,47.617392632129],[-122.323970915742,47.6173076598201],[-122.323970291313,47.617255575415],[-122.324374689087,47.6172532390816],[-122.324376443503,47.6173903025786],[-122.324378198007,47.6175273688161],[-122.324379948387,47.6176644323653],[-122.323974501285,47.6176667741939]]]}},{"type":"Feature","properties":{"OBJECTID":17925,"PIN":"2436200900","ADDRESS":"3200  NE 45TH ST","PROP_NAME":"BASKIN-ROBBINS","LAND_SQFT":3723,"LAND_USE_DESC":"Retail Store","ZONING":"NC2P-40","SF_UNITS":0,"YR_BUILT":"1980","REDEV_FL_AREA":11169,"AVAIL_SQFT":10052,"STATUS_TEXT_1":"Significantly Under Developed","STATUS_TEXT_2":"(under 20% of allowed density)","UV_NAME":"Outside Villages"},"geometry":{"type":"Polygon","coordinates":[[[-122.291838131949,47.6613544709391],[-122.292108576968,47.6613613283373],[-122.292360919346,47.6613677287492],[-122.292072256166,47.661518875953],[-122.291959303123,47.6614395575411],[-122.291838131949,47.6613544709391]]]}},{"type":"Feature","properties":{"OBJECTID":18037,"PIN":"4206900675","ADDRESS":"3901   2ND AVE NE","PROP_NAME":"THE PACIFIC","LAND_SQFT":11458,"LAND_USE_DESC":"Apartment","ZONING":"LR3","SF_UNITS":0,"YR_BUILT":"2000","REDEV_FL_AREA":14895,"AVAIL_SQFT":0,"STATUS_TEXT_1":"Substantially Developed","STATUS_TEXT_2":"(81% - 100% of allowed density)","UV_NAME":"Outside Villages"},"geometry":{"type":"Polygon","coordinates":[[[-122.326956036831,47.6546939112426],[-122.326957553279,47.6545842468947],[-122.326958725216,47.6544994597706],[-122.326974070962,47.6544913176659],[-122.326989362706,47.6544831323953],[-122.327004604347,47.6544748984236],[-122.327014146293,47.6544697060529],[-122.32702366748,47.6544644975017],[-122.32703316783,47.6544592700288],[-122.327087293391,47.6544289217997],[-122.327140720505,47.6543979959169],[-122.327193417033,47.6543665037709],[-122.327250884293,47.6543309977916],[-122.327307431271,47.6542948210962],[-122.327363029886,47.6542579850224],[-122.327365100151,47.6542565923453],[-122.327367162224,47.6542551970336],[-122.327369224375,47.6542538044629],[-122.327369163045,47.6542580252101],[-122.327367553776,47.6543676770839],[-122.327365940522,47.6544773317516],[-122.327364327182,47.6545869836778],[-122.327362713914,47.6546966383445],[-122.326956036831,47.6546939112426]]]}},{"type":"Feature","properties":{"OBJECTID":18144,"PIN":"7666201650","ADDRESS":"1532   15TH AVE W","PROP_NAME":"LIGHTHOUSE UNIFORMS STORE","LAND_SQFT":6423,"LAND_USE_DESC":"Retail Store","ZONING":"IC-45","SF_UNITS":0,"YR_BUILT":"1979","REDEV_FL_AREA":9634,"AVAIL_SQFT":5138,"STATUS_TEXT_1":"Moderately Developed","STATUS_TEXT_2":"(41% - 80% of allowed density)","UV_NAME":"Ballard-Interbay-Northend"},"geometry":{"type":"Polygon","coordinates":[[[-122.375763200217,47.6333071526009],[-122.375763182987,47.6333017839224],[-122.37551983753,47.6333036056503],[-122.375519559069,47.6332252611528],[-122.375519264042,47.6331426639775],[-122.375948481555,47.6331423927976],[-122.375959942346,47.6332246193085],[-122.375965074585,47.633300273908],[-122.37596552135,47.6333068569734],[-122.375763200217,47.6333071526009]]]}},{"type":"Feature","properties":{"OBJECTID":18219,"PIN":"8823900150","ADDRESS":"5229   19TH AVE NE","PROP_NAME":"SFR - Rooming House","LAND_SQFT":4317,"LAND_USE_DESC":"Rooming House","ZONING":"SF 5000","SF_UNITS":0,"YR_BUILT":"1985","REDEV_FL_AREA":4317,"AVAIL_SQFT":1295,"STATUS_TEXT_1":"Special Land Use Type","STATUS_TEXT_2":null,"UV_NAME":"Outside Villages"},"geometry":{"type":"Polygon","coordinates":[[[-122.307254342837,47.6672991842242],[-122.307256070381,47.667189616716],[-122.307694375963,47.6671926888009],[-122.307692665962,47.6673022698106],[-122.307254342837,47.6672991842242]]]}},{"type":"Feature","properties":{"OBJECTID":18355,"PIN":"9828702266","ADDRESS":"134 A  25TH AVE E","PROP_NAME":"Townhouse","LAND_SQFT":1166,"LAND_USE_DESC":"Townhouse Plat","ZONING":"LR2","SF_UNITS":0,"YR_BUILT":"2006","REDEV_FL_AREA":1341,"AVAIL_SQFT":0,"STATUS_TEXT_1":"Substantially Developed","STATUS_TEXT_2":"(81% - 100% of allowed density)","UV_NAME":"Outside Villages"},"geometry":{"type":"Polygon","coordinates":[[[-122.299503153004,47.6199388957176],[-122.299503884249,47.6198841123716],[-122.29973978407,47.6198853204278],[-122.299739766821,47.6199401028049],[-122.299503153004,47.6199388957176]]]}},{"type":"Feature","properties":{"OBJECTID":18443,"PIN":"8823900965","ADDRESS":"5018   15TH AVE NE","PROP_NAME":"4-plex","LAND_SQFT":4322,"LAND_USE_DESC":"4-Plex","ZONING":"LR3","SF_UNITS":0,"YR_BUILT":"1980","REDEV_FL_AREA":6915,"AVAIL_SQFT":4754,"STATUS_TEXT_1":"Significantly Under Developed","STATUS_TEXT_2":"(under 20% of allowed density)","UV_NAME":"University District Northwest"},"geometry":{"type":"Polygon","coordinates":[[[-122.311388839727,47.6655194198833],[-122.311390449649,47.6654097358118],[-122.311828779712,47.6654130300347],[-122.311827263961,47.6655227101601],[-122.311388839727,47.6655194198833]]]}},{"type":"Feature","properties":{"OBJECTID":18519,"PIN":"6851700070","ADDRESS":"515   14TH AVE E","PROP_NAME":"GRESHAM APTS","LAND_SQFT":10026,"LAND_USE_DESC":"Apartment","ZONING":"LR3","SF_UNITS":0,"YR_BUILT":"1977","REDEV_FL_AREA":16042,"AVAIL_SQFT":2005,"STATUS_TEXT_1":"Completely Developed","STATUS_TEXT_2":"(more than 100% of allowed density)","UV_NAME":"Capitol Hill"},"geometry":{"type":"Polygon","coordinates":[[[-122.314764277562,47.6236831125111],[-122.314766927983,47.6235181140003],[-122.314768693911,47.6234082219437],[-122.315174318078,47.6234095470794],[-122.315172553704,47.6235193212273],[-122.315169905188,47.6236841990916],[-122.314764277562,47.6236831125111]]]}},{"type":"Feature","properties":{"OBJECTID":18597,"PIN":"6849700205","ADDRESS":"200   YALE AVE N","PROP_NAME":"REI - SEATTLE","LAND_SQFT":90535,"LAND_USE_DESC":"Retail Store","ZONING":"SM-85","SF_UNITS":0,"YR_BUILT":"1996","REDEV_FL_AREA":543210,"AVAIL_SQFT":434568,"STATUS_TEXT_1":"Significantly Under Developed","STATUS_TEXT_2":"(under 20% of allowed density)","UV_NAME":"South Lake Union"},"geometry":{"type":"Polygon","coordinates":[[[-122.329277366607,47.6197720695014],[-122.329277230607,47.619750414917],[-122.329307192712,47.619750544801],[-122.329754855266,47.6197524632772],[-122.329818547028,47.6197522975907],[-122.330296185674,47.6197510229245],[-122.33029675936,47.6198607423046],[-122.330297332575,47.6199704452386],[-122.330297905556,47.6200801399495],[-122.330298482751,47.6201898400886],[-122.330299055895,47.6202995402807],[-122.330299633095,47.6204092404193],[-122.330300206243,47.6205189406108],[-122.330300491422,47.6205738126609],[-122.33030077534,47.6206286408554],[-122.330301348493,47.6207383410463],[-122.329824206094,47.620739699576],[-122.329760582437,47.6207398780644],[-122.329283439931,47.6207412315864],[-122.329282750724,47.6206315110079],[-122.329282061521,47.6205217904291],[-122.329281376375,47.6204120697967],[-122.329280687177,47.6203023492174],[-122.329279997982,47.6201926286377],[-122.329279308791,47.6200829080577],[-122.329278623656,47.6199731874241],[-122.32927793447,47.6198634668436],[-122.329277366607,47.6197720695014]]]}},{"type":"Feature","properties":{"OBJECTID":18691,"PIN":"3448001771","ADDRESS":"11517 B  28TH AVE NE","PROP_NAME":"townhouse","LAND_SQFT":1147,"LAND_USE_DESC":"Townhouse Plat","ZONING":"LR2","SF_UNITS":0,"YR_BUILT":"2000","REDEV_FL_AREA":1319,"AVAIL_SQFT":0,"STATUS_TEXT_1":"Substantially Developed","STATUS_TEXT_2":"(81% - 100% of allowed density)","UV_NAME":"Outside Villages"},"geometry":{"type":"Polygon","coordinates":[[[-122.297833451585,47.7126291696899],[-122.297834023372,47.7126017590398],[-122.297835614151,47.7125262026586],[-122.297959629773,47.7125274886698],[-122.297957804544,47.7126167661719],[-122.297957520713,47.7126304714711],[-122.297833451585,47.7126291696899]]]}},{"type":"Feature","properties":{"OBJECTID":18778,"PIN":"8816400120","ADDRESS":"4508   UNIVERSITY WAY NE","PROP_NAME":"Bella Rosa Cafe","LAND_SQFT":3119,"LAND_USE_DESC":"Restaurant/Lounge","ZONING":"NC3P-65","SF_UNITS":0,"YR_BUILT":"1980","REDEV_FL_AREA":17934,"AVAIL_SQFT":11228,"STATUS_TEXT_1":"Under Developed","STATUS_TEXT_2":"(21% - 40% of allowed density)","UV_NAME":"University District Northwest"},"geometry":{"type":"Polygon","coordinates":[[[-122.312583835113,47.6616631722029],[-122.312585088754,47.6615809976137],[-122.312585106399,47.6615797634881],[-122.313003120013,47.6615825406444],[-122.31300309832,47.6615837748228],[-122.313001841906,47.6616659713971],[-122.312583835113,47.6616631722029]]]}},{"type":"Feature","properties":{"OBJECTID":18903,"PIN":"8822901221","ADDRESS":"12049 C  33RD AVE NE","PROP_NAME":"Townhouse","LAND_SQFT":1013,"LAND_USE_DESC":"Townhouse Plat","ZONING":"LR2","SF_UNITS":0,"YR_BUILT":"2006","REDEV_FL_AREA":1165,"AVAIL_SQFT":0,"STATUS_TEXT_1":"Substantially Developed","STATUS_TEXT_2":"(81% - 100% of allowed density)","UV_NAME":"Lake City"},"geometry":{"type":"Polygon","coordinates":[[[-122.292918268804,47.7169771232222],[-122.292919811823,47.7169389269973],[-122.292920031407,47.7169334402429],[-122.292920312546,47.7169265296172],[-122.292920479215,47.7169223404928],[-122.293148797512,47.7169265412239],[-122.293148349753,47.7169376409749],[-122.293146587342,47.7169813239578],[-122.292918268804,47.7169771232222]]]}},{"type":"Feature","properties":{"OBJECTID":18979,"PIN":"2902200720","ADDRESS":"2210   FRANKLIN AVE E","PROP_NAME":"FRANKLIN HOUSE APT","LAND_SQFT":6587,"LAND_USE_DESC":"Apartment","ZONING":"LR3","SF_UNITS":0,"YR_BUILT":"1983","REDEV_FL_AREA":10539,"AVAIL_SQFT":2635,"STATUS_TEXT_1":"Moderately Developed","STATUS_TEXT_2":"(41% - 80% of allowed density)","UV_NAME":"Eastlake"},"geometry":{"type":"Polygon","coordinates":[[[-122.324111505001,47.6386578690436],[-122.324111777662,47.6384934413169],[-122.324557250918,47.63849349161],[-122.324556995887,47.6386579191253],[-122.324111505001,47.6386578690436]]]}},{"type":"Feature","properties":{"OBJECTID":19053,"PIN":"9137100905","ADDRESS":"7201   6TH AVE NE","PROP_NAME":"THE SIXTH AVE APTS","LAND_SQFT":6010,"LAND_USE_DESC":"Apartment","ZONING":"LR3","SF_UNITS":0,"YR_BUILT":"1990","REDEV_FL_AREA":9616,"AVAIL_SQFT":0,"STATUS_TEXT_1":"Completely Developed","STATUS_TEXT_2":"(more than 100% of allowed density)","UV_NAME":"Green Lake"},"geometry":{"type":"Polygon","coordinates":[[[-122.322060297398,47.6812493252949],[-122.322019658325,47.681248932206],[-122.321897745013,47.6812477473173],[-122.321892675428,47.6809735426246],[-122.322014692526,47.6809746877663],[-122.32213670963,47.6809758327774],[-122.322141575701,47.6812501169112],[-122.322060297398,47.6812493252949]]]}},{"type":"Feature","properties":{"OBJECTID":19125,"PIN":"3834500570","ADDRESS":"2600  NE 125TH ST","PROP_NAME":"LAKE CITY APTS","LAND_SQFT":8103,"LAND_USE_DESC":"Apartment","ZONING":"LR2","SF_UNITS":0,"YR_BUILT":"1981","REDEV_FL_AREA":9318,"AVAIL_SQFT":4052,"STATUS_TEXT_1":"Completely Developed","STATUS_TEXT_2":"(more than 100% of allowed density)","UV_NAME":"Lake City"},"geometry":{"type":"Polygon","coordinates":[[[-122.299785085994,47.7195519044161],[-122.299783891484,47.7193949389075],[-122.300335694849,47.7193980467354],[-122.300336105404,47.7193980524213],[-122.300342221844,47.7193988127758],[-122.300347714341,47.7194007876269],[-122.300352061623,47.7194037917428],[-122.300354857576,47.7194075451829],[-122.300355836161,47.7194116921711],[-122.30035680545,47.7195557349164],[-122.299785085994,47.7195519044161]]]}},{"type":"Feature","properties":{"OBJECTID":19258,"PIN":"4206901020","ADDRESS":"400  NE 42ND ST","PROP_NAME":"LATONA ELEMENTARY SCHOOL","LAND_SQFT":96210,"LAND_USE_DESC":"School(Public)","ZONING":"SF 5000","SF_UNITS":0,"YR_BUILT":"1980","REDEV_FL_AREA":96210,"AVAIL_SQFT":38484,"STATUS_TEXT_1":"Landmark/Historic Status or has Transferred Development Rights","STATUS_TEXT_2":null,"UV_NAME":"Outside Villages"},"geometry":{"type":"Polygon","coordinates":[[[-122.323618368574,47.6562816431892],[-122.32402469898,47.656284178514],[-122.324431029504,47.6562867151302],[-122.324430240075,47.6563415435445],[-122.324429449103,47.6563964597228],[-122.324427860425,47.6565061989392],[-122.324426275876,47.656615940843],[-122.32442469132,47.6567256827463],[-122.324423106679,47.6568354219082],[-122.324421522109,47.6569451638107],[-122.324419937533,47.6570549057127],[-122.324418348893,47.6571646476673],[-122.324416764304,47.6572743895684],[-122.324415179708,47.657384131469],[-122.324413595184,47.6574938761101],[-122.324412014552,47.6576036152158],[-122.324090785194,47.6576016672945],[-122.324005791577,47.6576012250574],[-122.323599576832,47.6575988360852],[-122.323601138186,47.6574890725875],[-122.323602699376,47.6573793036074],[-122.323604268752,47.6572695372617],[-122.323605834064,47.6571597709686],[-122.323607403427,47.6570500046219],[-122.323608964669,47.656940238381],[-122.323610534019,47.6568304720335],[-122.323612099383,47.6567207084795],[-122.323613664662,47.6566109421841],[-122.323615229935,47.6565011758884],[-122.323616803315,47.6563914094859],[-122.323618368574,47.6562816431892]]]}},{"type":"Feature","properties":{"OBJECTID":19323,"PIN":"7217400580","ADDRESS":"1137   25TH AVE","PROP_NAME":"Mixed Use - Residential/Retail","LAND_SQFT":1071,"LAND_USE_DESC":"Townhouse Plat","ZONING":"NC2P-40","SF_UNITS":0,"YR_BUILT":"2008","REDEV_FL_AREA":3213,"AVAIL_SQFT":1499,"STATUS_TEXT_1":"Moderately Developed","STATUS_TEXT_2":"(41% - 80% of allowed density)","UV_NAME":"23rd & Union-Jackson"},"geometry":{"type":"Polygon","coordinates":[[[-122.300329477736,47.6127097762115],[-122.300317123575,47.6127017698386],[-122.300305688964,47.6127098388517],[-122.300288085224,47.6127100877261],[-122.300274413428,47.6127012263827],[-122.300247329016,47.6127016139205],[-122.300247430609,47.6126929918018],[-122.300248195255,47.6126271989191],[-122.300248404406,47.6126091594283],[-122.300349398312,47.6126103417027],[-122.3003491868,47.612628296223],[-122.300355724856,47.6126282037085],[-122.300377925,47.6126278873395],[-122.300377160518,47.612693680223],[-122.300364473409,47.6127026291157],[-122.300354776104,47.6127094665197],[-122.300352569533,47.6127110249959],[-122.300339612352,47.6127026288113],[-122.300329477736,47.6127097762115]]]}},{"type":"Feature","properties":{"OBJECTID":19455,"PIN":"7152200425","ADDRESS":"1403   33RD AVE","PROP_NAME":"FOURPLEX","LAND_SQFT":5498,"LAND_USE_DESC":"4-Plex","ZONING":"LR2","SF_UNITS":0,"YR_BUILT":"1911","REDEV_FL_AREA":6323,"AVAIL_SQFT":0,"STATUS_TEXT_1":"Significantly Under Developed","STATUS_TEXT_2":"(under 20% of allowed density)","UV_NAME":"Outside Villages"},"geometry":{"type":"Polygon","coordinates":[[[-122.29066318427,47.6131333670701],[-122.290475745829,47.6131314775556],[-122.290477838843,47.6130561340203],[-122.290479935944,47.6129807918034],[-122.290885244635,47.6129847949123],[-122.290883126978,47.6130601785371],[-122.290881021477,47.613135562006],[-122.29066318427,47.6131333670701]]]}},{"type":"Feature","properties":{"OBJECTID":19550,"PIN":"2926049564","ADDRESS":"11316 C  8TH AVE NE","PROP_NAME":"TOWNHOUSE UNIT","LAND_SQFT":1156,"LAND_USE_DESC":"Townhouse Plat","ZONING":"LR2","SF_UNITS":0,"YR_BUILT":"2007","REDEV_FL_AREA":1329,"AVAIL_SQFT":0,"STATUS_TEXT_1":"Substantially Developed","STATUS_TEXT_2":"(81% - 100% of allowed density)","UV_NAME":"Northgate"},"geometry":{"type":"Polygon","coordinates":[[[-122.319707533331,47.7110314318175],[-122.319708114265,47.7109875688412],[-122.319681657749,47.710987411978],[-122.319682709801,47.7109079134301],[-122.319720596555,47.7109081406303],[-122.319793854882,47.7109085811726],[-122.31979860495,47.710908609726],[-122.319797029073,47.7110319705103],[-122.319707533331,47.7110314318175]]]}},{"type":"Feature","properties":{"OBJECTID":19611,"PIN":"2902200606","ADDRESS":"2243   FRANKLIN AVE E","PROP_NAME":"Martina Apt","LAND_SQFT":4182,"LAND_USE_DESC":"Apartment","ZONING":"LR3","SF_UNITS":0,"YR_BUILT":"2003","REDEV_FL_AREA":6691,"AVAIL_SQFT":418,"STATUS_TEXT_1":"Substantially Developed","STATUS_TEXT_2":"(81% - 100% of allowed density)","UV_NAME":"Eastlake"},"geometry":{"type":"Polygon","coordinates":[[[-122.324798981214,47.6395396702922],[-122.325244004094,47.6395405355487],[-122.32524378182,47.6396446523078],[-122.324798812662,47.6396445595797],[-122.324798981214,47.6395396702922]]]}},{"type":"Feature","properties":{"OBJECTID":19702,"PIN":"4232400600","ADDRESS":"513 B  16TH AVE E","PROP_NAME":"2 Duplexes","LAND_SQFT":1337,"LAND_USE_DESC":"Townhouse Plat","ZONING":"LR3","SF_UNITS":0,"YR_BUILT":"2002","REDEV_FL_AREA":2139,"AVAIL_SQFT":267,"STATUS_TEXT_1":"Moderately Developed","STATUS_TEXT_2":"(41% - 80% of allowed density)","UV_NAME":"Capitol Hill"},"geometry":{"type":"Polygon","coordinates":[[[-122.311715405479,47.6237225964648],[-122.311716433915,47.6236620234107],[-122.311756985206,47.62366220137],[-122.311962078451,47.6236631126902],[-122.311961297444,47.6237099780453],[-122.311961076194,47.6237233124987],[-122.31196106644,47.6237236827948],[-122.311715405479,47.6237225964648]]]}},{"type":"Feature","properties":{"OBJECTID":19801,"PIN":"2192900000","ADDRESS":"2112  E THOMAS ST","PROP_NAME":"EAST THOMAS STREET  CONDOS CONDOMINIUM","LAND_SQFT":8371,"LAND_USE_DESC":"Condominium(Residential)","ZONING":"SF 5000","SF_UNITS":0,"YR_BUILT":"1980","REDEV_FL_AREA":8371,"AVAIL_SQFT":0,"STATUS_TEXT_1":"Completely Developed","STATUS_TEXT_2":"(more than 100% of allowed density)","UV_NAME":"Madison-Miller"},"geometry":{"type":"Polygon","coordinates":[[[-122.304105691791,47.6216924745901],[-122.303728396308,47.6216919095478],[-122.303730192306,47.6215822588655],[-122.30373199594,47.6214725916321],[-122.304158005459,47.6214749866735],[-122.304156177769,47.6215837713153],[-122.304154353894,47.6216925476815],[-122.304105691791,47.6216924745901]]]}},{"type":"Feature","properties":{"OBJECTID":19923,"PIN":"5015100000","ADDRESS":"2005   42ND AVE E","PROP_NAME":"MADISON PARK MANOR CONDOMINIUM","LAND_SQFT":9350,"LAND_USE_DESC":"Condominium(Residential)","ZONING":"SF 5000","SF_UNITS":0,"YR_BUILT":"1984","REDEV_FL_AREA":9350,"AVAIL_SQFT":1870,"STATUS_TEXT_1":"Completely Developed","STATUS_TEXT_2":"(more than 100% of allowed density)","UV_NAME":"Outside Villages"},"geometry":{"type":"Polygon","coordinates":[[[-122.278569225241,47.6373885504722],[-122.278572024465,47.6371554062509],[-122.279017952426,47.637157668817],[-122.279015155429,47.6373908212723],[-122.278569225241,47.6373885504722]]]}},{"type":"Feature","properties":{"OBJECTID":20013,"PIN":"6414100160","ADDRESS":"12520   ROOSEVELT WAY NE","PROP_NAME":"PARK VIEW APTS","LAND_SQFT":32907,"LAND_USE_DESC":"Apartment","ZONING":"LR3","SF_UNITS":0,"YR_BUILT":"1977","REDEV_FL_AREA":37916,"AVAIL_SQFT":16454,"STATUS_TEXT_1":"Completely Developed","STATUS_TEXT_2":"(more than 100% of allowed density)","UV_NAME":"Outside Villages"},"geometry":{"type":"Polygon","coordinates":[[[-122.319481231749,47.7208604732421],[-122.319237452582,47.7208587255247],[-122.319124677046,47.720857913688],[-122.318993709832,47.7208569713279],[-122.318979456428,47.7208568691207],[-122.318837023864,47.7208558428877],[-122.318837919918,47.7206922962563],[-122.31883883582,47.7205260347957],[-122.318656014434,47.7205247448088],[-122.318657005545,47.720360239991],[-122.318250827427,47.7203573726549],[-122.318251508987,47.7202327239484],[-122.318251730151,47.7201921478637],[-122.318252655746,47.7200228920499],[-122.318253730289,47.7200168456819],[-122.318256961144,47.7200108946231],[-122.318262128792,47.7200056038395],[-122.318268956898,47.7200012566124],[-122.318277078199,47.7199980825672],[-122.318286074886,47.7199962489218],[-122.318295446113,47.7199958609103],[-122.318304700629,47.7199969331558],[-122.318313341164,47.7199994118106],[-122.318320912856,47.720003162957],[-122.318626065722,47.7201947115511],[-122.318626111187,47.7201947383788],[-122.3187237772,47.7202560465914],[-122.319157479842,47.7205282830578],[-122.319490696965,47.7207374374692],[-122.319489953816,47.720860540539],[-122.319481231749,47.7208604732421]]]}},{"type":"Feature","properties":{"OBJECTID":20066,"PIN":"6003501424","ADDRESS":"247   11TH AVE E","PROP_NAME":"Townhouse","LAND_SQFT":1044,"LAND_USE_DESC":"Townhouse Plat","ZONING":"LR3","SF_UNITS":0,"YR_BUILT":"2005","REDEV_FL_AREA":1670,"AVAIL_SQFT":418,"STATUS_TEXT_1":"Moderately Developed","STATUS_TEXT_2":"(41% - 80% of allowed density)","UV_NAME":"Capitol Hill"},"geometry":{"type":"Polygon","coordinates":[[[-122.318674660585,47.621001226897],[-122.318672577281,47.6208710145846],[-122.318735580589,47.6208705569991],[-122.318735770601,47.620882893518],[-122.31876549223,47.6208826783478],[-122.318765966058,47.6209130507788],[-122.318767381693,47.6210005541925],[-122.318674660585,47.621001226897]]]}},{"type":"Feature","properties":{"OBJECTID":20116,"PIN":"2883200115","ADDRESS":"7428  E GREEN LAKE DR N","PROP_NAME":"SP 77-161 & 77-163","LAND_SQFT":6771,"LAND_USE_DESC":"Single Family(Res Use/Zone)","ZONING":"LR2","SF_UNITS":1,"YR_BUILT":"1902","REDEV_FL_AREA":7787,"AVAIL_SQFT":4740,"STATUS_TEXT_1":"Significantly Under Developed","STATUS_TEXT_2":"(under 20% of allowed density)","UV_NAME":"Green Lake"},"geometry":{"type":"Polygon","coordinates":[[[-122.32812874208,47.6825632374086],[-122.328381809214,47.6823350156398],[-122.32844719584,47.6823675223637],[-122.328513724814,47.682398944681],[-122.328581367326,47.6824292692579],[-122.328584803956,47.6824307322611],[-122.328363824492,47.6826736830365],[-122.328353547754,47.6826693182491],[-122.328277349884,47.6826351902027],[-122.328202399565,47.6825998228077],[-122.32812874208,47.6825632374086]]]}},{"type":"Feature","properties":{"OBJECTID":20177,"PIN":"8804900370","ADDRESS":"1511   BOYLSTON AVE","PROP_NAME":"GLENCOE APTS","LAND_SQFT":5017,"LAND_USE_DESC":"Apartment","ZONING":"NC3P-65","SF_UNITS":0,"YR_BUILT":"1980","REDEV_FL_AREA":21322,"AVAIL_SQFT":4014,"STATUS_TEXT_1":"Moderately Developed","STATUS_TEXT_2":"(41% - 80% of allowed density)","UV_NAME":"Pike/Pine"},"geometry":{"type":"Polygon","coordinates":[[[-122.323529499383,47.6145989013585],[-122.323527854462,47.6144617569179],[-122.323576013503,47.6144614827134],[-122.323934384662,47.6144594515221],[-122.323936099408,47.6145965895722],[-122.32357299586,47.6145986525681],[-122.323529499383,47.6145989013585]]]}},{"type":"Feature","properties":{"OBJECTID":20263,"PIN":"2883201225","ADDRESS":"7451   CORLISS AVE N","PROP_NAME":"SP 77-161 & 77-163","LAND_SQFT":5107,"LAND_USE_DESC":"Single Family(Res Use/Zone)","ZONING":"SF 5000","SF_UNITS":1,"YR_BUILT":"1908","REDEV_FL_AREA":5107,"AVAIL_SQFT":3064,"STATUS_TEXT_1":"Substantially Developed","STATUS_TEXT_2":"(81% - 100% of allowed density)","UV_NAME":"Outside Villages"},"geometry":{"type":"Polygon","coordinates":[[[-122.330533653034,47.6842954834648],[-122.330533588434,47.6842900003098],[-122.330532220481,47.6841775605595],[-122.330532155881,47.6841720774045],[-122.330540259442,47.6841721710963],[-122.331008665483,47.6841775814022],[-122.331010193287,47.6842872194751],[-122.331010385435,47.6843009297028],[-122.330541760673,47.6842955771032],[-122.330533653034,47.6842954834648]]]}},{"type":"Feature","properties":{"OBJECTID":20373,"PIN":"2883201670","ADDRESS":"7456   WOODLAWN AVE NE","PROP_NAME":"SP 77-161 & 77-163","LAND_SQFT":2439,"LAND_USE_DESC":"Single Family(Res Use/Zone)","ZONING":"LR2","SF_UNITS":1,"YR_BUILT":"1913","REDEV_FL_AREA":2805,"AVAIL_SQFT":732,"STATUS_TEXT_1":"Moderately Developed","STATUS_TEXT_2":"(41% - 80% of allowed density)","UV_NAME":"Green Lake"},"geometry":{"type":"Polygon","coordinates":[[[-122.327450198191,47.6831362265564],[-122.327704912329,47.6829721338683],[-122.3277942471,47.6830280424564],[-122.3278091824,47.6830373887332],[-122.327643867621,47.6831401772405],[-122.327614850571,47.6831395871004],[-122.327450198191,47.6831362265564]]]}},{"type":"Feature","properties":{"OBJECTID":20432,"PIN":"8804900940","ADDRESS":"500  E UNION ST","PROP_NAME":"APARTMENT","LAND_SQFT":5012,"LAND_USE_DESC":"Apartment","ZONING":"MR","SF_UNITS":0,"YR_BUILT":"1974","REDEV_FL_AREA":21301,"AVAIL_SQFT":11026,"STATUS_TEXT_1":"Moderately Developed","STATUS_TEXT_2":"(41% - 80% of allowed density)","UV_NAME":"Pike/Pine"},"geometry":{"type":"Polygon","coordinates":[[[-122.324974464432,47.6131921620307],[-122.324972711772,47.6130550683257],[-122.32537903891,47.6130527081883],[-122.325380809091,47.6131898098974],[-122.324974464432,47.6131921620307]]]}},{"type":"Feature","properties":{"OBJECTID":20544,"PIN":"2208800000","ADDRESS":"2245   EASTLAKE AVE E","PROP_NAME":"Eastlake Lofts","LAND_SQFT":8205,"LAND_USE_DESC":"Condominium(Mixed Use)","ZONING":"NC2P-40","SF_UNITS":0,"YR_BUILT":"2007","REDEV_FL_AREA":24615,"AVAIL_SQFT":4102,"STATUS_TEXT_1":"Substantially Developed","STATUS_TEXT_2":"(81% - 100% of allowed density)","UV_NAME":"Eastlake"},"geometry":{"type":"Polygon","coordinates":[[[-122.326044365678,47.6394255744599],[-122.326460081222,47.6394256565883],[-122.326460078813,47.6394259966283],[-122.326459934258,47.6394804519747],[-122.326459767422,47.6395428923279],[-122.326462108507,47.6395428972713],[-122.32646183158,47.6396448842448],[-122.326459494704,47.6396448847301],[-122.326043789653,47.639644805181],[-122.326044058639,47.6395420889505],[-122.326044222253,47.6394803670516],[-122.326044363739,47.6394259309457],[-122.326044365678,47.6394255744599]]]}},{"type":"Feature","properties":{"OBJECTID":20633,"PIN":"3997900000","ADDRESS":"13227   35TH AVE NE","PROP_NAME":"LAKE CITY TERRACE CONDOMINIUM","LAND_SQFT":7452,"LAND_USE_DESC":"Condominium(Residential)","ZONING":"LR2","SF_UNITS":0,"YR_BUILT":"1995","REDEV_FL_AREA":8570,"AVAIL_SQFT":745,"STATUS_TEXT_1":"Substantially Developed","STATUS_TEXT_2":"(81% - 100% of allowed density)","UV_NAME":"Outside Villages"},"geometry":{"type":"Polygon","coordinates":[[[-122.291011404202,47.7255840962548],[-122.291008704205,47.7254469664998],[-122.291620573141,47.7254467967611],[-122.291610262349,47.7255839201517],[-122.291011404202,47.7255840962548]]]}},{"type":"Feature","properties":{"OBJECTID":20695,"PIN":"0704000000","ADDRESS":"750   BELMONT AVE E","PROP_NAME":"BELMONT COURT CONDOMINIUM","LAND_SQFT":9863,"LAND_USE_DESC":"Condominium(Residential)","ZONING":"LR3","SF_UNITS":0,"YR_BUILT":"1987","REDEV_FL_AREA":15781,"AVAIL_SQFT":1973,"STATUS_TEXT_1":"Completely Developed","STATUS_TEXT_2":"(more than 100% of allowed density)","UV_NAME":"Capitol Hill"},"geometry":{"type":"Polygon","coordinates":[[[-122.324864655363,47.626631422779],[-122.324866795559,47.6265216021692],[-122.324834350693,47.6265215913429],[-122.324835419983,47.6264669346845],[-122.324836495004,47.6264117706802],[-122.324787830031,47.6264117612502],[-122.324789964176,47.6263024315411],[-122.324871077829,47.6263024517423],[-122.325004782558,47.6263024791477],[-122.325322225402,47.6266315295923],[-122.324864655363,47.626631422779]]]}},{"type":"Feature","properties":{"OBJECTID":20787,"PIN":"6079500295","ADDRESS":"4355  NE 55TH ST","PROP_NAME":"SF RES (FORMER UTILITY BLDG)","LAND_SQFT":4992,"LAND_USE_DESC":"Single Family(Res Use/Zone)","ZONING":"SF 5000","SF_UNITS":1,"YR_BUILT":"1991","REDEV_FL_AREA":4992,"AVAIL_SQFT":2995,"STATUS_TEXT_1":"Substantially Developed","STATUS_TEXT_2":"(81% - 100% of allowed density)","UV_NAME":"Outside Villages"},"geometry":{"type":"Polygon","coordinates":[[[-122.27957760421,47.668621949618],[-122.2796333551,47.6686145185002],[-122.279816230584,47.6687495609592],[-122.279860489881,47.668866410075],[-122.279580754774,47.6689147628707],[-122.27957760421,47.668621949618]]]}},{"type":"Feature","properties":{"OBJECTID":20859,"PIN":"6003001250","ADDRESS":"1825   HARVARD AVE","PROP_NAME":"Harvard Ave Apts","LAND_SQFT":3502,"LAND_USE_DESC":"Apartment","ZONING":"MR","SF_UNITS":0,"YR_BUILT":"1981","REDEV_FL_AREA":14884,"AVAIL_SQFT":9105,"STATUS_TEXT_1":"Under Developed","STATUS_TEXT_2":"(21% - 40% of allowed density)","UV_NAME":"Capitol Hill"},"geometry":{"type":"Polygon","coordinates":[[[-122.322511813831,47.6184220964498],[-122.322315576304,47.6184229914906],[-122.32231379675,47.6183133429045],[-122.322512901998,47.618311064013],[-122.322624460548,47.6183105556492],[-122.322626427168,47.6183105463654],[-122.322666976208,47.6183103612112],[-122.322668537752,47.6184204431489],[-122.322625297055,47.6184206717525],[-122.322511822568,47.6184212682507],[-122.322511813831,47.6184220964498]]]}},{"type":"Feature","properties":{"OBJECTID":20962,"PIN":"6844700605","ADDRESS":"9118   35TH AVE NE","PROP_NAME":"MORNINGSIDE MARKET","LAND_SQFT":9399,"LAND_USE_DESC":"Conv Store without Gas","ZONING":"SF 5000","SF_UNITS":0,"YR_BUILT":"1980","REDEV_FL_AREA":9399,"AVAIL_SQFT":6579,"STATUS_TEXT_1":"Significantly Under Developed","STATUS_TEXT_2":"(under 20% of allowed density)","UV_NAME":"Outside Villages"},"geometry":{"type":"Polygon","coordinates":[[[-122.290060190199,47.6951845567772],[-122.290066672803,47.6949260457201],[-122.290107282086,47.6949261737788],[-122.290229097755,47.6949265580238],[-122.290343175807,47.6949269176657],[-122.290350913426,47.6949269421386],[-122.290359426798,47.6949269676617],[-122.290464597514,47.6949273012114],[-122.290472716996,47.6949273290199],[-122.290472578369,47.6949328119965],[-122.290466256635,47.6951858370995],[-122.290352559879,47.695185480925],[-122.290344440433,47.695185455849],[-122.290336312867,47.6951854308761],[-122.290230743524,47.695185094071],[-122.290222615959,47.6951850690901],[-122.290214496513,47.6951850440048],[-122.290108927249,47.6951847098278],[-122.290100799683,47.6951846848382],[-122.290092680238,47.6951846597442],[-122.290060190199,47.6951845567772]]]}},{"type":"Feature","properties":{"OBJECTID":21049,"PIN":"4088802460","ADDRESS":"1801   FAIRVIEW AVE E","PROP_NAME":"US HOMEPORT","LAND_SQFT":103893,"LAND_USE_DESC":"Office Building","ZONING":"IG1 U/45","SF_UNITS":0,"YR_BUILT":"1996","REDEV_FL_AREA":512,"AVAIL_SQFT":0,"STATUS_TEXT_1":"Site with No Additional Development Allowed","STATUS_TEXT_2":"","UV_NAME":"Eastlake"},"geometry":{"type":"Polygon","coordinates":[[[-122.328802991365,47.6363229069442],[-122.328606722576,47.6362114819919],[-122.328363633197,47.6360734695198],[-122.328120541131,47.6359354593224],[-122.327877450356,47.6357974486054],[-122.327733301357,47.6357156083135],[-122.327692691564,47.6356915620536],[-122.327634360611,47.635652933337],[-122.327580223902,47.6356128730535],[-122.327546065182,47.6355846126102],[-122.327544161846,47.6355828936768],[-122.32751368081,47.6355554157812],[-122.327483116888,47.6355253340611],[-122.327454431763,47.6354944215258],[-122.327427675514,47.6354627268753],[-122.327402890344,47.6354303071394],[-122.32738012259,47.6353972220351],[-122.327359410243,47.6353635231633],[-122.327340787473,47.6353292704006],[-122.327324288451,47.6352945236236],[-122.32730994337,47.6352593455032],[-122.327297774157,47.6352237933344],[-122.327287802894,47.6351879298942],[-122.327280047609,47.6351518180126],[-122.327274518139,47.6351155178851],[-122.32727123259,47.6350790950823],[-122.327270184658,47.6350426127534],[-122.327270633326,47.6348317700198],[-122.32727065188,47.6348230241527],[-122.327270682798,47.6348080003037],[-122.327270778738,47.6347640282589],[-122.327270994347,47.6346621517324],[-122.327271359015,47.6344903301955],[-122.327546147649,47.6346463578218],[-122.32754731183,47.6340980594828],[-122.327637189134,47.6341490930093],[-122.327880288341,47.6342871232198],[-122.32812338494,47.6344251584458],[-122.328366486885,47.634563193099],[-122.328609585985,47.6347012245448],[-122.328852694487,47.6348392553644],[-122.329095800223,47.6349772857177],[-122.32933890725,47.6351153155514],[-122.329582015567,47.6352533448654],[-122.329580446379,47.6360756136091],[-122.329579916533,47.636352899083],[-122.329355303827,47.636326763727],[-122.329336606129,47.6363245882396],[-122.329290318795,47.6363192024569],[-122.329210083795,47.6363098672865],[-122.32909320979,47.636331294793],[-122.329010801458,47.6363464028555],[-122.328849858303,47.6363282057922],[-122.328802991365,47.6363229069442]]]}},{"type":"Feature","properties":{"OBJECTID":21127,"PIN":"6848200190","ADDRESS":"426   BELLEVUE AVE E","PROP_NAME":"APARTMENT","LAND_SQFT":3001,"LAND_USE_DESC":"Apartment","ZONING":"MR","SF_UNITS":0,"YR_BUILT":"1982","REDEV_FL_AREA":12754,"AVAIL_SQFT":6002,"STATUS_TEXT_1":"Moderately Developed","STATUS_TEXT_2":"(41% - 80% of allowed density)","UV_NAME":"Capitol Hill"},"geometry":{"type":"Polygon","coordinates":[[[-122.326266110874,47.6228883131737],[-122.326265177334,47.622723785937],[-122.326436090853,47.6227233207164],[-122.326467930331,47.6227232348011],[-122.326468868488,47.6228877592419],[-122.326433423642,47.6228878568078],[-122.326266110874,47.6228883131737]]]}},{"type":"Feature","properties":{"OBJECTID":21160,"PIN":"4092301815","ADDRESS":"4052   7TH AVE NE","PROP_NAME":"DUPLEX","LAND_SQFT":3011,"LAND_USE_DESC":"Duplex","ZONING":"LR3","SF_UNITS":0,"YR_BUILT":"1905","REDEV_FL_AREA":4818,"AVAIL_SQFT":3312,"STATUS_TEXT_1":"Moderately Developed","STATUS_TEXT_2":"(41% - 80% of allowed density)","UV_NAME":"University District Northwest"},"geometry":{"type":"Polygon","coordinates":[[[-122.320320338191,47.6571756924493],[-122.320320407097,47.6571617841368],[-122.320320762601,47.6570931939039],[-122.320726747823,47.6570938152145],[-122.320726372648,47.6571624084545],[-122.320726296443,47.657176341542],[-122.320320338191,47.6571756924493]]]}},{"type":"Feature","properties":{"OBJECTID":21232,"PIN":"1338801105","ADDRESS":"1000   TURNER WAY E","PROP_NAME":"SMALL OFFICE","LAND_SQFT":4218,"LAND_USE_DESC":"Office Building","ZONING":"SF 5000","SF_UNITS":0,"YR_BUILT":"1985","REDEV_FL_AREA":4218,"AVAIL_SQFT":0,"STATUS_TEXT_1":"Significantly Under Developed","STATUS_TEXT_2":"(under 20% of allowed density)","UV_NAME":"Outside Villages"},"geometry":{"type":"Polygon","coordinates":[[[-122.30181103273,47.6277878453408],[-122.301816062744,47.6275137215206],[-122.302102110324,47.6275153420432],[-122.301867073571,47.6277881697802],[-122.30181103273,47.6277878453408]]]}},{"type":"Feature","properties":{"OBJECTID":21333,"PIN":"6746700170","ADDRESS":"1202  NE 50TH ST","PROP_NAME":"Rooming House","LAND_SQFT":3561,"LAND_USE_DESC":"Rooming House","ZONING":"LR3","SF_UNITS":0,"YR_BUILT":"1985","REDEV_FL_AREA":5698,"AVAIL_SQFT":3205,"STATUS_TEXT_1":"Special Land Use Type","STATUS_TEXT_2":null,"UV_NAME":"University District Northwest"},"geometry":{"type":"Polygon","coordinates":[[[-122.314958676656,47.6651616397688],[-122.314872588937,47.665160974461],[-122.314873849265,47.6650787311747],[-122.314875108729,47.6649964577374],[-122.315115911215,47.6649985325229],[-122.315114823716,47.665080702277],[-122.315113735199,47.6651628363982],[-122.314958676656,47.6651616397688]]]}},{"type":"Feature","properties":{"OBJECTID":21466,"PIN":"3821700036","ADDRESS":"3030  NE 137TH ST","PROP_NAME":"sfr","LAND_SQFT":16780,"LAND_USE_DESC":"Single Family(C/I Zone)","ZONING":"LR3","SF_UNITS":1,"YR_BUILT":"1942","REDEV_FL_AREA":21814,"AVAIL_SQFT":20136,"STATUS_TEXT_1":"Significantly Under Developed","STATUS_TEXT_2":"(under 20% of allowed density)","UV_NAME":"Outside Villages"},"geometry":{"type":"Polygon","coordinates":[[[-122.294760589735,47.7284078833264],[-122.294622931606,47.7280956476502],[-122.294694983338,47.728081116019],[-122.294701025009,47.7280799089105],[-122.29470492512,47.7280791405388],[-122.294708829526,47.7280783803378],[-122.294712738225,47.7280776283077],[-122.294716647078,47.7280768817593],[-122.294720560303,47.7280761461227],[-122.294724477821,47.7280754186569],[-122.294728399556,47.7280746966208],[-122.2947323216,47.7280739855485],[-122.294736243875,47.728073282699],[-122.294740178492,47.7280725851752],[-122.294744113417,47.7280718986152],[-122.294748048419,47.7280712147961],[-122.29475198787,47.7280705446296],[-122.294755931614,47.7280698826339],[-122.294759875512,47.72806922612],[-122.294763823705,47.7280685777769],[-122.294767776268,47.7280679403456],[-122.294771728986,47.728067308396],[-122.294775685998,47.7280666846172],[-122.29477964738,47.7280660717502],[-122.294783608917,47.7280654643649],[-122.294787574748,47.7280648651505],[-122.29479154081,47.7280642741588],[-122.294795511244,47.7280636940788],[-122.294799485893,47.7280631194287],[-122.294803460775,47.7280625530013],[-122.29480743995,47.7280619947447],[-122.294811423496,47.7280614473998],[-122.294815403134,47.7280609055888],[-122.294819391129,47.7280603718965],[-122.294823379355,47.728059846427],[-122.294827367812,47.7280593291803],[-122.294831360641,47.7280588228454],[-122.294835353623,47.7280583219922],[-122.294839350977,47.7280578320508],[-122.29484335247,47.7280573447982],[-122.294847354349,47.7280568712504],[-122.294851356382,47.7280564031843],[-122.29485536271,47.7280559432891],[-122.294859373408,47.7280554943055],[-122.294863380198,47.7280550508558],[-122.294867395345,47.7280546155248],[-122.294871406737,47.7280541912097],[-122.294875422346,47.7280537723243],[-122.29487944225,47.7280533616097],[-122.294883462462,47.7280529618589],[-122.294887482905,47.7280525703308],[-122.294891503502,47.7280521842846],[-122.294895528471,47.7280518091501],[-122.294899557657,47.7280514394454],[-122.294903583088,47.7280510807565],[-122.294907612814,47.7280507302384],[-122.294911650818,47.7280503850979],[-122.294915676944,47.7280500510775],[-122.294919711427,47.7280497251757],[-122.29492374614,47.7280494074967],[-122.294927785148,47.7280490979885],[-122.29493182431,47.7280487939621],[-122.294935863781,47.7280485008994],[-122.294939903483,47.7280482160596],[-122.294943951542,47.7280479393384],[-122.294947991707,47.7280476709443],[-122.294952036166,47.7280474107208],[-122.294956080933,47.7280471614611],[-122.294960129918,47.7280469176312],[-122.294964179134,47.728046682024],[-122.294968224518,47.7280464546917],[-122.29497227826,47.7280462354782],[-122.294976328247,47.7280460272804],[-122.294980382452,47.7280458245124],[-122.294984432902,47.7280456327603],[-122.294988487569,47.728045446438],[-122.294992542545,47.7280452710794],[-122.294996597675,47.7280451012026],[-122.295000653191,47.7280449450306],[-122.29521076521,47.7280368749487],[-122.295215228316,47.7284114313841],[-122.294760589735,47.7284078833264]]]}},{"type":"Feature","properties":{"OBJECTID":21513,"PIN":"4310701450","ADDRESS":"9550   INTERLAKE AVE N","PROP_NAME":"triplex","LAND_SQFT":5001,"LAND_USE_DESC":"Duplex","ZONING":"LR3","SF_UNITS":0,"YR_BUILT":"1969","REDEV_FL_AREA":8002,"AVAIL_SQFT":4501,"STATUS_TEXT_1":"Under Developed","STATUS_TEXT_2":"(21% - 40% of allowed density)","UV_NAME":"Aurora-Licton Springs"},"geometry":{"type":"Polygon","coordinates":[[[-122.340299192682,47.6993866189335],[-122.340298337229,47.6993180691059],[-122.340297485441,47.6992495055197],[-122.340494097333,47.6992501305371],[-122.340703598092,47.6992507849326],[-122.340704454078,47.6993193347573],[-122.340705306086,47.6993878873765],[-122.340492985707,47.6993872263878],[-122.340299192682,47.6993866189335]]]}},{"type":"Feature","properties":{"OBJECTID":21561,"PIN":"2776600073","ADDRESS":"8548 D  MARY AVE NW","PROP_NAME":"TOWNHOME","LAND_SQFT":1403,"LAND_USE_DESC":"Townhouse Plat","ZONING":"LR2","SF_UNITS":0,"YR_BUILT":"2002","REDEV_FL_AREA":1613,"AVAIL_SQFT":421,"STATUS_TEXT_1":"Publicly Owned","STATUS_TEXT_2":null,"UV_NAME":"Crown Hill"},"geometry":{"type":"Polygon","coordinates":[[[-122.374803548998,47.6920296369065],[-122.374803597964,47.6919750314173],[-122.375042047382,47.6919740023289],[-122.375086991409,47.6919738083713],[-122.375087356851,47.692028956665],[-122.375042552341,47.6920290637317],[-122.374803548998,47.6920296369065]]]}},{"type":"Feature","properties":{"OBJECTID":21631,"PIN":"5160450000","ADDRESS":"2030   WESTERN AVE","PROP_NAME":"MARKET COURT CONDOMINIUM","LAND_SQFT":20493,"LAND_USE_DESC":"Condominium(Residential)","ZONING":"PMM-85","SF_UNITS":0,"YR_BUILT":"1989","REDEV_FL_AREA":0,"AVAIL_SQFT":0,"STATUS_TEXT_1":"in a Zone with No Development Allowed Outright","STATUS_TEXT_2":null,"UV_NAME":"Commercial Core"},"geometry":{"type":"Polygon","coordinates":[[[-122.343720519737,47.6111263890377],[-122.343850523879,47.6110249155888],[-122.343953491977,47.6110843556533],[-122.344140557819,47.6109372114346],[-122.344175925519,47.6109593113907],[-122.344191575962,47.6109496271744],[-122.344473485184,47.6111163919871],[-122.344583276329,47.6111813387122],[-122.344231020468,47.6114536978202],[-122.343701838362,47.6111409709025],[-122.343720519737,47.6111263890377]]]}},{"type":"Feature","properties":{"OBJECTID":21669,"PIN":"2883201005","ADDRESS":"7551   BAGLEY AVE N","PROP_NAME":"SP 77-161 & 77-163","LAND_SQFT":7144,"LAND_USE_DESC":"Single Family(Res Use/Zone)","ZONING":"SF 5000","SF_UNITS":2,"YR_BUILT":"2013","REDEV_FL_AREA":7144,"AVAIL_SQFT":3572,"STATUS_TEXT_1":"Completely Developed","STATUS_TEXT_2":"(more than 100% of allowed density)","UV_NAME":"Outside Villages"},"geometry":{"type":"Polygon","coordinates":[[[-122.331739214547,47.6848445005614],[-122.331739133582,47.6848390176207],[-122.331747245367,47.6848391111199],[-122.332218299858,47.6848444762243],[-122.332223235159,47.6848445326399],[-122.332226435999,47.6848445693691],[-122.332226517016,47.6848500523095],[-122.332227640022,47.6849213570356],[-122.332227729157,47.6849268398691],[-122.332227814232,47.6849323227561],[-122.332228937242,47.685003627482],[-122.332229018259,47.6850091104223],[-122.332227982455,47.6850090986835],[-122.332220898328,47.685009017064],[-122.331741722337,47.6850035558371],[-122.331740510913,47.6849267682726],[-122.331740425889,47.6849212853853],[-122.331740336805,47.6849158025514],[-122.331739214547,47.6848445005614]]]}},{"type":"Feature","properties":{"OBJECTID":21754,"PIN":"3320000095","ADDRESS":"1265  S MAIN ST","PROP_NAME":"RAINIER CENTER","LAND_SQFT":11999,"LAND_USE_DESC":"Office Building","ZONING":"NC2P-65","SF_UNITS":0,"YR_BUILT":"1959","REDEV_FL_AREA":50996,"AVAIL_SQFT":26398,"STATUS_TEXT_1":"Moderately Developed","STATUS_TEXT_2":"(41% - 80% of allowed density)","UV_NAME":"12th Avenue"},"geometry":{"type":"Polygon","coordinates":[[[-122.314296078601,47.5995930106805],[-122.314701989093,47.5995932564929],[-122.314701985866,47.5997026704907],[-122.314701982716,47.5998120872292],[-122.314701979488,47.5999215012265],[-122.314295338456,47.599920746653],[-122.314295586549,47.5998115022251],[-122.314295834563,47.599702255056],[-122.314296078601,47.5995930106805]]]}},{"type":"Feature","properties":{"OBJECTID":21869,"PIN":"1988200005","ADDRESS":"11   MERCER ST","PROP_NAME":"RETAIL STORES","LAND_SQFT":3520,"LAND_USE_DESC":"Retail Store","ZONING":"NC3P-40","SF_UNITS":0,"YR_BUILT":"1985","REDEV_FL_AREA":10560,"AVAIL_SQFT":7040,"STATUS_TEXT_1":"Under Developed","STATUS_TEXT_2":"(21% - 40% of allowed density)","UV_NAME":"Uptown"},"geometry":{"type":"Polygon","coordinates":[[[-122.35609110053,47.624296988608],[-122.356314131682,47.624297796689],[-122.356312701778,47.6244732478828],[-122.356089669954,47.6244724425399],[-122.35609110053,47.624296988608]]]}},{"type":"Feature","properties":{"OBJECTID":21966,"PIN":"1498302305","ADDRESS":"1910   21ST AVE S","PROP_NAME":"AQUA MEDIA CORP","LAND_SQFT":25503,"LAND_USE_DESC":"Warehouse","ZONING":"C1-65","SF_UNITS":0,"YR_BUILT":"1980","REDEV_FL_AREA":108388,"AVAIL_SQFT":86710,"STATUS_TEXT_1":"Significantly Under Developed","STATUS_TEXT_2":"(under 20% of allowed density)","UV_NAME":"North Rainier"},"geometry":{"type":"Polygon","coordinates":[[[-122.30491959651,47.5856868085847],[-122.305405579607,47.5856884849729],[-122.30540531651,47.5857227523166],[-122.305404264504,47.5858598353962],[-122.305403212571,47.5859969212166],[-122.305403169806,47.5860021452658],[-122.305402160632,47.5861340070367],[-122.305401108688,47.5862710928565],[-122.304914682265,47.5862695537305],[-122.304915839897,47.5861324336604],[-122.304916949174,47.5860010586892],[-122.304916993472,47.5859953136424],[-122.304918155222,47.5858581962603],[-122.304919308784,47.5857210762418],[-122.30491959651,47.5856868085847]]]}},{"type":"Feature","properties":{"OBJECTID":22026,"PIN":"2919200875","ADDRESS":"8103   GREENWOOD AVE N","PROP_NAME":"7 UNIT APT","LAND_SQFT":3725,"LAND_USE_DESC":"Apartment","ZONING":"NC2P-40","SF_UNITS":0,"YR_BUILT":"1965","REDEV_FL_AREA":11175,"AVAIL_SQFT":7078,"STATUS_TEXT_1":"Under Developed","STATUS_TEXT_2":"(21% - 40% of allowed density)","UV_NAME":"Greenwood-Phinney Ridge"},"geometry":{"type":"Polygon","coordinates":[[[-122.355469820236,47.6878597731415],[-122.355469848348,47.6877479011369],[-122.355840175093,47.6877477004613],[-122.355840143638,47.6878595697794],[-122.355654977798,47.6878596689241],[-122.355469820236,47.6878597731415]]]}},{"type":"Feature","properties":{"OBJECTID":22144,"PIN":"8070000400","ADDRESS":"9508   RAINIER AVE S","PROP_NAME":"RESIDENCE \\ SHED W\\ 14 BOAT SLIPS","LAND_SQFT":3822,"LAND_USE_DESC":"Single Family(C/I Zone)","ZONING":"LR3","SF_UNITS":0,"YR_BUILT":"1970","REDEV_FL_AREA":0,"AVAIL_SQFT":0,"STATUS_TEXT_1":"Site with No Additional Development Allowed","STATUS_TEXT_2":null,"UV_NAME":"Rainier Beach"},"geometry":{"type":"Polygon","coordinates":[[[-122.260032711531,47.5210932022556],[-122.260705252271,47.5206962171788],[-122.260721221729,47.520686792546],[-122.260721439933,47.5206867788362],[-122.2610452651,47.5204955099103],[-122.261046356826,47.5204393106135],[-122.261050361737,47.5204389284992],[-122.261054366422,47.5204385381617],[-122.261058375154,47.5204381477731],[-122.261062379689,47.5204377519533],[-122.261066384073,47.5204373506512],[-122.261070388458,47.5204369493491],[-122.261074388646,47.5204365426156],[-122.261078388759,47.5204361331409],[-122.261082388797,47.5204357209251],[-122.261086392806,47.5204353059172],[-122.261090388572,47.5204348855289],[-122.26109438831,47.5204344623486],[-122.261098387972,47.5204340364271],[-122.261102383513,47.5204336078153],[-122.261106378903,47.5204331737213],[-122.261110374294,47.5204327396272],[-122.261114369534,47.5204323000509],[-122.261118364624,47.5204318549924],[-122.261122355742,47.5204314127257],[-122.261126350607,47.5204309594439],[-122.261130341425,47.5204305062128],[-122.261134332168,47.5204300502405],[-122.261138322836,47.5204295915272],[-122.261142309307,47.5204291273824],[-122.261146299749,47.5204286604457],[-122.26115028607,47.5204281908186],[-122.261154272316,47.5204277184504],[-122.261158258412,47.5204272406],[-122.261162240386,47.5204267600593],[-122.261166234424,47.5204262766249],[-122.261168279774,47.5204260260742],[-122.261167461664,47.5204682708235],[-122.261166840595,47.520500419928],[-122.26105069495,47.520569022256],[-122.261077251604,47.5205895356181],[-122.26103529127,47.5206143211602],[-122.260983503953,47.5206449088001],[-122.260884697215,47.5207032684143],[-122.260857764783,47.5206826308575],[-122.260848176845,47.520688292857],[-122.260784825612,47.5207257078911],[-122.26030972499,47.521006323175],[-122.260099393545,47.5211305575346],[-122.260032711531,47.5210932022556]]]}},{"type":"Feature","properties":{"OBJECTID":22279,"PIN":"1972202529","ADDRESS":"931 B N 35TH ST","PROP_NAME":"Townhome","LAND_SQFT":977,"LAND_USE_DESC":"Townhouse Plat","ZONING":"LR3","SF_UNITS":0,"YR_BUILT":"2001","REDEV_FL_AREA":1563,"AVAIL_SQFT":98,"STATUS_TEXT_1":"Substantially Developed","STATUS_TEXT_2":"(81% - 100% of allowed density)","UV_NAME":"Fremont"},"geometry":{"type":"Polygon","coordinates":[[[-122.345891350761,47.6496460237636],[-122.345901118337,47.6496165983202],[-122.345944631512,47.6494853522838],[-122.345979336315,47.649490572741],[-122.346009064551,47.6494950408041],[-122.345965523096,47.6496262858717],[-122.345955763747,47.6496557139539],[-122.345926035304,47.6496512417655],[-122.345891350761,47.6496460237636]]]}},{"type":"Feature","properties":{"OBJECTID":22330,"PIN":"8910500710","ADDRESS":"11011   GREENWOOD AVE N","PROP_NAME":"14 UNIT APT","LAND_SQFT":6651,"LAND_USE_DESC":"Apartment","ZONING":"LR3","SF_UNITS":0,"YR_BUILT":"1991","REDEV_FL_AREA":8646,"AVAIL_SQFT":0,"STATUS_TEXT_1":"Completely Developed","STATUS_TEXT_2":"(more than 100% of allowed density)","UV_NAME":"Outside Villages"},"geometry":{"type":"Polygon","coordinates":[[[-122.355666494815,47.7091263681955],[-122.355666474291,47.7091240048516],[-122.355665233518,47.7089617900299],[-122.356117080375,47.7089642255339],[-122.356118451351,47.7091259834555],[-122.356118473215,47.7091288074405],[-122.356118229396,47.7091288052132],[-122.355666494815,47.7091263681955]]]}},{"type":"Feature","properties":{"OBJECTID":22406,"PIN":"8823901265","ADDRESS":"5048   17TH AVE NE","PROP_NAME":"Rooming House 12 bedrooms","LAND_SQFT":6478,"LAND_USE_DESC":"Rooming House","ZONING":"SF 5000","SF_UNITS":0,"YR_BUILT":"1980","REDEV_FL_AREA":6478,"AVAIL_SQFT":3239,"STATUS_TEXT_1":"Special Land Use Type","STATUS_TEXT_2":null,"UV_NAME":"Outside Villages"},"geometry":{"type":"Polygon","coordinates":[[[-122.308903396969,47.666159558763],[-122.309341480085,47.6661625258281],[-122.309339736205,47.6662722197728],[-122.309338869765,47.6663270461088],[-122.308900796968,47.6663240624301],[-122.308901663637,47.6662692278745],[-122.308903396969,47.666159558763]]]}},{"type":"Feature","properties":{"OBJECTID":22539,"PIN":"0993000945","ADDRESS":"8821 B  STONE AVE N","PROP_NAME":"Townhouse","LAND_SQFT":1197,"LAND_USE_DESC":"Townhouse Plat","ZONING":"LR2","SF_UNITS":0,"YR_BUILT":"1999","REDEV_FL_AREA":1377,"AVAIL_SQFT":239,"STATUS_TEXT_1":"Substantially Developed","STATUS_TEXT_2":"(81% - 100% of allowed density)","UV_NAME":"Aurora-Licton Springs"},"geometry":{"type":"Polygon","coordinates":[[[-122.34144579719,47.6930758995095],[-122.341445157469,47.6930212652313],[-122.341444995013,47.693007554597],[-122.341639872155,47.6930092504707],[-122.341640683504,47.6930776226839],[-122.341591951795,47.6930771927411],[-122.34144579719,47.6930758995095]]]}},{"type":"Feature","properties":{"OBJECTID":22627,"PIN":"6373000095","ADDRESS":"3058   63RD AVE SW","PROP_NAME":"DUPLEX AND TRIPLEX","LAND_SQFT":4725,"LAND_USE_DESC":"Apartment","ZONING":"LR1","SF_UNITS":0,"YR_BUILT":"1991","REDEV_FL_AREA":4725,"AVAIL_SQFT":0,"STATUS_TEXT_1":"Completely Developed","STATUS_TEXT_2":"(more than 100% of allowed density)","UV_NAME":"Outside Villages"},"geometry":{"type":"Polygon","coordinates":[[[-122.412716227473,47.5767013539174],[-122.412719356281,47.5765916907819],[-122.413197766544,47.5765987059522],[-122.413194638327,47.5767083553963],[-122.412716227473,47.5767013539174]]]}},{"type":"Feature","properties":{"OBJECTID":22680,"PIN":"2265000150","ADDRESS":"1401  N 41ST ST","PROP_NAME":"DUPLEX","LAND_SQFT":2474,"LAND_USE_DESC":"Single Family(Res Use/Zone)","ZONING":"SF 5000","SF_UNITS":2,"YR_BUILT":"1910","REDEV_FL_AREA":2474,"AVAIL_SQFT":0,"STATUS_TEXT_1":"Completely Developed","STATUS_TEXT_2":"(more than 100% of allowed density)","UV_NAME":"Wallingford"},"geometry":{"type":"Polygon","coordinates":[[[-122.340535382906,47.6567481461755],[-122.340536227787,47.6566388411433],[-122.340537068368,47.6565295279414],[-122.340662858463,47.6565297716015],[-122.340662011697,47.6566392823146],[-122.340661172883,47.6567487874378],[-122.340535382906,47.6567481461755]]]}},{"type":"Feature","properties":{"OBJECTID":22824,"PIN":"2768302750","ADDRESS":"1101  NW LEARY WAY","PROP_NAME":"BIG 5 SPORTS/RETAIL","LAND_SQFT":28193,"LAND_USE_DESC":"Office Building","ZONING":"IG2 U/65","SF_UNITS":0,"YR_BUILT":"1992","REDEV_FL_AREA":28193,"AVAIL_SQFT":11277,"STATUS_TEXT_1":"Moderately Developed","STATUS_TEXT_2":"(41% - 80% of allowed density)","UV_NAME":"Ballard-Interbay-Northend"},"geometry":{"type":"Polygon","coordinates":[[[-122.371509581223,47.6630198158083],[-122.371509222565,47.663293966375],[-122.371508901785,47.6635355163967],[-122.371306113411,47.6635352384815],[-122.371103329015,47.6635349574096],[-122.370900544621,47.6635346759767],[-122.370900878123,47.6632933232495],[-122.370901256298,47.6630191752066],[-122.37110402854,47.6630193882243],[-122.37130680484,47.6630196008263],[-122.371509581223,47.6630198158083]]]}},{"type":"Feature","properties":{"OBJECTID":22888,"PIN":"3019300126","ADDRESS":"802  NW 54TH ST","PROP_NAME":"Townhouse Plat","LAND_SQFT":1366,"LAND_USE_DESC":"Townhouse Plat","ZONING":"LR1","SF_UNITS":0,"YR_BUILT":"1952","REDEV_FL_AREA":1366,"AVAIL_SQFT":0,"STATUS_TEXT_1":"Substantially Developed","STATUS_TEXT_2":"(81% - 100% of allowed density)","UV_NAME":"Outside Villages"},"geometry":{"type":"Polygon","coordinates":[[[-122.366341592715,47.6681518450479],[-122.366341750362,47.6680901637292],[-122.366475700396,47.6680906862348],[-122.366584479515,47.6680911113988],[-122.36658447163,47.6680934586818],[-122.3665842604,47.6681527633868],[-122.366475542423,47.6681523511081],[-122.366341592715,47.6681518450479]]]}},{"type":"Feature","properties":{"OBJECTID":22936,"PIN":"0659000070","ADDRESS":"500   PINE ST","PROP_NAME":"NORDSTROM DOWNTOWN","LAND_SQFT":65485,"LAND_USE_DESC":"Historic Prop(Retail)","ZONING":"DRC 85-150","SF_UNITS":0,"YR_BUILT":"1985","REDEV_FL_AREA":654850,"AVAIL_SQFT":19646,"STATUS_TEXT_1":"Landmark/Historic Status or has Transferred Development Rights","STATUS_TEXT_2":null,"UV_NAME":"Commercial Core"},"geometry":{"type":"Polygon","coordinates":[[[-122.336999673262,47.6124075438254],[-122.336585639832,47.6125819057142],[-122.336530661936,47.6126050589077],[-122.336117675101,47.6127789802143],[-122.336068851738,47.6127255936302],[-122.335940877013,47.6125856504278],[-122.335812907425,47.6124457207324],[-122.335684933919,47.6123057717595],[-122.335571880713,47.612182162753],[-122.335985688962,47.6120091264351],[-122.336040779318,47.6119860899209],[-122.336455337935,47.6118127458067],[-122.336566168652,47.6119339100185],[-122.336660371621,47.6120367276361],[-122.336695175946,47.6120747821313],[-122.336823021351,47.6122145726532],[-122.336957013548,47.6123609147468],[-122.336999673262,47.6124075438254]]]}},{"type":"Feature","properties":{"OBJECTID":23018,"PIN":"3646100290","ADDRESS":"2200  S JACKSON ST","PROP_NAME":"RETAIL BUILDING","LAND_SQFT":4264,"LAND_USE_DESC":"Retail Store","ZONING":"NC3P-65","SF_UNITS":0,"YR_BUILT":"1951","REDEV_FL_AREA":18122,"AVAIL_SQFT":14498,"STATUS_TEXT_1":"Significantly Under Developed","STATUS_TEXT_2":"(under 20% of allowed density)","UV_NAME":"23rd & Union-Jackson"},"geometry":{"type":"Polygon","coordinates":[[[-122.302961829961,47.5996011770372],[-122.302961426373,47.5993670848353],[-122.3031635311,47.5993657817501],[-122.303164006703,47.5996005256263],[-122.302961829961,47.5996011770372]]]}},{"type":"Feature","properties":{"OBJECTID":23080,"PIN":"1125039117","ADDRESS":"5511 A  28TH AVE NW","PROP_NAME":"TOWNHOUSE PLAT","LAND_SQFT":1353,"LAND_USE_DESC":"Townhouse Plat","ZONING":"LR3","SF_UNITS":0,"YR_BUILT":"2007","REDEV_FL_AREA":2042,"AVAIL_SQFT":947,"STATUS_TEXT_1":"Moderately Developed","STATUS_TEXT_2":"(41% - 80% of allowed density)","UV_NAME":"Ballard"},"geometry":{"type":"Polygon","coordinates":[[[-122.393003703527,47.6691098088887],[-122.39300219156,47.6690487367638],[-122.393243091994,47.6690477744388],[-122.39324289819,47.6691102985296],[-122.393003703527,47.6691098088887]]]}},{"type":"Feature","properties":{"OBJECTID":23204,"PIN":"0544900000","ADDRESS":"2000  W BARRETT ST","PROP_NAME":"BARRETT CONDOMINIUM","LAND_SQFT":17977,"LAND_USE_DESC":"Condominium(Residential)","ZONING":"LR3","SF_UNITS":0,"YR_BUILT":"1993","REDEV_FL_AREA":23370,"AVAIL_SQFT":3595,"STATUS_TEXT_1":"Completely Developed","STATUS_TEXT_2":"(more than 100% of allowed density)","UV_NAME":"Outside Villages"},"geometry":{"type":"Polygon","coordinates":[[[-122.382178865835,47.647087507596],[-122.382177826392,47.6468304305956],[-122.382177213856,47.6466765034167],[-122.382663426039,47.6466751863819],[-122.38266415454,47.646831050624],[-122.382665354464,47.6470863513675],[-122.382178865835,47.647087507596]]]}},{"type":"Feature","properties":{"OBJECTID":23327,"PIN":"9184700180","ADDRESS":"908   34TH AVE","PROP_NAME":"Duplex","LAND_SQFT":3284,"LAND_USE_DESC":"Duplex","ZONING":"LR2","SF_UNITS":0,"YR_BUILT":"1908","REDEV_FL_AREA":3777,"AVAIL_SQFT":1314,"STATUS_TEXT_1":"Moderately Developed","STATUS_TEXT_2":"(41% - 80% of allowed density)","UV_NAME":"Outside Villages"},"geometry":{"type":"Polygon","coordinates":[[[-122.28879839783,47.610732833848],[-122.288800584039,47.6106504464017],[-122.289247964359,47.6106550000464],[-122.289245715357,47.610737074357],[-122.28879839783,47.610732833848]]]}},{"type":"Feature","properties":{"OBJECTID":23424,"PIN":"2767702565","ADDRESS":"5221   BALLARD AVE NW","PROP_NAME":"RETAIL/OFFICE/STORAGE MIXED-USE BUILDING","LAND_SQFT":7708,"LAND_USE_DESC":"Retail Store","ZONING":"NC2-65","SF_UNITS":0,"YR_BUILT":"1969","REDEV_FL_AREA":32759,"AVAIL_SQFT":23124,"STATUS_TEXT_1":"Under Developed","STATUS_TEXT_2":"(21% - 40% of allowed density)","UV_NAME":"Ballard"},"geometry":{"type":"Polygon","coordinates":[[[-122.382712328449,47.6658511873607],[-122.383030010249,47.6656804650461],[-122.383157032452,47.6657882155913],[-122.383222082575,47.6658433970206],[-122.382904412338,47.6660141114813],[-122.382839358443,47.6659589354081],[-122.382712328449,47.6658511873607]]]}},{"type":"Feature","properties":{"OBJECTID":23469,"PIN":"1862400475","ADDRESS":"9038 C  MARY AVE NW","PROP_NAME":"townhouse","LAND_SQFT":1073,"LAND_USE_DESC":"Townhouse Plat","ZONING":"C1-40","SF_UNITS":0,"YR_BUILT":"1999","REDEV_FL_AREA":3219,"AVAIL_SQFT":1610,"STATUS_TEXT_1":"Moderately Developed","STATUS_TEXT_2":"(41% - 80% of allowed density)","UV_NAME":"Crown Hill"},"geometry":{"type":"Polygon","coordinates":[[[-122.375073196184,47.6954821590387],[-122.375073165589,47.6954344618088],[-122.375073165582,47.6954343247073],[-122.375085362197,47.6954343215004],[-122.375085394676,47.695434321061],[-122.375119864532,47.6954343154325],[-122.375132048968,47.6954343123853],[-122.37532208155,47.6954342669293],[-122.37532766202,47.6954342654636],[-122.375327605239,47.6954820214615],[-122.375119894771,47.6954821360592],[-122.37507343994,47.6954821612255],[-122.375073196184,47.6954821590387]]]}},{"type":"Feature","properties":{"OBJECTID":23536,"PIN":"3025049024","ADDRESS":"1404   3RD AVE N","PROP_NAME":"TOWER APTS","LAND_SQFT":4626,"LAND_USE_DESC":"Apartment","ZONING":"LR1","SF_UNITS":0,"YR_BUILT":"1977","REDEV_FL_AREA":4626,"AVAIL_SQFT":0,"STATUS_TEXT_1":"Completely Developed","STATUS_TEXT_2":"(more than 100% of allowed density)","UV_NAME":"Outside Villages"},"geometry":{"type":"Polygon","coordinates":[[[-122.350985515169,47.6317542908337],[-122.350987602477,47.6315006507055],[-122.351190389022,47.6315010152467],[-122.351188302783,47.6317546581195],[-122.350985515169,47.6317542908337]]]}},{"type":"Feature","properties":{"OBJECTID":23608,"PIN":"3677900040","ADDRESS":"4727   BEACON AVE S","PROP_NAME":"VALMARK APT","LAND_SQFT":8480,"LAND_USE_DESC":"Apartment","ZONING":"NC2P-40","SF_UNITS":0,"YR_BUILT":"1984","REDEV_FL_AREA":25440,"AVAIL_SQFT":16112,"STATUS_TEXT_1":"Under Developed","STATUS_TEXT_2":"(21% - 40% of allowed density)","UV_NAME":"Outside Villages"},"geometry":{"type":"Polygon","coordinates":[[[-122.304923814402,47.560140985456],[-122.305320166928,47.5600845649048],[-122.305360613023,47.5602186538449],[-122.305388923648,47.560312496649],[-122.304992476061,47.5603686225137],[-122.30496421033,47.5602749106543],[-122.304923814402,47.560140985456]]]}},{"type":"Feature","properties":{"OBJECTID":23679,"PIN":"9521100935","ADDRESS":"817  N 50TH ST","PROP_NAME":"Sfr","LAND_SQFT":7696,"LAND_USE_DESC":"Single Family(C/I Zone)","ZONING":"C1-40","SF_UNITS":1,"YR_BUILT":"1900","REDEV_FL_AREA":23088,"AVAIL_SQFT":20010,"STATUS_TEXT_1":"Significantly Under Developed","STATUS_TEXT_2":"(under 20% of allowed density)","UV_NAME":"Outside Villages"},"geometry":{"type":"Polygon","coordinates":[[[-122.34753010396,47.6646532081266],[-122.347639627454,47.6646534000888],[-122.3478425386,47.6646537487192],[-122.34784107706,47.6647908223461],[-122.347839611998,47.6649277753703],[-122.347527143251,47.6649272352012],[-122.347528617331,47.6647902848141],[-122.34753010396,47.6646532081266]]]}},{"type":"Feature","properties":{"OBJECTID":23775,"PIN":"5016000605","ADDRESS":"2737  E MADISON ST","PROP_NAME":"Dry Cleaners & Pizza","LAND_SQFT":9750,"LAND_USE_DESC":"Retail Store","ZONING":"NC2P-40","SF_UNITS":0,"YR_BUILT":"1986","REDEV_FL_AREA":29250,"AVAIL_SQFT":25350,"STATUS_TEXT_1":"Significantly Under Developed","STATUS_TEXT_2":"(under 20% of allowed density)","UV_NAME":"Outside Villages"},"geometry":{"type":"Polygon","coordinates":[[[-122.295765460015,47.6232474298024],[-122.295879975263,47.6231698161789],[-122.295994494224,47.6230922023879],[-122.296109008711,47.6230145857927],[-122.29612333647,47.6230048759966],[-122.296135219714,47.6230322747263],[-122.29623019207,47.6232512929828],[-122.296253481833,47.6233049942713],[-122.296167033682,47.6233635938251],[-122.296052506812,47.6234412270803],[-122.295765460015,47.6232474298024]]]}},{"type":"Feature","properties":{"OBJECTID":23842,"PIN":"2770600560","ADDRESS":"3455   23RD AVE W","PROP_NAME":"4 PLEX","LAND_SQFT":7002,"LAND_USE_DESC":"4-Plex","ZONING":"LR1","SF_UNITS":0,"YR_BUILT":"1989","REDEV_FL_AREA":7002,"AVAIL_SQFT":3501,"STATUS_TEXT_1":"Substantially Developed","STATUS_TEXT_2":"(81% - 100% of allowed density)","UV_NAME":"Outside Villages"},"geometry":{"type":"Polygon","coordinates":[[[-122.386118269829,47.6519230687022],[-122.386686289767,47.651922135985],[-122.386686863585,47.6520592413772],[-122.386118838747,47.65206019608],[-122.386118269829,47.6519230687022]]]}},{"type":"Feature","properties":{"OBJECTID":23954,"PIN":"9103000660","ADDRESS":"3615  E DENNY WAY","PROP_NAME":"EPIPHANY SCHOOL","LAND_SQFT":72449,"LAND_USE_DESC":"School(Private)","ZONING":"SF 5000","SF_UNITS":0,"YR_BUILT":"1970","REDEV_FL_AREA":72449,"AVAIL_SQFT":43469,"STATUS_TEXT_1":"Landmark/Historic Status or has Transferred Development Rights","STATUS_TEXT_2":null,"UV_NAME":"Outside Villages"},"geometry":{"type":"Polygon","coordinates":[[[-122.287024876954,47.6177020678169],[-122.287023766997,47.6178324466148],[-122.287023230753,47.6178954038038],[-122.287023230947,47.6178954833187],[-122.287023229477,47.6178960838308],[-122.287022505678,47.6179804856862],[-122.286998175533,47.6179804153301],[-122.286973853495,47.6179803448652],[-122.286941407922,47.6179802520247],[-122.286941267282,47.6179967002069],[-122.286938934333,47.618270845575],[-122.286776745796,47.6182703697485],[-122.286589939152,47.6182698269232],[-122.286468299838,47.618269471732],[-122.286346660603,47.6182691191517],[-122.286339632124,47.6182691019505],[-122.285932335811,47.6182679070615],[-122.285912448971,47.6182680813753],[-122.285908726604,47.6182680987247],[-122.285775226337,47.618265747213],[-122.285642236214,47.6182575541068],[-122.285510308996,47.6182435617108],[-122.285504806177,47.618242847722],[-122.28551420606,47.617998014527],[-122.285520500717,47.6178341531562],[-122.285524680563,47.6177252871902],[-122.28552591754,47.6177252905997],[-122.285892006519,47.6177263163894],[-122.285926187769,47.6177264147927],[-122.286259957096,47.6177273473968],[-122.28628760865,47.6177274248601],[-122.286294393821,47.61772744517],[-122.286346505049,47.6177275887282],[-122.286348757104,47.6177273461005],[-122.286471457621,47.6177140519965],[-122.286593171526,47.6177008635855],[-122.286949023858,47.6177018576583],[-122.286976221132,47.6177019325306],[-122.28700055107,47.6177020001504],[-122.287024876954,47.6177020678169]]]}},{"type":"Feature","properties":{"OBJECTID":24018,"PIN":"7186800004","ADDRESS":"5928 B  35TH AVE S","PROP_NAME":"townhouse","LAND_SQFT":2134,"LAND_USE_DESC":"Townhouse Plat","ZONING":"LR3","SF_UNITS":0,"YR_BUILT":"2001","REDEV_FL_AREA":3414,"AVAIL_SQFT":1494,"STATUS_TEXT_1":"Under Developed","STATUS_TEXT_2":"(21% - 40% of allowed density)","UV_NAME":"Othello"},"geometry":{"type":"Polygon","coordinates":[[[-122.288425831048,47.5480811821934],[-122.288410170087,47.548048706502],[-122.288409077055,47.5480459675462],[-122.288408422407,47.5480432641074],[-122.288408171842,47.5480405280755],[-122.288408326202,47.5480377896013],[-122.288408882204,47.5480350761467],[-122.288409836488,47.5480324124326],[-122.288411177674,47.5480298260245],[-122.288412890334,47.5480273445397],[-122.288414967061,47.5480249927508],[-122.288417380049,47.5480227902077],[-122.28842010165,47.5480207619423],[-122.288423112233,47.5480189301416],[-122.288426375745,47.5480173089771],[-122.288429860333,47.5480159180506],[-122.288433537965,47.5480147686887],[-122.288437360365,47.5480138724776],[-122.288441299576,47.548013243485],[-122.288445310913,47.5480128767991],[-122.288449354273,47.5480127866432],[-122.288765403901,47.5480164584175],[-122.288765248682,47.5480851251218],[-122.288425831048,47.5480811821934]]]}},{"type":"Feature","properties":{"OBJECTID":24088,"PIN":"7309300000","ADDRESS":"12233   GREENWOOD AVE N","PROP_NAME":"RIDGEMONT PLACE CONDOMINIUM","LAND_SQFT":4666,"LAND_USE_DESC":"Condominium(Residential)","ZONING":"LR2","SF_UNITS":0,"YR_BUILT":"1983","REDEV_FL_AREA":5366,"AVAIL_SQFT":3266,"STATUS_TEXT_1":"Moderately Developed","STATUS_TEXT_2":"(41% - 80% of allowed density)","UV_NAME":"Outside Villages"},"geometry":{"type":"Polygon","coordinates":[[[-122.355716480333,47.7186765357782],[-122.356010300731,47.7186774603862],[-122.355952320899,47.7187891299429],[-122.355870432935,47.7188937563951],[-122.355861277949,47.7189010901372],[-122.355850427635,47.718907283901],[-122.355838189603,47.7189121580897],[-122.355824913448,47.7189155791604],[-122.35581097816,47.7189174460818],[-122.35579677214,47.7189177015696],[-122.355782701886,47.7189163511642],[-122.355769170473,47.718913422388],[-122.355756558377,47.7189090033899],[-122.355745226727,47.7189032154812],[-122.355735497404,47.7188962271116],[-122.355727640284,47.7188882348454],[-122.355721889576,47.7188794658853],[-122.355718402955,47.7188701703917],[-122.355717277494,47.7188606103023],[-122.355716480333,47.7186765357782]]]}},{"type":"Feature","properties":{"OBJECTID":24202,"PIN":"7833800005","ADDRESS":"2712  S JACKSON ST","PROP_NAME":"RETAIL STORE","LAND_SQFT":13138,"LAND_USE_DESC":"Retail(Line/Strip)","ZONING":"NC2-40","SF_UNITS":0,"YR_BUILT":"1945","REDEV_FL_AREA":39414,"AVAIL_SQFT":31531,"STATUS_TEXT_1":"Significantly Under Developed","STATUS_TEXT_2":"(under 20% of allowed density)","UV_NAME":"23rd & Union-Jackson"},"geometry":{"type":"Polygon","coordinates":[[[-122.296350163201,47.5996187150189],[-122.296359140495,47.5993170853339],[-122.296521109191,47.5993193236398],[-122.2966830779,47.5993215617152],[-122.296845042648,47.5993238023531],[-122.296836029847,47.5996253667617],[-122.296674072959,47.5996231506757],[-122.296512120138,47.599620934307],[-122.296350163201,47.5996187150189]]]}},{"type":"Feature","properties":{"OBJECTID":24292,"PIN":"0820000053","ADDRESS":"12355   15TH AVE NE","PROP_NAME":"7-ELEVEN","LAND_SQFT":15438,"LAND_USE_DESC":"Conv Store with Gas","ZONING":"NC3P-40","SF_UNITS":0,"YR_BUILT":"1989","REDEV_FL_AREA":46314,"AVAIL_SQFT":43226,"STATUS_TEXT_1":"Significantly Under Developed","STATUS_TEXT_2":"(under 20% of allowed density)","UV_NAME":"Outside Villages"},"geometry":{"type":"Polygon","coordinates":[[[-122.312819274265,47.7190033184724],[-122.312821208768,47.71900333176],[-122.313307093696,47.7190065054248],[-122.313346860298,47.7190067625178],[-122.313352383062,47.7191714430246],[-122.313357754925,47.7193316834727],[-122.312885992199,47.7193316884168],[-122.312879219052,47.7193314171012],[-122.312875926018,47.7193310704678],[-122.312875204656,47.7193309948262],[-122.312871245643,47.7193303771514],[-122.312867362711,47.7193295775183],[-122.312863575858,47.7193285846995],[-122.31285990586,47.7193274148772],[-122.312856360921,47.7193260706872],[-122.312852973768,47.7193245599306],[-122.31284975276,47.7193228907251],[-122.312846714378,47.7193210710827],[-122.312843879165,47.7193191089628],[-122.31284125962,47.7193170151713],[-122.312838864178,47.7193148005666],[-122.312836713461,47.7193124758491],[-122.312834811921,47.719310054671],[-122.312833171978,47.7193075450972],[-122.312831802301,47.719304966209],[-122.312830707188,47.7193023261766],[-122.31282989523,47.7192996413405],[-122.31282936674,47.7192969226646],[-122.312829130309,47.7192941864893],[-122.312819274265,47.7190033184724]]]}},{"type":"Feature","properties":{"OBJECTID":24373,"PIN":"9550200820","ADDRESS":"5019   KEYSTONE PL N","PROP_NAME":"KEYSTONE CONGREGATIONAL CHURCH","LAND_SQFT":15676,"LAND_USE_DESC":"Church/Welfare/Relig Srvc","ZONING":"SF 5000","SF_UNITS":0,"YR_BUILT":"1980","REDEV_FL_AREA":15676,"AVAIL_SQFT":7838,"STATUS_TEXT_1":"Special Land Use Type","STATUS_TEXT_2":null,"UV_NAME":"Outside Villages"},"geometry":{"type":"Polygon","coordinates":[[[-122.33115197241,47.665417907377],[-122.331152393477,47.6653856119957],[-122.331274203515,47.6653864588155],[-122.331314782385,47.6653867368117],[-122.331395944341,47.6653872981894],[-122.331477102163,47.6653878568215],[-122.33151768525,47.665388140174],[-122.331619134619,47.6653888403759],[-122.331639426164,47.6653889820286],[-122.331662210463,47.665389139559],[-122.331761167081,47.6653898237531],[-122.331757414474,47.6656762974615],[-122.331696068664,47.6656758732649],[-122.331670470702,47.665675696539],[-122.331635672886,47.665675455733],[-122.331513927244,47.6656746139278],[-122.331392185585,47.6656737691982],[-122.331270444009,47.6656729270794],[-122.331148641573,47.6656720856308],[-122.33115197241,47.665417907377]]]}},{"type":"Feature","properties":{"OBJECTID":24442,"PIN":"6021503659","ADDRESS":"7508 A  24TH AVE NW","PROP_NAME":"Townhouse","LAND_SQFT":1132,"LAND_USE_DESC":"Townhouse Plat","ZONING":"LR3","SF_UNITS":0,"YR_BUILT":"2004","REDEV_FL_AREA":1472,"AVAIL_SQFT":113,"STATUS_TEXT_1":"Substantially Developed","STATUS_TEXT_2":"(81% - 100% of allowed density)","UV_NAME":"Outside Villages"},"geometry":{"type":"Polygon","coordinates":[[[-122.387025856185,47.6834816370043],[-122.387227793164,47.6834800048582],[-122.387228800441,47.6835389422838],[-122.387081692472,47.6835417654318],[-122.387026197816,47.6835568876859],[-122.387025856185,47.6834816370043]]]}},{"type":"Feature","properties":{"OBJECTID":24546,"PIN":"2617450000","ADDRESS":"467   NEWTON ST","PROP_NAME":"467 NEWTON ST CONDOMINIUM","LAND_SQFT":12021,"LAND_USE_DESC":"Condominium(Residential)","ZONING":"LR3","SF_UNITS":0,"YR_BUILT":"2004","REDEV_FL_AREA":15627,"AVAIL_SQFT":2404,"STATUS_TEXT_1":"Completely Developed","STATUS_TEXT_2":"(more than 100% of allowed density)","UV_NAME":"Outside Villages"},"geometry":{"type":"Polygon","coordinates":[[[-122.34724490513,47.6361974057858],[-122.347725018412,47.6361981302056],[-122.347724363142,47.6362585236586],[-122.347724274021,47.6362667481583],[-122.347723533683,47.636335366057],[-122.347722789289,47.6364039840095],[-122.347722044892,47.6364726019619],[-122.34723983614,47.6364718916514],[-122.347242283558,47.6362389081919],[-122.34724490513,47.6361974057858]]]}},{"type":"Feature","properties":{"OBJECTID":24655,"PIN":"1983200540","ADDRESS":"527   FAIRVIEW AVE N","PROP_NAME":"VACANT - FOUR CORNERS FURNITURE","LAND_SQFT":9532,"LAND_USE_DESC":"Warehouse","ZONING":"SM 160/85-240","SF_UNITS":0,"YR_BUILT":"1985","REDEV_FL_AREA":133448,"AVAIL_SQFT":114384,"STATUS_TEXT_1":"Significantly Under Developed","STATUS_TEXT_2":"(under 20% of allowed density)","UV_NAME":"South Lake Union"},"geometry":{"type":"Polygon","coordinates":[[[-122.334509161704,47.6241071082333],[-122.334502957522,47.6241070844947],[-122.334502136789,47.6239425911461],[-122.335143580402,47.623945093071],[-122.335151691054,47.6239451245227],[-122.335151341579,47.6241096141404],[-122.334757996805,47.624108080223],[-122.334509161704,47.6241071082333]]]}},{"type":"Feature","properties":{"OBJECTID":24717,"PIN":"9468200036","ADDRESS":"6714   GREENWOOD AVE N","PROP_NAME":"6 UNIT APT","LAND_SQFT":5045,"LAND_USE_DESC":"Apartment","ZONING":"NC2-40","SF_UNITS":0,"YR_BUILT":"1981","REDEV_FL_AREA":15135,"AVAIL_SQFT":9586,"STATUS_TEXT_1":"Under Developed","STATUS_TEXT_2":"(21% - 40% of allowed density)","UV_NAME":"Greenwood-Phinney Ridge"},"geometry":{"type":"Polygon","coordinates":[[[-122.354831238916,47.678375118532],[-122.354750050659,47.6783750702333],[-122.354750199412,47.6783202415666],[-122.354750422915,47.6782367632815],[-122.355156464661,47.6782370055809],[-122.355156103819,47.67832048571],[-122.355155870265,47.6783753155156],[-122.354831238916,47.678375118532]]]}},{"type":"Feature","properties":{"OBJECTID":24825,"PIN":"5329200005","ADDRESS":"2412   7TH AVE W","PROP_NAME":"Trinity Building","LAND_SQFT":6709,"LAND_USE_DESC":"Apartment(Mixed Use)","ZONING":"NC1-30","SF_UNITS":0,"YR_BUILT":"2008","REDEV_FL_AREA":15095,"AVAIL_SQFT":8051,"STATUS_TEXT_1":"Moderately Developed","STATUS_TEXT_2":"(41% - 80% of allowed density)","UV_NAME":"Outside Villages"},"geometry":{"type":"Polygon","coordinates":[[[-122.365614191484,47.6399574429197],[-122.36564664879,47.6399574420687],[-122.365776465931,47.6399574414771],[-122.365778472019,47.6398203732417],[-122.365940741983,47.6398203716196],[-122.366135465112,47.6398203688306],[-122.366133468076,47.6399574369631],[-122.366132747836,47.6400067812889],[-122.365645924033,47.640006786446],[-122.365613470751,47.6400067872422],[-122.365614191484,47.6399574429197]]]}},{"type":"Feature","properties":{"OBJECTID":24890,"PIN":"8591900060","ADDRESS":"1222  S JACKSON ST","PROP_NAME":"RETAIL","LAND_SQFT":2839,"LAND_USE_DESC":"Retail Store","ZONING":"DMR/C 65/65-85","SF_UNITS":0,"YR_BUILT":"1975","REDEV_FL_AREA":15614,"AVAIL_SQFT":13627,"STATUS_TEXT_1":"Significantly Under Developed","STATUS_TEXT_2":"(under 20% of allowed density)","UV_NAME":"Chinatown-International District"},"geometry":{"type":"Polygon","coordinates":[[[-122.316117918367,47.5995941002621],[-122.316119709097,47.5993281167076],[-122.316237566825,47.599327309869],[-122.316236867877,47.5995941703517],[-122.316198982837,47.599594145935],[-122.316117918367,47.5995941002621]]]}},{"type":"Feature","properties":{"OBJECTID":24973,"PIN":"0660000130","ADDRESS":"2229   7TH AVE","PROP_NAME":"Retail","LAND_SQFT":12950,"LAND_USE_DESC":"Retail Store","ZONING":"DMC 340/290-400","SF_UNITS":0,"YR_BUILT":"1970","REDEV_FL_AREA":259000,"AVAIL_SQFT":251230,"STATUS_TEXT_1":"Significantly Under Developed","STATUS_TEXT_2":"(under 20% of allowed density)","UV_NAME":"Denny Triangle"},"geometry":{"type":"Polygon","coordinates":[[[-122.341007483459,47.616994165387],[-122.341295798908,47.6167712884587],[-122.341478765902,47.6168795178918],[-122.341661733736,47.6169877497713],[-122.341373287424,47.6172105772662],[-122.341190450716,47.617102398024],[-122.341007483459,47.616994165387]]]}},{"type":"Feature","properties":{"OBJECTID":25052,"PIN":"8842400095","ADDRESS":"3925  S BOZEMAN ST","PROP_NAME":"Community Center","LAND_SQFT":19708,"LAND_USE_DESC":"Church/Welfare/Relig Srvc","ZONING":"LR2","SF_UNITS":0,"YR_BUILT":"2007","REDEV_FL_AREA":22664,"AVAIL_SQFT":19708,"STATUS_TEXT_1":"Special Land Use Type","STATUS_TEXT_2":null,"UV_NAME":"Othello"},"geometry":{"type":"Polygon","coordinates":[[[-122.28256654537,47.5323237899788],[-122.282449160502,47.5323234692691],[-122.282416825075,47.5323233798981],[-122.282299436086,47.5323230563443],[-122.28226710066,47.5323229669307],[-122.282149630727,47.5323226442544],[-122.282117295301,47.5323225547982],[-122.28196368796,47.532322133362],[-122.281960107276,47.5322081785555],[-122.281958381104,47.5321533637544],[-122.281956658907,47.5320985461607],[-122.281952695587,47.5319724273364],[-122.282217920339,47.5319731583754],[-122.282307016215,47.5319734027451],[-122.282367736798,47.5319735688499],[-122.282483145024,47.5319738860544],[-122.282577895274,47.5319741444641],[-122.282587879645,47.5323238496305],[-122.28256654537,47.5323237899788]]]}},{"type":"Feature","properties":{"OBJECTID":25144,"PIN":"0272000325","ADDRESS":"1716   26TH AVE S","PROP_NAME":"New Single Family Residence","LAND_SQFT":2866,"LAND_USE_DESC":"Single Family(Res Use/Zone)","ZONING":"LR2","SF_UNITS":1,"YR_BUILT":"1998","REDEV_FL_AREA":3296,"AVAIL_SQFT":1720,"STATUS_TEXT_1":"Under Developed","STATUS_TEXT_2":"(21% - 40% of allowed density)","UV_NAME":"North Rainier"},"geometry":{"type":"Polygon","coordinates":[[[-122.298586769848,47.5878087284976],[-122.298587018877,47.5877949687367],[-122.29858780059,47.5877516078392],[-122.298588248579,47.5877267733684],[-122.298993684007,47.587728750019],[-122.298992457691,47.5877970468084],[-122.298992214017,47.587810705049],[-122.298586769848,47.5878087284976]]]}},{"type":"Feature","properties":{"OBJECTID":25204,"PIN":"8850000760","ADDRESS":"1954  S MASSACHUSETTS ST","PROP_NAME":"Community Center","LAND_SQFT":9000,"LAND_USE_DESC":"Church/Welfare/Relig Srvc","ZONING":"C1-40","SF_UNITS":0,"YR_BUILT":"2003","REDEV_FL_AREA":27000,"AVAIL_SQFT":22500,"STATUS_TEXT_1":"Special Land Use Type","STATUS_TEXT_2":null,"UV_NAME":"North Rainier"},"geometry":{"type":"Polygon","coordinates":[[[-122.306826690981,47.5887505448183],[-122.306829319226,47.5884764019191],[-122.306950883351,47.5884769630101],[-122.307072447634,47.5884775294531],[-122.307194036151,47.5884780927102],[-122.30719141793,47.5887522355129],[-122.307069828772,47.5887516722529],[-122.306948255823,47.588751108653],[-122.306826690981,47.5887505448183]]]}},{"type":"Feature","properties":{"OBJECTID":25295,"PIN":"9363600120","ADDRESS":"3000  E SPRUCE ST","PROP_NAME":"6 UNIT APT","LAND_SQFT":5038,"LAND_USE_DESC":"Apartment","ZONING":"SF 5000","SF_UNITS":0,"YR_BUILT":"1982","REDEV_FL_AREA":5038,"AVAIL_SQFT":0,"STATUS_TEXT_1":"Completely Developed","STATUS_TEXT_2":"(more than 100% of allowed density)","UV_NAME":"Outside Villages"},"geometry":{"type":"Polygon","coordinates":[[[-122.293192625063,47.603416806411],[-122.293195411649,47.6032785417882],[-122.293599812164,47.603279801191],[-122.293596858482,47.603418429924],[-122.293192625063,47.603416806411]]]}},{"type":"Feature","properties":{"OBJECTID":25435,"PIN":"0007600109","ADDRESS":"2511  E YESLER WAY","PROP_NAME":"Triplex","LAND_SQFT":2996,"LAND_USE_DESC":"Triplex","ZONING":"LR2","SF_UNITS":0,"YR_BUILT":"1914","REDEV_FL_AREA":3445,"AVAIL_SQFT":300,"STATUS_TEXT_1":"Substantially Developed","STATUS_TEXT_2":"(81% - 100% of allowed density)","UV_NAME":"23rd & Union-Jackson"},"geometry":{"type":"Polygon","coordinates":[[[-122.299325358638,47.6015710020646],[-122.299333710582,47.6012971371377],[-122.299455287275,47.6012973801651],[-122.299446919991,47.6015712535328],[-122.299325358638,47.6015710020646]]]}},{"type":"Feature","properties":{"OBJECTID":25503,"PIN":"3395071240","ADDRESS":"7715   39TH AVE S","PROP_NAME":"sfr","LAND_SQFT":3200,"LAND_USE_DESC":"Single Family(Res Use/Zone)","ZONING":"LR2","SF_UNITS":1,"YR_BUILT":"2006","REDEV_FL_AREA":3680,"AVAIL_SQFT":320,"STATUS_TEXT_1":"Under Developed","STATUS_TEXT_2":"(21% - 40% of allowed density)","UV_NAME":"Othello"},"geometry":{"type":"Polygon","coordinates":[[[-122.283395925695,47.533056229282],[-122.283394535343,47.5329863293151],[-122.283393745106,47.5329465807114],[-122.283717562011,47.5329437335386],[-122.283718348371,47.5329834794507],[-122.283719739233,47.5330533821547],[-122.283395925695,47.533056229282]]]}},{"type":"Feature","properties":{"OBJECTID":25558,"PIN":"3319500963","ADDRESS":"2027 A S MAIN ST","PROP_NAME":"Townhouse","LAND_SQFT":1223,"LAND_USE_DESC":"Townhouse Plat","ZONING":"LR3","SF_UNITS":0,"YR_BUILT":"2005","REDEV_FL_AREA":1957,"AVAIL_SQFT":1223,"STATUS_TEXT_1":"Moderately Developed","STATUS_TEXT_2":"(41% - 80% of allowed density)","UV_NAME":"23rd & Union-Jackson"},"geometry":{"type":"Polygon","coordinates":[[[-122.305136350238,47.5997880293354],[-122.305136417093,47.5997579954355],[-122.305132450095,47.5997580604674],[-122.305132746282,47.599621595935],[-122.305213770415,47.5996216554409],[-122.305213416289,47.5997963440908],[-122.305181058219,47.5997963706275],[-122.305180845723,47.599787996592],[-122.305136350238,47.5997880293354]]]}},{"type":"Feature","properties":{"OBJECTID":25693,"PIN":"7760000000","ADDRESS":"6501   24TH AVE NW","PROP_NAME":"SHIP STREET","LAND_SQFT":7531,"LAND_USE_DESC":"Condominium(Residential)","ZONING":"NC1-40","SF_UNITS":0,"YR_BUILT":"2005","REDEV_FL_AREA":22593,"AVAIL_SQFT":12803,"STATUS_TEXT_1":"Moderately Developed","STATUS_TEXT_2":"(41% - 80% of allowed density)","UV_NAME":"Outside Villages"},"geometry":{"type":"Polygon","coordinates":[[[-122.387684422921,47.6762341477218],[-122.387683595047,47.6761656106778],[-122.387682767338,47.6760970791156],[-122.387681954018,47.6760299787034],[-122.388091889148,47.6760267351619],[-122.388092864348,47.6760938004648],[-122.38809386313,47.676162332439],[-122.388094853716,47.6762308617827],[-122.387684422921,47.6762341477218]]]}},{"type":"Feature","properties":{"OBJECTID":25747,"PIN":"9521100221","ADDRESS":"4601   EVANSTON AVE N","PROP_NAME":"Triplex","LAND_SQFT":3577,"LAND_USE_DESC":"Triplex","ZONING":"LR3","SF_UNITS":0,"YR_BUILT":"1955","REDEV_FL_AREA":4650,"AVAIL_SQFT":1431,"STATUS_TEXT_1":"Moderately Developed","STATUS_TEXT_2":"(41% - 80% of allowed density)","UV_NAME":"Outside Villages"},"geometry":{"type":"Polygon","coordinates":[[[-122.351593421894,47.662424693908],[-122.351594833342,47.662246501438],[-122.351797872108,47.6622468082931],[-122.351818163415,47.6622468394005],[-122.351817099577,47.6623809095313],[-122.351816748755,47.6624250346683],[-122.351796457379,47.6624250035607],[-122.351593421894,47.662424693908]]]}},{"type":"Feature","properties":{"OBJECTID":25809,"PIN":"1594600105","ADDRESS":"2300   RAINIER AVE S","PROP_NAME":"BUCHANAN DENTAL CLINIC","LAND_SQFT":3480,"LAND_USE_DESC":"Medical/Dental Office","ZONING":"C1-65","SF_UNITS":0,"YR_BUILT":"1979","REDEV_FL_AREA":14790,"AVAIL_SQFT":13224,"STATUS_TEXT_1":"Significantly Under Developed","STATUS_TEXT_2":"(under 20% of allowed density)","UV_NAME":"North Rainier"},"geometry":{"type":"Polygon","coordinates":[[[-122.30095172662,47.5828564892857],[-122.300893851342,47.5827807455909],[-122.301253177191,47.5826550548577],[-122.301318307261,47.5827402907274],[-122.300985431011,47.5828567233827],[-122.30095172662,47.5828564892857]]]}},{"type":"Feature","properties":{"OBJECTID":25924,"PIN":"2767702550","ADDRESS":"5233   BALLARD AVE NW","PROP_NAME":"PERCY'S (Former OLD TOWN ALE HOUSE)","LAND_SQFT":3013,"LAND_USE_DESC":"Restaurant/Lounge","ZONING":"NC2-65","SF_UNITS":0,"YR_BUILT":"1995","REDEV_FL_AREA":12805,"AVAIL_SQFT":10847,"STATUS_TEXT_1":"Significantly Under Developed","STATUS_TEXT_2":"(under 20% of allowed density)","UV_NAME":"Ballard"},"geometry":{"type":"Polygon","coordinates":[[[-122.38309341993,47.6661744283357],[-122.38341107446,47.6660037190517],[-122.383487531955,47.6660685780633],[-122.383169881256,47.6662392847639],[-122.38309341993,47.6661744283357]]]}},{"type":"Feature","properties":{"OBJECTID":26014,"PIN":"6865200576","ADDRESS":"4700   MIDVALE AVE N","PROP_NAME":"ARLENE APARTMENTS","LAND_SQFT":4168,"LAND_USE_DESC":"Apartment","ZONING":"SF 5000","SF_UNITS":0,"YR_BUILT":"1975","REDEV_FL_AREA":4168,"AVAIL_SQFT":2084,"STATUS_TEXT_1":"Completely Developed","STATUS_TEXT_2":"(more than 100% of allowed density)","UV_NAME":"Wallingford"},"geometry":{"type":"Polygon","coordinates":[[[-122.343394576323,47.663139520309],[-122.343395516264,47.6630846895195],[-122.343397857593,47.6629474591051],[-122.343584543675,47.6629474353172],[-122.343638734388,47.6629474297043],[-122.343636550458,47.6631395092808],[-122.343582249915,47.6631395136042],[-122.343394576323,47.663139520309]]]}},{"type":"Feature","properties":{"OBJECTID":26078,"PIN":"2770604110","ADDRESS":"2532   14TH AVE W","PROP_NAME":"Sfr","LAND_SQFT":6000,"LAND_USE_DESC":"Single Family(Res Use/Zone)","ZONING":"LR3","SF_UNITS":1,"YR_BUILT":"1933","REDEV_FL_AREA":7800,"AVAIL_SQFT":5400,"STATUS_TEXT_1":"Significantly Under Developed","STATUS_TEXT_2":"(under 20% of allowed density)","UV_NAME":"Outside Villages"},"geometry":{"type":"Polygon","coordinates":[[[-122.374236774943,47.641759652624],[-122.374236214837,47.6416225830313],[-122.374722994024,47.6416217577334],[-122.374723555494,47.6417588300646],[-122.374236774943,47.641759652624]]]}},{"type":"Feature","properties":{"OBJECTID":26171,"PIN":"7666204636","ADDRESS":"426  S MASSACHUSETTS ST","PROP_NAME":"RESTORED WAREHOUSE","LAND_SQFT":18240,"LAND_USE_DESC":"Warehouse","ZONING":"IG2 U/85","SF_UNITS":0,"YR_BUILT":"1990","REDEV_FL_AREA":18240,"AVAIL_SQFT":0,"STATUS_TEXT_1":"Substantially Developed","STATUS_TEXT_2":"(81% - 100% of allowed density)","UV_NAME":"Greater Duwamish"},"geometry":{"type":"Polygon","coordinates":[[[-122.327753249418,47.5886928368764],[-122.327753362728,47.5885283505692],[-122.327753467619,47.5883638534041],[-122.328369425473,47.5883639627614],[-122.32836932245,47.5885284571861],[-122.328369219268,47.5886929461283],[-122.327753249418,47.5886928368764]]]}},{"type":"Feature","properties":{"OBJECTID":26272,"PIN":"6749700042","ADDRESS":"727 B N 95TH ST","PROP_NAME":"townhouse","LAND_SQFT":961,"LAND_USE_DESC":"Townhouse Plat","ZONING":"LR2","SF_UNITS":0,"YR_BUILT":"1999","REDEV_FL_AREA":1105,"AVAIL_SQFT":0,"STATUS_TEXT_1":"Substantially Developed","STATUS_TEXT_2":"(81% - 100% of allowed density)","UV_NAME":"Aurora-Licton Springs"},"geometry":{"type":"Polygon","coordinates":[[[-122.348559671625,47.6976530599918],[-122.348559136257,47.6976076922814],[-122.348615993865,47.6976080606297],[-122.34872467155,47.6976087600211],[-122.348725025038,47.6975839812348],[-122.348761903368,47.6975837925373],[-122.348761962632,47.697589026252],[-122.348762947411,47.697672208573],[-122.348723801921,47.6976719557865],[-122.348724066597,47.6976530433466],[-122.348616526529,47.6976530554628],[-122.348559671625,47.6976530599918]]]}},{"type":"Feature","properties":{"OBJECTID":26308,"PIN":"2225039060","ADDRESS":"3216  W WHEELER ST","PROP_NAME":"office","LAND_SQFT":5832,"LAND_USE_DESC":"Office Building","ZONING":"NC2-40","SF_UNITS":0,"YR_BUILT":"1994","REDEV_FL_AREA":17496,"AVAIL_SQFT":9914,"STATUS_TEXT_1":"Moderately Developed","STATUS_TEXT_2":"(41% - 80% of allowed density)","UV_NAME":"Outside Villages"},"geometry":{"type":"Polygon","coordinates":[[[-122.399051284494,47.6404749314499],[-122.399059809724,47.640077704319],[-122.399223096762,47.640077586449],[-122.39921457601,47.6404747861272],[-122.399051284494,47.6404749314499]]]}},{"type":"Feature","properties":{"OBJECTID":26360,"PIN":"2923000000","ADDRESS":"9750   GREENWOOD AVE N","PROP_NAME":"GREENWOOD PLAZA CONDOMINIUM","LAND_SQFT":17247,"LAND_USE_DESC":"Condominium(Mixed Use)","ZONING":"C1-40","SF_UNITS":0,"YR_BUILT":"1992","REDEV_FL_AREA":51741,"AVAIL_SQFT":22421,"STATUS_TEXT_1":"Moderately Developed","STATUS_TEXT_2":"(41% - 80% of allowed density)","UV_NAME":"Outside Villages"},"geometry":{"type":"Polygon","coordinates":[[[-122.354788504915,47.7009395812413],[-122.354796617328,47.7009396073173],[-122.355218551885,47.7009408132115],[-122.355226688661,47.7009408389316],[-122.35522714812,47.700984940883],[-122.355227860735,47.7010532103344],[-122.355228071182,47.7010731474724],[-122.355229029656,47.7011650580535],[-122.355231252535,47.7013783134245],[-122.35479306932,47.7013770611794],[-122.354790844179,47.7011638058542],[-122.3547898864,47.7010718925284],[-122.354789680262,47.7010519580764],[-122.354788968143,47.7009836858813],[-122.354788504915,47.7009395812413]]]}},{"type":"Feature","properties":{"OBJECTID":26454,"PIN":"2770603660","ADDRESS":"3231   14TH AVE W","PROP_NAME":"FOUR PLEX","LAND_SQFT":5999,"LAND_USE_DESC":"4-Plex","ZONING":"LR3 RC","SF_UNITS":0,"YR_BUILT":"1982","REDEV_FL_AREA":7799,"AVAIL_SQFT":4799,"STATUS_TEXT_1":"Moderately Developed","STATUS_TEXT_2":"(41% - 80% of allowed density)","UV_NAME":"Outside Villages"},"geometry":{"type":"Polygon","coordinates":[[[-122.375024424261,47.6495677830236],[-122.375023894933,47.6494307294757],[-122.37551074606,47.6494298624375],[-122.375511284783,47.6495669158733],[-122.375024424261,47.6495677830236]]]}},{"type":"Feature","properties":{"OBJECTID":26604,"PIN":"8910500222","ADDRESS":"11213 C  GREENWOOD AVE N","PROP_NAME":"townhouse","LAND_SQFT":1173,"LAND_USE_DESC":"Townhouse Plat","ZONING":"LR3","SF_UNITS":0,"YR_BUILT":"2002","REDEV_FL_AREA":1525,"AVAIL_SQFT":0,"STATUS_TEXT_1":"Substantially Developed","STATUS_TEXT_2":"(81% - 100% of allowed density)","UV_NAME":"Outside Villages"},"geometry":{"type":"Polygon","coordinates":[[[-122.355914876945,47.711112027517],[-122.355914885332,47.7111109278565],[-122.355914999704,47.711096953015],[-122.355915340347,47.7110523111853],[-122.355960022257,47.7110524575338],[-122.356134370002,47.7110530327045],[-122.356134747847,47.7110530331416],[-122.356135246795,47.7111118920825],[-122.356135251967,47.7111127612326],[-122.356134829449,47.7111127613921],[-122.355914876945,47.711112027517]]]}},{"type":"Feature","properties":{"OBJECTID":26707,"PIN":"6046400925","ADDRESS":"930  N 85TH ST","PROP_NAME":"duplex","LAND_SQFT":5131,"LAND_USE_DESC":"Duplex","ZONING":"LR3","SF_UNITS":0,"YR_BUILT":"1901","REDEV_FL_AREA":8210,"AVAIL_SQFT":5131,"STATUS_TEXT_1":"Under Developed","STATUS_TEXT_2":"(21% - 40% of allowed density)","UV_NAME":"Aurora-Licton Springs"},"geometry":{"type":"Polygon","coordinates":[[[-122.345656546863,47.690928336732],[-122.345653227732,47.6906482925154],[-122.34575521516,47.6906486034733],[-122.345857202508,47.6906489115991],[-122.345860522818,47.6909289585507],[-122.34575853484,47.690928647687],[-122.345656546863,47.690928336732]]]}},{"type":"Feature","properties":{"OBJECTID":26793,"PIN":"3395070440","ADDRESS":"3817  S HOLLY PARK DR","PROP_NAME":"sfr","LAND_SQFT":2479,"LAND_USE_DESC":"Single Family(Res Use/Zone)","ZONING":"LR2","SF_UNITS":1,"YR_BUILT":"2005","REDEV_FL_AREA":2851,"AVAIL_SQFT":1487,"STATUS_TEXT_1":"Moderately Developed","STATUS_TEXT_2":"(41% - 80% of allowed density)","UV_NAME":"Othello"},"geometry":{"type":"Polygon","coordinates":[[[-122.283812452739,47.5361049012271],[-122.283808190294,47.5358855863634],[-122.283892583384,47.535884865479],[-122.283933670749,47.5358845136897],[-122.283937856818,47.5361038295304],[-122.283896712538,47.5361041793037],[-122.283812452739,47.5361049012271]]]}},{"type":"Feature","properties":{"OBJECTID":26848,"PIN":"6431000030","ADDRESS":"919  N 83RD ST","PROP_NAME":"sfr","LAND_SQFT":4201,"LAND_USE_DESC":"Single Family(Res Use/Zone)","ZONING":"SF 5000","SF_UNITS":1,"YR_BUILT":"1927","REDEV_FL_AREA":4201,"AVAIL_SQFT":1680,"STATUS_TEXT_1":"Substantially Developed","STATUS_TEXT_2":"(81% - 100% of allowed density)","UV_NAME":"Outside Villages"},"geometry":{"type":"Polygon","coordinates":[[[-122.346229659379,47.6890303648715],[-122.346229431366,47.6887507265189],[-122.346351235221,47.6887507107476],[-122.346391836532,47.6887507063753],[-122.34639206152,47.6890303502633],[-122.346359586059,47.6890303564279],[-122.34635146405,47.6890303545818],[-122.34634333806,47.68903035553],[-122.346237781309,47.6890303639853],[-122.346229659379,47.6890303648715]]]}},{"type":"Feature","properties":{"OBJECTID":26900,"PIN":"1732801425","ADDRESS":"401  W GALER ST","PROP_NAME":"RETAIL & APT","LAND_SQFT":3629,"LAND_USE_DESC":"Retail Store","ZONING":"NC2-30","SF_UNITS":0,"YR_BUILT":"1995","REDEV_FL_AREA":7538,"AVAIL_SQFT":4355,"STATUS_TEXT_1":"Moderately Developed","STATUS_TEXT_2":"(41% - 80% of allowed density)","UV_NAME":"Upper Queen Anne"},"geometry":{"type":"Polygon","coordinates":[[[-122.361934437293,47.6320775939329],[-122.362189947866,47.6320780343217],[-122.362189859083,47.6321001307858],[-122.362189311757,47.6322362140799],[-122.361933800677,47.6322352307643],[-122.361934347436,47.6320992434591],[-122.361934437293,47.6320775939329]]]}},{"type":"Feature","properties":{"OBJECTID":26945,"PIN":"0850000515","ADDRESS":"510  N 47TH ST","PROP_NAME":"FOURPLEX","LAND_SQFT":5003,"LAND_USE_DESC":"4-Plex","ZONING":"LR1","SF_UNITS":0,"YR_BUILT":"1996","REDEV_FL_AREA":5003,"AVAIL_SQFT":500,"STATUS_TEXT_1":"Completely Developed","STATUS_TEXT_2":"(more than 100% of allowed density)","UV_NAME":"Outside Villages"},"geometry":{"type":"Polygon","coordinates":[[[-122.352128626233,47.6632343513069],[-122.352094740501,47.6632343013487],[-122.351993241625,47.6632341520449],[-122.351995260344,47.6629599506242],[-122.352096758846,47.6629601054082],[-122.35219825329,47.6629602601557],[-122.352196235321,47.6632344506162],[-122.352128626233,47.6632343513069]]]}},{"type":"Feature","properties":{"OBJECTID":27016,"PIN":"8673400350","ADDRESS":"5400   28TH AVE NW","PROP_NAME":"FEN PRO","LAND_SQFT":23867,"LAND_USE_DESC":"Industrial(Gen Purpose)","ZONING":"IC-65","SF_UNITS":0,"YR_BUILT":"1974","REDEV_FL_AREA":35800,"AVAIL_SQFT":14320,"STATUS_TEXT_1":"Moderately Developed","STATUS_TEXT_2":"(41% - 80% of allowed density)","UV_NAME":"Ballard"},"geometry":{"type":"Polygon","coordinates":[[[-122.392176124208,47.6685180755029],[-122.392166306576,47.6680590348312],[-122.39220102129,47.6680556120732],[-122.392247315629,47.6680510464411],[-122.392452589811,47.6680293635321],[-122.392618860731,47.6680119926929],[-122.392712507792,47.6680029644878],[-122.39272278906,47.6685145063041],[-122.392627541131,47.6685151273639],[-122.39245985488,47.6685162243185],[-122.392257292743,47.6685175460442],[-122.392176124208,47.6685180755029]]]}},{"type":"Feature","properties":{"OBJECTID":27089,"PIN":"8727330000","ADDRESS":"2122   ALKI AVE SW","PROP_NAME":"2122 ALKI CONDOMINIUM","LAND_SQFT":7522,"LAND_USE_DESC":"Condominium(Residential)","ZONING":"LR3","SF_UNITS":0,"YR_BUILT":"2003","REDEV_FL_AREA":4030,"AVAIL_SQFT":0,"STATUS_TEXT_1":"Substantially Developed","STATUS_TEXT_2":"(81% - 100% of allowed density)","UV_NAME":"Outside Villages"},"geometry":{"type":"Polygon","coordinates":[[[-122.39821374901,47.5850867773036],[-122.39822140406,47.5850802747528],[-122.398262516885,47.5850453538076],[-122.398341312165,47.5849784300093],[-122.398459247074,47.5850424327595],[-122.398510654224,47.5850703331902],[-122.39881230393,47.5852340420272],[-122.39871434291,47.5853186365358],[-122.398686852252,47.585342374503],[-122.398430370327,47.5852038108863],[-122.398355368484,47.5851632898454],[-122.398303590353,47.5851353176716],[-122.39821374901,47.5850867773036]]]}},{"type":"Feature","properties":{"OBJECTID":27170,"PIN":"1977201315","ADDRESS":"1904   3RD AVE","PROP_NAME":"SECURITIES BUILDING ( ec unit block - 1295,1280, 1","LAND_SQFT":27661,"LAND_USE_DESC":"Office Building","ZONING":"DOC2 500/300-500","SF_UNITS":0,"YR_BUILT":"1975","REDEV_FL_AREA":760678,"AVAIL_SQFT":622372,"STATUS_TEXT_1":"Significantly Under Developed","STATUS_TEXT_2":"(under 20% of allowed density)","UV_NAME":"Belltown"},"geometry":{"type":"Polygon","coordinates":[[[-122.339938595807,47.6119981775307],[-122.339650419729,47.6122210906039],[-122.33960766346,47.6122541275224],[-122.339319497422,47.6124770642641],[-122.339136297816,47.6123687908191],[-122.338966899595,47.6122686976203],[-122.338952967597,47.612260461235],[-122.339241266491,47.6120376196375],[-122.339284151176,47.6120045345436],[-122.339377115223,47.6119326671462],[-122.339560572126,47.6117905798706],[-122.339572192512,47.611781577571],[-122.33975539191,47.6118898832072],[-122.339938595807,47.6119981775307]]]}},{"type":"Feature","properties":{"OBJECTID":27241,"PIN":"1979200250","ADDRESS":"1019   TERRY AVE","PROP_NAME":"JOHN ALDEN APTS","LAND_SQFT":14404,"LAND_USE_DESC":"Apartment","ZONING":"HR","SF_UNITS":0,"YR_BUILT":"1988","REDEV_FL_AREA":187252,"AVAIL_SQFT":128196,"STATUS_TEXT_1":"Under Developed","STATUS_TEXT_2":"(21% - 40% of allowed density)","UV_NAME":"First Hill"},"geometry":{"type":"Polygon","coordinates":[[[-122.326689344099,47.6091827660363],[-122.327103155551,47.6090098168786],[-122.327231098897,47.6091498111436],[-122.327358909451,47.6092896754006],[-122.326945221998,47.6094627554578],[-122.326817282704,47.6093227608191],[-122.326689344099,47.6091827660363]]]}},{"type":"Feature","properties":{"OBJECTID":27331,"PIN":"6382500078","ADDRESS":"1503  NW 90TH ST","PROP_NAME":"Proposed New Townhouse Unit Lot B","LAND_SQFT":1792,"LAND_USE_DESC":"Townhouse Plat","ZONING":"LR2","SF_UNITS":0,"YR_BUILT":"2014","REDEV_FL_AREA":2061,"AVAIL_SQFT":179,"STATUS_TEXT_1":"Moderately Developed","STATUS_TEXT_2":"(41% - 80% of allowed density)","UV_NAME":"Crown Hill"},"geometry":{"type":"Polygon","coordinates":[[[-122.377034143213,47.6946056337036],[-122.377033298599,47.6944274116042],[-122.377039938609,47.6944273970732],[-122.377145959326,47.694427160641],[-122.377146802133,47.6946053772852],[-122.377034143213,47.6946056337036]]]}},{"type":"Feature","properties":{"OBJECTID":27411,"PIN":"7950304230","ADDRESS":"4630   38TH AVE S","PROP_NAME":"COMMUNITY CENTER","LAND_SQFT":284677,"LAND_USE_DESC":"Park, Public(Zoo/Arbor)","ZONING":"SF 5000","SF_UNITS":0,"YR_BUILT":"1998","REDEV_FL_AREA":284677,"AVAIL_SQFT":256209,"STATUS_TEXT_1":"City-Owned Open Space","STATUS_TEXT_2":null,"UV_NAME":"Outside Villages"},"geometry":{"type":"MultiPolygon","coordinates":[[[[-122.282445671087,47.5618907409132],[-122.282430655828,47.5616603210212],[-122.282429996299,47.5616267155238],[-122.282422502067,47.561245826963],[-122.282663148333,47.5612053394233],[-122.282861391828,47.5612945008245],[-122.282862753737,47.561295111372],[-122.283063704133,47.5613071444571],[-122.283077098679,47.5613079470432],[-122.283269174061,47.5614460155559],[-122.283273092755,47.5614488309426],[-122.283481659571,47.5615072728501],[-122.283486812058,47.5615087152117],[-122.283729930821,47.5614190932692],[-122.283729767884,47.5613432714148],[-122.283472911192,47.5614398248407],[-122.283273186186,47.5613779742909],[-122.283269426897,47.561376810284],[-122.28312142887,47.5612503375903],[-122.283117168363,47.5612493581992],[-122.282968649132,47.5612151842022],[-122.282962685141,47.561214711858],[-122.282818194798,47.5612033187419],[-122.282808509564,47.5611989728087],[-122.282659137284,47.561131946684],[-122.282653497016,47.561131897945],[-122.282420219305,47.5611298539534],[-122.282196310258,47.561131698851],[-122.28205294769,47.5611328733284],[-122.282054118228,47.5611800533271],[-122.281784059283,47.5611824334259],[-122.28178119251,47.5610209373302],[-122.281779237824,47.5609107374917],[-122.281777317621,47.5608026512783],[-122.282190666777,47.560803443645],[-122.282419231573,47.5608038783005],[-122.282648160979,47.5608043133319],[-122.282802083753,47.5608046075027],[-122.282956006452,47.5608048987242],[-122.28310992518,47.5608051925299],[-122.283263851932,47.5608054832829],[-122.283728601917,47.5608063684998],[-122.283728844291,47.5609160280984],[-122.283729082615,47.5610256877486],[-122.283729316892,47.5611353474503],[-122.283729555295,47.5612450098413],[-122.283830810128,47.5612452013489],[-122.283932064961,47.5612453927662],[-122.28393182651,47.5611358894055],[-122.283931592789,47.561026701312],[-122.283931350627,47.5609159010426],[-122.28393112185,47.5608109629529],[-122.284392257945,47.5608106631655],[-122.284805386687,47.5608131269321],[-122.284805620943,47.5609000282328],[-122.284805918002,47.5610092429591],[-122.284806555088,47.5612457853781],[-122.284625318724,47.5611362868251],[-122.284393197919,47.5611603631708],[-122.284146281845,47.561284603151],[-122.283932256956,47.5613357741601],[-122.283932384927,47.5613938942496],[-122.284187102333,47.5613329936061],[-122.284393349365,47.5612158177632],[-122.284599853355,47.5611943991336],[-122.284601785798,47.5611955672247],[-122.284806755365,47.5613194022228],[-122.284807802172,47.5617052511498],[-122.284601241825,47.5617072713493],[-122.284394681462,47.5617092911734],[-122.284188125056,47.5617113078296],[-122.283933082076,47.5617140415282],[-122.28383182837,47.5617147960684],[-122.283730574585,47.5617155477773],[-122.283483681344,47.5617173785739],[-122.283274515221,47.5617189278194],[-122.283070116017,47.5617204378254],[-122.282867705437,47.5617219330753],[-122.282853849786,47.5617220329694],[-122.28267306348,47.5617967563469],[-122.282445671087,47.5618907409132]]],[[[-122.282066164687,47.5616652764304],[-122.282341389824,47.5616615383728],[-122.28235533151,47.5619280810589],[-122.282014953903,47.5620687666457],[-122.281805016897,47.5621555354199],[-122.281635405525,47.5622256370764],[-122.28161441562,47.5622341770269],[-122.281384283434,47.5623278131905],[-122.281165686955,47.562416755766],[-122.280982725018,47.5624912052263],[-122.280955373899,47.5625023377067],[-122.280943593875,47.5625062880898],[-122.280931014963,47.5625088968498],[-122.280917979551,47.5625100938193],[-122.280904831022,47.562509844464],[-122.280891913973,47.562508158106],[-122.280879570098,47.5625050852339],[-122.280868121297,47.5625006930407],[-122.280857878922,47.5624951064351],[-122.280849106262,47.5624884701318],[-122.280842035123,47.5624809621501],[-122.28083684925,47.5624727803149],[-122.280833692193,47.5624641339309],[-122.280832643473,47.5624552605378],[-122.280833230101,47.5622144362317],[-122.280980008185,47.562154292016],[-122.281156297743,47.5620820580381],[-122.281377927626,47.5619912424417],[-122.281604495278,47.5618984002427],[-122.281799664398,47.5618184309007],[-122.281799902645,47.5618182578626],[-122.282005467853,47.5616697570724],[-122.282066164687,47.5616652764304]]],[[[-122.281787133722,47.561356057383],[-122.281785158306,47.5612446760164],[-122.282055652278,47.5612417584316],[-122.282063066976,47.5615405120617],[-122.28179946893,47.5617196344667],[-122.281777351224,47.5617346626283],[-122.281752643488,47.5617448320976],[-122.281601244847,47.5618071475236],[-122.281368733458,47.5619028567626],[-122.28127623408,47.5619409309814],[-122.281157729014,47.5619897119664],[-122.280973278127,47.562065630899],[-122.280833444766,47.562123188743],[-122.280834356424,47.5617401367129],[-122.280967507227,47.5616864615886],[-122.281150369342,47.5616127482378],[-122.281368496397,47.5615248179334],[-122.281599221829,47.5614318103373],[-122.281787133722,47.561356057383]]]]}},{"type":"Feature","properties":{"OBJECTID":27514,"PIN":"6431500036","ADDRESS":"8743   PHINNEY AVE N","PROP_NAME":"sfr","LAND_SQFT":6224,"LAND_USE_DESC":"Single Family(Res Use/Zone)","ZONING":"LR3","SF_UNITS":1,"YR_BUILT":"1926","REDEV_FL_AREA":9958,"AVAIL_SQFT":8091,"STATUS_TEXT_1":"Significantly Under Developed","STATUS_TEXT_2":"(under 20% of allowed density)","UV_NAME":"Greenwood-Phinney Ridge"},"geometry":{"type":"Polygon","coordinates":[[[-122.35404383278,47.6935989038993],[-122.354042611619,47.693481016197],[-122.354626349651,47.6934827652802],[-122.354627568157,47.6936006557714],[-122.35404383278,47.6935989038993]]]}},{"type":"Feature","properties":{"OBJECTID":27577,"PIN":"4088803500","ADDRESS":"707   WESTLAKE AVE N","PROP_NAME":"TRAGO/PEOPLES BANK/RO RO BARBEQUE/TAP PLASTICS","LAND_SQFT":17918,"LAND_USE_DESC":"Retail Store","ZONING":"SM-85","SF_UNITS":0,"YR_BUILT":"1995","REDEV_FL_AREA":77220,"AVAIL_SQFT":57915,"STATUS_TEXT_1":"Under Developed","STATUS_TEXT_2":"(21% - 40% of allowed density)","UV_NAME":"South Lake Union"},"geometry":{"type":"Polygon","coordinates":[[[-122.339080894672,47.6261347190823],[-122.338962404293,47.6259697585716],[-122.338843910771,47.6258048034723],[-122.339569313848,47.6258076550028],[-122.339567899276,47.6259721397112],[-122.339566484774,47.6261366271599],[-122.339080894672,47.6261347190823]]]}},{"type":"Feature","properties":{"OBJECTID":27604,"PIN":"7443000005","ADDRESS":"371  W EWING ST","PROP_NAME":"WAREHOUSE","LAND_SQFT":8041,"LAND_USE_DESC":"Warehouse","ZONING":"IB U/45","SF_UNITS":0,"YR_BUILT":"1977","REDEV_FL_AREA":7926,"AVAIL_SQFT":0,"STATUS_TEXT_1":"Substantially Developed","STATUS_TEXT_2":"(81% - 100% of allowed density)","UV_NAME":"Ballard-Interbay-Northend"},"geometry":{"type":"Polygon","coordinates":[[[-122.363715176092,47.6521772275167],[-122.363842608531,47.6519169361237],[-122.363996538555,47.6519516131409],[-122.364150468704,47.651986287209],[-122.364125642995,47.6520370687764],[-122.364023215478,47.6522465546191],[-122.363869199779,47.652211892488],[-122.363715257787,47.652177245613],[-122.363715176092,47.6521772275167]]]}},{"type":"Feature","properties":{"OBJECTID":27690,"PIN":"2197600710","ADDRESS":"312   11TH AVE","PROP_NAME":"Terrace Apts","LAND_SQFT":10790,"LAND_USE_DESC":"Apartment","ZONING":"MR","SF_UNITS":0,"YR_BUILT":"1998","REDEV_FL_AREA":45858,"AVAIL_SQFT":19422,"STATUS_TEXT_1":"Moderately Developed","STATUS_TEXT_2":"(41% - 80% of allowed density)","UV_NAME":"12th Avenue"},"geometry":{"type":"Polygon","coordinates":[[[-122.317494929631,47.6049422903048],[-122.31748681638,47.6049422754907],[-122.317486573051,47.6049422731809],[-122.317486343891,47.604860029884],[-122.317486107124,47.6047772355443],[-122.31748586986,47.6046949923529],[-122.31749458313,47.6046950075655],[-122.317972432245,47.6046959051194],[-122.317972666147,47.6047781456216],[-122.317972904156,47.6048609564063],[-122.31797291557,47.6048654778156],[-122.317973138138,47.6049431996492],[-122.317494929631,47.6049422903048]]]}},{"type":"Feature","properties":{"OBJECTID":27749,"PIN":"4253400104","ADDRESS":"1318  S MCCLELLAN ST","PROP_NAME":"townhouse","LAND_SQFT":1039,"LAND_USE_DESC":"Townhouse Plat","ZONING":"LR2","SF_UNITS":0,"YR_BUILT":"2007","REDEV_FL_AREA":1195,"AVAIL_SQFT":0,"STATUS_TEXT_1":"Substantially Developed","STATUS_TEXT_2":"(81% - 100% of allowed density)","UV_NAME":"North Beacon Hill"},"geometry":{"type":"Polygon","coordinates":[[[-122.315109459135,47.5788192982755],[-122.315109975101,47.5787498586435],[-122.315276116648,47.5787504082432],[-122.315275580649,47.5788198481399],[-122.315109459135,47.5788192982755]]]}},{"type":"Feature","properties":{"OBJECTID":27950,"PIN":"2724049059","ADDRESS":"6701   51ST AVE S","PROP_NAME":"VIETNAMESE PRESBYTERIAN GOOD NEWS CHURCH","LAND_SQFT":47046,"LAND_USE_DESC":"Church/Welfare/Relig Srvc","ZONING":"SF 5000","SF_UNITS":0,"YR_BUILT":"1960","REDEV_FL_AREA":47046,"AVAIL_SQFT":32932,"STATUS_TEXT_1":"Special Land Use Type","STATUS_TEXT_2":null,"UV_NAME":"Outside Villages"},"geometry":{"type":"Polygon","coordinates":[[[-122.269914486296,47.5416614243274],[-122.270601546655,47.5416580451065],[-122.270599922331,47.5419249059455],[-122.270599417233,47.5420071522402],[-122.270598916182,47.5420893984836],[-122.270596907763,47.5424183780264],[-122.270515932927,47.542418763248],[-122.269989388028,47.5424212697878],[-122.269910106029,47.5424216605962],[-122.269914486296,47.5416614243274]]]}},{"type":"Feature","properties":{"OBJECTID":28109,"PIN":"0952006850","ADDRESS":"4022  SW ALASKA ST","PROP_NAME":"VIKING BANK","LAND_SQFT":14633,"LAND_USE_DESC":"Bank","ZONING":"NC3P-65","SF_UNITS":0,"YR_BUILT":"2006","REDEV_FL_AREA":62190,"AVAIL_SQFT":58532,"STATUS_TEXT_1":"Significantly Under Developed","STATUS_TEXT_2":"(under 20% of allowed density)","UV_NAME":"West Seattle Junction"},"geometry":{"type":"Polygon","coordinates":[[[-122.383475901812,47.5614906892612],[-122.383476238052,47.5611757303174],[-122.383508637873,47.5611758506236],[-122.383974717229,47.5611775528841],[-122.383974671062,47.5612185910074],[-122.383974603474,47.5612839459066],[-122.383974600919,47.5612869896149],[-122.383974526727,47.5613553882776],[-122.383974452534,47.5614237869402],[-122.383974382473,47.5614921882886],[-122.383974365675,47.5615114897951],[-122.383747112695,47.5615134020939],[-122.383603295156,47.5614910716484],[-122.383585310328,47.5614882787204],[-122.383508308683,47.5614880454898],[-122.383508305144,47.5614907848439],[-122.383475901812,47.5614906892612]]]}},{"type":"Feature","properties":{"OBJECTID":28174,"PIN":"7666202825","ADDRESS":"1410   8TH AVE S","PROP_NAME":"SEATTLE INJECTOR CO","LAND_SQFT":14529,"LAND_USE_DESC":"Industrial(Gen Purpose)","ZONING":"IG2 U/85","SF_UNITS":0,"YR_BUILT":"1960","REDEV_FL_AREA":14529,"AVAIL_SQFT":10170,"STATUS_TEXT_1":"Under Developed","STATUS_TEXT_2":"(21% - 40% of allowed density)","UV_NAME":"Greater Duwamish"},"geometry":{"type":"Polygon","coordinates":[[[-122.322087684623,47.5905012330175],[-122.322000842561,47.5903383566764],[-122.321913054349,47.5901736993879],[-122.321863577547,47.5900808966634],[-122.321863838699,47.5900090938811],[-122.321972206481,47.5900094003647],[-122.322151742474,47.59000990493],[-122.322258828718,47.5901745644338],[-122.322347553242,47.5903109857661],[-122.322347478223,47.5903391114826],[-122.322346985874,47.5905017132769],[-122.3221662898,47.5905013804764],[-122.322087684623,47.5905012330175]]]}},{"type":"Feature","properties":{"OBJECTID":28350,"PIN":"7666204560","ADDRESS":"1750   4TH AVE S","PROP_NAME":"BULBMAN","LAND_SQFT":20299,"LAND_USE_DESC":"Warehouse","ZONING":"IG2 U/85","SF_UNITS":0,"YR_BUILT":"1989","REDEV_FL_AREA":20299,"AVAIL_SQFT":10150,"STATUS_TEXT_1":"Moderately Developed","STATUS_TEXT_2":"(41% - 80% of allowed density)","UV_NAME":"Greater Duwamish"},"geometry":{"type":"Polygon","coordinates":[[[-122.32850503256,47.5869383704593],[-122.328505122998,47.5867738761904],[-122.328505213356,47.5866093791801],[-122.328505299741,47.5864448849637],[-122.328505398201,47.5862803878461],[-122.328768825163,47.5862804479778],[-122.328774564057,47.5862805863967],[-122.328778600219,47.5862808486583],[-122.328782607906,47.5862812483944],[-122.328786582989,47.5862817829175],[-122.328790509183,47.5862824496997],[-122.328794386567,47.586283251482],[-122.328798198698,47.5862841802546],[-122.328801937554,47.5862852388649],[-122.328805590823,47.5862864219908],[-122.328809154373,47.5862877269447],[-122.328812615894,47.5862891484044],[-122.328815971412,47.5862906891642],[-122.328819204487,47.5862923412142],[-122.328822314881,47.5862940963316],[-122.32882529052,47.5862959574171],[-122.328828123063,47.5862979163544],[-122.328830808382,47.5862999704557],[-122.328833342109,47.5863021088105],[-122.328835708118,47.5863043343729],[-122.328837910066,47.5863066333847],[-122.328839939851,47.5863090059525],[-122.328841793185,47.5863114439066],[-122.328843461807,47.5863139418716],[-122.32884494556,47.5863164943657],[-122.328846240078,47.5863190904781],[-122.328847337257,47.5863217303155],[-122.328848240835,47.5863244028606],[-122.328848942551,47.5863271027382],[-122.328849446219,47.5863298216719],[-122.328849751683,47.5863325541799],[-122.328849850761,47.5863352976277],[-122.328849787119,47.5864449596142],[-122.328849697771,47.5866094538841],[-122.328849600319,47.5867739482602],[-122.328849506918,47.5869384425827],[-122.32850503256,47.5869383704593]]]}},{"type":"Feature","properties":{"OBJECTID":28456,"PIN":"0272000575","ADDRESS":"1704   MARTIN LUTHER KING JR WAY S","PROP_NAME":"townhouse","LAND_SQFT":2708,"LAND_USE_DESC":"Townhouse Plat","ZONING":"LR2","SF_UNITS":0,"YR_BUILT":"1998","REDEV_FL_AREA":3114,"AVAIL_SQFT":1896,"STATUS_TEXT_1":"Moderately Developed","STATUS_TEXT_2":"(41% - 80% of allowed density)","UV_NAME":"North Rainier"},"geometry":{"type":"Polygon","coordinates":[[[-122.29764450648,47.5881224792638],[-122.2976446044,47.5881170269327],[-122.297646466343,47.5880074331554],[-122.297686396699,47.5880077115069],[-122.297917591501,47.5880093248041],[-122.297904125107,47.588118878822],[-122.297903485387,47.5881240886093],[-122.297903447451,47.5881243249087],[-122.29764450648,47.5881224792638]]]}},{"type":"Feature","properties":{"OBJECTID":28518,"PIN":"8602230000","ADDRESS":"3001  SW AVALON WAY","PROP_NAME":"3001 (0005) CONDOMINIUM","LAND_SQFT":6376,"LAND_USE_DESC":"Condominium(Residential)","ZONING":"MR","SF_UNITS":0,"YR_BUILT":"1988","REDEV_FL_AREA":27098,"AVAIL_SQFT":19128,"STATUS_TEXT_1":"Under Developed","STATUS_TEXT_2":"(21% - 40% of allowed density)","UV_NAME":"West Seattle Junction"},"geometry":{"type":"Polygon","coordinates":[[[-122.370902134977,47.5665636808722],[-122.371212564762,47.5666470683689],[-122.371072066647,47.5668845236246],[-122.370897163492,47.5668849093953],[-122.370902134977,47.5665636808722]]]}},{"type":"Feature","properties":{"OBJECTID":28607,"PIN":"2724049206","ADDRESS":"7226   35TH AVE S","PROP_NAME":"NEW RESIDENCE ON RESID. LAND","LAND_SQFT":5381,"LAND_USE_DESC":"Single Family(Res Use/Zone)","ZONING":"SF 5000","SF_UNITS":1,"YR_BUILT":"1997","REDEV_FL_AREA":5381,"AVAIL_SQFT":3229,"STATUS_TEXT_1":"Substantially Developed","STATUS_TEXT_2":"(81% - 100% of allowed density)","UV_NAME":"Outside Villages"},"geometry":{"type":"Polygon","coordinates":[[[-122.288069994715,47.537078309649],[-122.288069424384,47.5370454076862],[-122.288067298359,47.5369225529947],[-122.288450217474,47.5369241100895],[-122.288452289674,47.5370450049577],[-122.288452870172,47.5370802923157],[-122.288069994715,47.537078309649]]]}},{"type":"Feature","properties":{"OBJECTID":28715,"PIN":"7899800785","ADDRESS":"9008 A  18TH AVE SW","PROP_NAME":"TOWNHOUSE","LAND_SQFT":1216,"LAND_USE_DESC":"Townhouse Plat","ZONING":"LR3","SF_UNITS":0,"YR_BUILT":"2007","REDEV_FL_AREA":1946,"AVAIL_SQFT":730,"STATUS_TEXT_1":"Moderately Developed","STATUS_TEXT_2":"(41% - 80% of allowed density)","UV_NAME":"Westwood-Highland Park"},"geometry":{"type":"Polygon","coordinates":[[[-122.357393415367,47.5225940741574],[-122.357157977393,47.522594320651],[-122.35715853199,47.5225440600411],[-122.357418645683,47.5225437868416],[-122.357418779552,47.5225940491872],[-122.357393415367,47.5225940741574]]]}},{"type":"Feature","properties":{"OBJECTID":28792,"PIN":"7327903360","ADDRESS":"755  S PORTLAND ST","PROP_NAME":"WAREHOUSE","LAND_SQFT":15025,"LAND_USE_DESC":"Industrial(Gen Purpose)","ZONING":"IG2 U/65","SF_UNITS":0,"YR_BUILT":"1979","REDEV_FL_AREA":5324,"AVAIL_SQFT":2662,"STATUS_TEXT_1":"Moderately Developed","STATUS_TEXT_2":"(41% - 80% of allowed density)","UV_NAME":"Greater Duwamish"},"geometry":{"type":"Polygon","coordinates":[[[-122.322927252955,47.5330227055151],[-122.32312964514,47.5330242937607],[-122.323332029243,47.5330258817519],[-122.323433263521,47.5330266654616],[-122.32353448963,47.5330274464463],[-122.32352989905,47.5333015811109],[-122.323428672331,47.5333007973812],[-122.323327441567,47.5333000136144],[-122.322922664482,47.5332968839579],[-122.322923810554,47.53322833799],[-122.322924960748,47.53315979471],[-122.322926102845,47.5330912515361],[-122.322927252955,47.5330227055151]]]}},{"type":"Feature","properties":{"OBJECTID":28946,"PIN":"3740500075","ADDRESS":"2717  S JACKSON ST","PROP_NAME":"RETAIL STORE","LAND_SQFT":4387,"LAND_USE_DESC":"Retail Store","ZONING":"NC2-40","SF_UNITS":0,"YR_BUILT":"1940","REDEV_FL_AREA":13161,"AVAIL_SQFT":12722,"STATUS_TEXT_1":"Significantly Under Developed","STATUS_TEXT_2":"(under 20% of allowed density)","UV_NAME":"23rd & Union-Jackson"},"geometry":{"type":"Polygon","coordinates":[[[-122.296526827053,47.5991274618972],[-122.29653578557,47.5988265014673],[-122.296697693116,47.5988287814186],[-122.296688782932,47.5991296973797],[-122.296526827053,47.5991274618972]]]}},{"type":"Feature","properties":{"OBJECTID":29029,"PIN":"1105000115","ADDRESS":"4601  S GRAHAM ST","PROP_NAME":"GRAHAM ST APTS","LAND_SQFT":40053,"LAND_USE_DESC":"Apartment","ZONING":"NC2-40","SF_UNITS":0,"YR_BUILT":"1985","REDEV_FL_AREA":120159,"AVAIL_SQFT":68090,"STATUS_TEXT_1":"Moderately Developed","STATUS_TEXT_2":"(41% - 80% of allowed density)","UV_NAME":"Outside Villages"},"geometry":{"type":"Polygon","coordinates":[[[-122.2738145202,47.5456909408505],[-122.27424708321,47.5456873848858],[-122.274780870924,47.5456830095676],[-122.275314670452,47.5456811103353],[-122.275316604527,47.5459755874193],[-122.274782608288,47.5459797073734],[-122.274248603869,47.5459838249214],[-122.273815825794,47.5459871614868],[-122.2738145202,47.5456909408505]]]}},{"type":"Feature","properties":{"OBJECTID":29156,"PIN":"0635000100","ADDRESS":"3521  S LESCHI PL","PROP_NAME":"APARTMENT","LAND_SQFT":3969,"LAND_USE_DESC":"Apartment","ZONING":"LR1","SF_UNITS":0,"YR_BUILT":"1981","REDEV_FL_AREA":3969,"AVAIL_SQFT":794,"STATUS_TEXT_1":"Completely Developed","STATUS_TEXT_2":"(more than 100% of allowed density)","UV_NAME":"Outside Villages"},"geometry":{"type":"Polygon","coordinates":[[[-122.286669698297,47.5994386345256],[-122.28687592394,47.599439879713],[-122.286873735188,47.5995208892959],[-122.286871526725,47.5996026449488],[-122.286534720641,47.5995998624476],[-122.286602444733,47.5995192496156],[-122.286669698297,47.5994386345256]]]}},{"type":"Feature","properties":{"OBJECTID":29217,"PIN":"7133300280","ADDRESS":"1566  S ATLANTIC ST","PROP_NAME":"Townhouse","LAND_SQFT":1690,"LAND_USE_DESC":"Townhouse Plat","ZONING":"LR2","SF_UNITS":0,"YR_BUILT":"1999","REDEV_FL_AREA":1944,"AVAIL_SQFT":338,"STATUS_TEXT_1":"Moderately Developed","STATUS_TEXT_2":"(41% - 80% of allowed density)","UV_NAME":"Outside Villages"},"geometry":{"type":"Polygon","coordinates":[[[-122.311827530677,47.5903457531934],[-122.31182748909,47.5902772175262],[-122.311850235645,47.590260941497],[-122.31184935274,47.5901566501601],[-122.311849312451,47.5900716076552],[-122.311909689094,47.5900716015486],[-122.311909723603,47.5901374583785],[-122.311910982082,47.590222575535],[-122.311910586997,47.5902416293224],[-122.311916553339,47.5902416285405],[-122.311918689385,47.5902416281934],[-122.311918707131,47.5902772135969],[-122.311916461687,47.590277215366],[-122.31190853757,47.5902772141773],[-122.311908571083,47.5903457472088],[-122.311827530677,47.5903457531934]]]}},{"type":"Feature","properties":{"OBJECTID":29372,"PIN":"7165700150","ADDRESS":"4004  S BOZEMAN ST","PROP_NAME":"townhouse","LAND_SQFT":1735,"LAND_USE_DESC":"Townhouse Plat","ZONING":"LR2","SF_UNITS":0,"YR_BUILT":"2006","REDEV_FL_AREA":1995,"AVAIL_SQFT":174,"STATUS_TEXT_1":"Moderately Developed","STATUS_TEXT_2":"(41% - 80% of allowed density)","UV_NAME":"Othello"},"geometry":{"type":"Polygon","coordinates":[[[-122.281721864054,47.5323762144024],[-122.281678336334,47.5323766486331],[-122.281675033327,47.532211333049],[-122.281791417759,47.5322100468006],[-122.281794761065,47.5323754880031],[-122.281721864054,47.5323762144024]]]}},{"type":"Feature","properties":{"OBJECTID":29494,"PIN":"0952003990","ADDRESS":"4122   36TH AVE SW","PROP_NAME":"Triplex","LAND_SQFT":4596,"LAND_USE_DESC":"Triplex","ZONING":"LR3","SF_UNITS":0,"YR_BUILT":"1920","REDEV_FL_AREA":7354,"AVAIL_SQFT":4596,"STATUS_TEXT_1":"Moderately Developed","STATUS_TEXT_2":"(41% - 80% of allowed density)","UV_NAME":"West Seattle Junction"},"geometry":{"type":"Polygon","coordinates":[[[-122.376819449443,47.5657888119732],[-122.376819526714,47.5657203366264],[-122.376819573823,47.5656792766351],[-122.377285503911,47.5656795391528],[-122.377285453038,47.5657205964584],[-122.37728537233,47.5657890718604],[-122.376819449443,47.5657888119732]]]}},{"type":"Feature","properties":{"OBJECTID":29565,"PIN":"3873100000","ADDRESS":"501   23RD AVE S","PROP_NAME":"KINGS VIEW TOWNHOMES CONDOMINIUM","LAND_SQFT":30058,"LAND_USE_DESC":"Condominium(Residential)","ZONING":"LR2","SF_UNITS":0,"YR_BUILT":"1996","REDEV_FL_AREA":34567,"AVAIL_SQFT":18035,"STATUS_TEXT_1":"Moderately Developed","STATUS_TEXT_2":"(41% - 80% of allowed density)","UV_NAME":"23rd & Union-Jackson"},"geometry":{"type":"Polygon","coordinates":[[[-122.302348533103,47.5969707334712],[-122.30275411394,47.5969702663693],[-122.302754414456,47.5971075539371],[-122.302754715129,47.5972448469866],[-122.302755015726,47.5973821372947],[-122.302755320377,47.5975194275503],[-122.302755621055,47.5976567205987],[-122.302755925709,47.5977940108535],[-122.302350858362,47.5977946577036],[-122.302350468749,47.5976573356547],[-122.302350079216,47.5975200163464],[-122.302349693736,47.5973826969856],[-122.302349304129,47.5972453749357],[-122.302348918654,47.5971080555741],[-122.302348533103,47.5969707334712]]]}},{"type":"Feature","properties":{"OBJECTID":29636,"PIN":"7132300275","ADDRESS":"800   RAINIER AVE S","PROP_NAME":"AUTO SERVICE","LAND_SQFT":7054,"LAND_USE_DESC":"Service Building","ZONING":"IC-65","SF_UNITS":0,"YR_BUILT":"1970","REDEV_FL_AREA":10581,"AVAIL_SQFT":4938,"STATUS_TEXT_1":"Moderately Developed","STATUS_TEXT_2":"(41% - 80% of allowed density)","UV_NAME":"23rd & Union-Jackson"},"geometry":{"type":"Polygon","coordinates":[[[-122.310737984682,47.5956780990436],[-122.311100277324,47.5955513469417],[-122.311105867926,47.5955586502847],[-122.311180454919,47.5956560120359],[-122.311263246989,47.5957640870571],[-122.311227098694,47.5957767311568],[-122.311184648784,47.5957915821588],[-122.311001750521,47.5957915533898],[-122.310824632836,47.5957915260232],[-122.310817989135,47.5957828242167],[-122.310771038197,47.5957213689416],[-122.310743567221,47.5956854052506],[-122.310737984682,47.5956780990436]]]}},{"type":"Feature","properties":{"OBJECTID":29719,"PIN":"3395071400","ADDRESS":"3951  S CHICAGO ST","PROP_NAME":"sfr","LAND_SQFT":3847,"LAND_USE_DESC":"Single Family(Res Use/Zone)","ZONING":"LR3","SF_UNITS":1,"YR_BUILT":"2005","REDEV_FL_AREA":6155,"AVAIL_SQFT":4232,"STATUS_TEXT_1":"Significantly Under Developed","STATUS_TEXT_2":"(under 20% of allowed density)","UV_NAME":"Othello"},"geometry":{"type":"Polygon","coordinates":[[[-122.282720307777,47.5325327113787],[-122.28271626979,47.5323242025517],[-122.282748609112,47.5323242863038],[-122.282923672236,47.5323247674595],[-122.282925523858,47.5324213163092],[-122.282926841146,47.5324900683168],[-122.282927418224,47.5325202748124],[-122.282927622806,47.5325308315605],[-122.282834209996,47.5325316778359],[-122.282752592188,47.532532417439],[-122.282720307777,47.5325327113787]]]}},{"type":"Feature","properties":{"OBJECTID":29860,"PIN":"5084400170","ADDRESS":"600  S BRANDON ST","PROP_NAME":"WAREHOUSE","LAND_SQFT":60290,"LAND_USE_DESC":"Warehouse","ZONING":"IG2 U/85","SF_UNITS":0,"YR_BUILT":"1977","REDEV_FL_AREA":60290,"AVAIL_SQFT":24116,"STATUS_TEXT_1":"Moderately Developed","STATUS_TEXT_2":"(41% - 80% of allowed density)","UV_NAME":"Greater Duwamish"},"geometry":{"type":"MultiPolygon","coordinates":[[[[-122.325577121607,47.5542009765231],[-122.325583099371,47.5541992555818],[-122.325736629264,47.5542001655805],[-122.325939113056,47.5542013648195],[-122.326141592809,47.5542025637512],[-122.32634407662,47.554203762269],[-122.326546552342,47.5542049605325],[-122.326674997664,47.5542057216879],[-122.326696152692,47.5542058468238],[-122.326696505812,47.5542058723465],[-122.326696898872,47.5542058781504],[-122.326697287962,47.5542058867484],[-122.32669767713,47.5542058980874],[-122.326698066298,47.5542059094265],[-122.326698455623,47.5542059262475],[-122.32669884487,47.5542059403275],[-122.326699234352,47.5542059626304],[-122.326699623677,47.5542059794514],[-122.32670001316,47.5542060017543],[-122.326700402721,47.5542060267982],[-122.326700792282,47.5542060518421],[-122.326701177872,47.5542060796802],[-122.326701567591,47.554206110206],[-122.32670195326,47.5542061407851],[-122.326702343135,47.5542061767929],[-122.326702728883,47.5542062101129],[-122.326703114788,47.5542062489149],[-122.326703500693,47.5542062877168],[-122.326703890725,47.5542063292066],[-122.32670427266,47.5542063708027],[-122.326704654752,47.5542064178808],[-122.326705040893,47.5542064649057],[-122.326705422984,47.5542065119837],[-122.326705809204,47.5542065617496],[-122.326706191453,47.5542066143096],[-122.32670657378,47.5542066696106],[-122.326706952059,47.5542067249648],[-122.326707334465,47.5542067830068],[-122.326707712901,47.554206843843],[-122.326708095385,47.5542069046259],[-122.3267084739,47.554206968203],[-122.326708852493,47.5542070345211],[-122.326709227037,47.5542071008924],[-122.326709605708,47.5542071699515],[-122.326709980409,47.5542072418047],[-122.326710355111,47.5542073136579],[-122.32671072989,47.5542073882522],[-122.326711104749,47.5542074655873],[-122.326711479607,47.5542075429225],[-122.326711850495,47.5542076230519],[-122.326712221383,47.5542077031812],[-122.326712592428,47.5542077887925],[-122.326712959425,47.554207874457],[-122.32671333047,47.5542079600684],[-122.326713697545,47.5542080484738],[-122.326714064698,47.5542081396203],[-122.326714427881,47.5542082335609],[-122.326714795113,47.5542083274483],[-122.326715158375,47.5542084241299],[-122.326715521636,47.5542085208115],[-122.326715880928,47.5542086202873],[-122.326716240298,47.554208722504],[-122.326716599668,47.5542088247207],[-122.326716959116,47.5542089296785],[-122.326717314516,47.5542090346893],[-122.326717674121,47.554209145129],[-122.326718025629,47.5542092556751],[-122.326718381264,47.5542093689089],[-122.326718732851,47.5542094821959],[-122.326719084516,47.5542095982239],[-122.32671944023,47.5542097141987],[-122.326719783875,47.5542098330741],[-122.32672013157,47.5542099518962],[-122.326720475373,47.5542100762535],[-122.326720823146,47.5542101978167],[-122.326721162979,47.5542103249682],[-122.32672150686,47.5542104520665],[-122.326721846771,47.5542105819589],[-122.326722186683,47.5542107118514],[-122.326722526751,47.5542108472258],[-122.326722862613,47.5542109771714],[-122.326723198632,47.554211112599],[-122.326723530682,47.5542112508208],[-122.326723862731,47.5542113890426],[-122.326724194858,47.5542115300053],[-122.326724522937,47.5542116710213],[-122.326724851094,47.5542118147782],[-122.326725179251,47.5542119585351],[-122.326725503438,47.5542121050862],[-122.326725823655,47.5542122544315],[-122.326726147921,47.5542124037235],[-122.326726468216,47.5542125558097],[-122.326726784462,47.5542127079492],[-122.326727100787,47.5542128628296],[-122.326727417033,47.554213014969],[-122.326727729466,47.5542131753846],[-122.326728041899,47.5542133358001],[-122.326728350284,47.5542134962689],[-122.326728658746,47.5542136594786],[-122.326728967209,47.5542138226883],[-122.326729271623,47.5542139859512],[-122.326729572145,47.5542141547493],[-122.326729876637,47.5542143207532],[-122.326730173189,47.5542144923454],[-122.32673047379,47.5542146638844],[-122.326730766293,47.5542148355299],[-122.326731062923,47.5542150098631],[-122.326731355504,47.5542151842495],[-122.326731644116,47.5542153614301],[-122.326731928678,47.5542155386639],[-122.326732217367,47.5542157185854],[-122.326732502008,47.5542158985602],[-122.326732786727,47.5542160812759],[-122.326733067476,47.5542162667857],[-122.326733344098,47.5542164496079],[-122.326733620877,47.5542166379119],[-122.326733897655,47.554216826216],[-122.326734170385,47.5542170145733],[-122.326734439144,47.5542172057247],[-122.326734707904,47.5542173968761],[-122.326734972693,47.5542175908218],[-122.326735241609,47.5542177874551],[-122.326735502271,47.554217978713],[-122.32673576309,47.5542181754528],[-122.326736019938,47.5542183749867],[-122.326736276786,47.5542185745207],[-122.326736529586,47.5542187741078],[-122.326736782464,47.5542189764359],[-122.326737031293,47.5542191788172],[-122.326737280201,47.5542193839395],[-122.326737525059,47.554219589115],[-122.326737765948,47.5542197970847],[-122.326738006836,47.5542200050543],[-122.326738247725,47.554220213024],[-122.326738484643,47.5542204237878],[-122.326738717512,47.5542206346049],[-122.32673895046,47.5542208481628],[-122.326739179359,47.554221061774],[-122.326739412306,47.5542212753321],[-122.326739633186,47.5542214917906],[-122.326739854066,47.5542217082492],[-122.326740079073,47.5542219273956],[-122.326740291933,47.5542221467015],[-122.326740508842,47.5542223659542],[-122.326740721781,47.5542225880012],[-122.32674093472,47.5542228100481],[-122.32674114361,47.5542230321482],[-122.32674134853,47.5542232570425],[-122.326741553449,47.5542234819368],[-122.326741754399,47.5542237096252],[-122.326741955269,47.5542239345727],[-122.326742152248,47.5542241650553],[-122.3267423451,47.5542243928502],[-122.32674253803,47.554224623386],[-122.326742726911,47.554224853975],[-122.326742911822,47.5542250873582],[-122.326743096654,47.5542253180005],[-122.326743281643,47.5542255541246],[-122.326743458456,47.5542257876142],[-122.326743635348,47.5542260238448],[-122.326743812239,47.5542262600753],[-122.326743985082,47.5542264963591],[-122.326744153954,47.554226735437],[-122.326744318778,47.5542269745682],[-122.326744483601,47.5542272136993],[-122.326744644375,47.5542274528837],[-122.326744805228,47.554227694809],[-122.326744962032,47.5542279367875],[-122.326745114788,47.5542281788191],[-122.326745267621,47.5542284235918],[-122.326745416406,47.5542286684177],[-122.326745561142,47.5542289132968],[-122.326745705878,47.5542291581758],[-122.326745846644,47.5542294058491],[-122.326745983282,47.5542296508346],[-122.326746120077,47.554229901302],[-122.326746252745,47.5542301490816],[-122.326746385412,47.5542303968613],[-122.32674651411,47.5542306474351],[-122.326746638758,47.5542308980621],[-122.326746759358,47.5542311487423],[-122.326746879957,47.5542313994225],[-122.326746996508,47.5542316501559],[-122.326747113137,47.5542319036303],[-122.326747225717,47.5542321571579],[-122.326747338297,47.5542324106855],[-122.326747438731,47.5542326643726],[-122.326747543292,47.5542329207476],[-122.326747643725,47.5542331744348],[-122.326747744316,47.5542334336039],[-122.326747836652,47.5542336873974],[-122.326747929066,47.554233943932],[-122.32674802148,47.5542342004665],[-122.326748109846,47.5542344570543],[-122.32674819424,47.5542347164362],[-122.326748274587,47.5542349758713],[-122.326748354854,47.5542352325654],[-122.326748431151,47.5542354920538],[-122.326748503399,47.5542357515953],[-122.326748575648,47.5542360111368],[-122.326748643925,47.5542362734725],[-122.326748707997,47.5542365303794],[-122.326748772226,47.5542367927683],[-122.326748828357,47.5542370552635],[-122.326748888459,47.5542373149646],[-122.326748940541,47.5542375775131],[-122.326748992623,47.5542378400616],[-122.326749040656,47.5542381026633],[-122.326749088611,47.554238362524],[-122.326749128625,47.554238627973],[-122.32674916856,47.5542388906811],[-122.326749208495,47.5542391533891],[-122.326749240333,47.5542394162036],[-122.326749272249,47.554239681759],[-122.326749304008,47.5542399418325],[-122.326749331875,47.5542402074412],[-122.326749351566,47.5542404704152],[-122.326749371257,47.5542407333893],[-122.326749391026,47.5542409991043],[-122.326749406668,47.5542412621316],[-122.326749418261,47.554241525212],[-122.326749425883,47.5542417910866],[-122.326749433427,47.5542420542203],[-122.326749437001,47.5542423201481],[-122.326749436447,47.5542425833881],[-122.326749435893,47.5542428466282],[-122.326749431369,47.5542431126624],[-122.326749414066,47.5542436393553],[-122.326749401443,47.5542439054959],[-122.326749430168,47.554244766109],[-122.326749478777,47.5542460377621],[-122.32674949355,47.5542465530654],[-122.326749620354,47.5542473027096],[-122.326752928079,47.5544805026766],[-122.326753317669,47.5545079368319],[-122.326757209544,47.5547822784381],[-122.326757789219,47.5548234064259],[-122.32635173086,47.5548209973469],[-122.326160871561,47.5548198682446],[-122.326160911903,47.5548115237857],[-122.326148325809,47.5548103509841],[-122.326083958317,47.5548031046614],[-122.326010060997,47.5547926409427],[-122.325987971348,47.554777718367],[-122.325946927222,47.5547499954776],[-122.325742504087,47.5546119077792],[-122.325578274997,47.5545009726134],[-122.325538073859,47.5544738170784],[-122.325534771701,47.5542424597032],[-122.325535647176,47.5542380966445],[-122.325537018661,47.5542337983664],[-122.325538935765,47.5542295998635],[-122.325541383076,47.5542255287583],[-122.325544345341,47.5542216181551],[-122.325547799051,47.5542178957826],[-122.3255517126,47.5542143894756],[-122.32555606653,47.5542111269098],[-122.325560821056,47.5542081332852],[-122.325565940368,47.5542054310083],[-122.325571388495,47.5542030370031],[-122.325577121607,47.5542009765231]]],[[[-122.326137423439,47.5548786714442],[-122.326122913146,47.5548688701346],[-122.326148812091,47.5548712747479],[-122.326148725945,47.5548609193167],[-122.326351200168,47.5548621179813],[-122.326758376914,47.5548645315663],[-122.326758628658,47.5548823540527],[-122.326137423439,47.5548786714442]]]]}},{"type":"Feature","properties":{"OBJECTID":29981,"PIN":"3395070070","ADDRESS":"3722  S HOLLY PARK DR","PROP_NAME":"sfr","LAND_SQFT":2804,"LAND_USE_DESC":"Single Family(Res Use/Zone)","ZONING":"LR3 RC","SF_UNITS":1,"YR_BUILT":"2005","REDEV_FL_AREA":4486,"AVAIL_SQFT":2524,"STATUS_TEXT_1":"Under Developed","STATUS_TEXT_2":"(21% - 40% of allowed density)","UV_NAME":"Othello"},"geometry":{"type":"Polygon","coordinates":[[[-122.285383660302,47.5365862070802],[-122.285518943378,47.5363866032199],[-122.285608763543,47.5364143776594],[-122.285647825115,47.5364264586072],[-122.285512492332,47.5366261537465],[-122.285473409333,47.5366140346368],[-122.285383660302,47.5365862070802]]]}},{"type":"Feature","properties":{"OBJECTID":30108,"PIN":"0880000020","ADDRESS":"8620   26TH AVE SW","PROP_NAME":"FOURPLEX","LAND_SQFT":7674,"LAND_USE_DESC":"4-Plex","ZONING":"LR2","SF_UNITS":0,"YR_BUILT":"1988","REDEV_FL_AREA":8825,"AVAIL_SQFT":3837,"STATUS_TEXT_1":"Moderately Developed","STATUS_TEXT_2":"(41% - 80% of allowed density)","UV_NAME":"Westwood-Highland Park"},"geometry":{"type":"Polygon","coordinates":[[[-122.365226912395,47.525908617777],[-122.365227762243,47.525745120706],[-122.365748479377,47.5257441384741],[-122.365747624519,47.5259076849953],[-122.365226912395,47.525908617777]]]}},{"type":"Feature","properties":{"OBJECTID":30183,"PIN":"3320000265","ADDRESS":"1426  S JACKSON ST","PROP_NAME":"OFFICE","LAND_SQFT":5110,"LAND_USE_DESC":"Office Building","ZONING":"NC3P-40","SF_UNITS":0,"YR_BUILT":"1954","REDEV_FL_AREA":15330,"AVAIL_SQFT":2555,"STATUS_TEXT_1":"Substantially Developed","STATUS_TEXT_2":"(81% - 100% of allowed density)","UV_NAME":"23rd & Union-Jackson"},"geometry":{"type":"Polygon","coordinates":[[[-122.312654614649,47.599588562196],[-122.31265542387,47.5993091038069],[-122.312756732122,47.5993085404515],[-122.312858040372,47.599307977006],[-122.312857259274,47.5995889568534],[-122.312755937,47.5995887609403],[-122.312654614649,47.599588562196]]]}},{"type":"Feature","properties":{"OBJECTID":30270,"PIN":"7985400009","ADDRESS":"7701   DELRIDGE WAY SW","PROP_NAME":"West Ridge","LAND_SQFT":214839,"LAND_USE_DESC":"Apartment","ZONING":"LR1","SF_UNITS":0,"YR_BUILT":"1993","REDEV_FL_AREA":219668,"AVAIL_SQFT":128903,"STATUS_TEXT_1":"Moderately Developed","STATUS_TEXT_2":"(41% - 80% of allowed density)","UV_NAME":"Outside Villages"},"geometry":{"type":"Polygon","coordinates":[[[-122.360559070556,47.5335961955126],[-122.360575119496,47.5319563160895],[-122.360874175436,47.5319566884658],[-122.36110112046,47.5319569713158],[-122.361627198333,47.5319576230728],[-122.361748815245,47.5319577748895],[-122.361748780022,47.5319714827842],[-122.362032012925,47.5319718319004],[-122.362022983401,47.5327313292085],[-122.362012668814,47.5335992665211],[-122.361607852618,47.5335984111744],[-122.361368135871,47.533597906152],[-122.361081594933,47.5335973008614],[-122.360559070556,47.5335961955126]]]}},{"type":"Feature","properties":{"OBJECTID":30341,"PIN":"1250200559","ADDRESS":"301   27TH AVE S","PROP_NAME":"townhouse","LAND_SQFT":1752,"LAND_USE_DESC":"Townhouse Plat","ZONING":"LR2","SF_UNITS":0,"YR_BUILT":"2003","REDEV_FL_AREA":2015,"AVAIL_SQFT":175,"STATUS_TEXT_1":"Moderately Developed","STATUS_TEXT_2":"(41% - 80% of allowed density)","UV_NAME":"23rd & Union-Jackson"},"geometry":{"type":"Polygon","coordinates":[[[-122.297914292788,47.6002706394845],[-122.297916695446,47.600166147084],[-122.297918069491,47.6001062087581],[-122.298035886799,47.6001078013652],[-122.298031059536,47.6002667246354],[-122.29803089355,47.6002722066331],[-122.297914292788,47.6002706394845]]]}},{"type":"Feature","properties":{"OBJECTID":30440,"PIN":"7886100450","ADDRESS":"665  S DAKOTA ST","PROP_NAME":"Image Visual Services","LAND_SQFT":24711,"LAND_USE_DESC":"Warehouse","ZONING":"IG2 U/85","SF_UNITS":0,"YR_BUILT":"1975","REDEV_FL_AREA":24711,"AVAIL_SQFT":4942,"STATUS_TEXT_1":"Moderately Developed","STATUS_TEXT_2":"(41% - 80% of allowed density)","UV_NAME":"Greater Duwamish"},"geometry":{"type":"Polygon","coordinates":[[[-122.324118766935,47.5670761484278],[-122.324112891255,47.5667472670192],[-122.324109615228,47.5665638286481],[-122.32410961413,47.5665637902744],[-122.324109463994,47.5665554318669],[-122.324109330602,47.5665477998714],[-122.324170081623,47.5665470992315],[-122.324688498713,47.5665411308891],[-122.324688680654,47.566551304088],[-122.324688790582,47.5665574063522],[-122.324696028249,47.5669625113994],[-122.324663623185,47.5669627363016],[-122.324420617007,47.5669644017907],[-122.324422553374,47.5670740566411],[-122.324179522526,47.5670757274157],[-122.324118766935,47.5670761484278]]]}},{"type":"Feature","properties":{"OBJECTID":30573,"PIN":"5679500230","ADDRESS":"3800   9TH AVE S","PROP_NAME":"DEPT OF TRANSPORTATION","LAND_SQFT":19186,"LAND_USE_DESC":"Governmental Service","ZONING":"IG2 U/85","SF_UNITS":0,"YR_BUILT":"1965","REDEV_FL_AREA":19186,"AVAIL_SQFT":17267,"STATUS_TEXT_1":"Publicly Owned","STATUS_TEXT_2":null,"UV_NAME":"Greater Duwamish"},"geometry":{"type":"MultiPolygon","coordinates":[[[[-122.320697752836,47.5696189362666],[-122.32069539684,47.5695092129121],[-122.321108412712,47.5695072477029],[-122.32118151043,47.5695068998994],[-122.321183871735,47.5696166314138],[-122.321186229001,47.569726362981],[-122.321153099163,47.5697265223101],[-122.320700117021,47.569728662256],[-122.320697752836,47.5696189362666]]],[[[-122.320146281811,47.5696215534814],[-122.320143914982,47.5695118357564],[-122.320248307321,47.5695113398053],[-122.320630024571,47.5695095251541],[-122.32063240068,47.5696192482451],[-122.320634760677,47.5697289742888],[-122.320216658542,47.5697309494295],[-122.320148652699,47.5697312711533],[-122.320146281811,47.5696215534814]]]]}},{"type":"Feature","properties":{"OBJECTID":30691,"PIN":"3332500076","ADDRESS":"5922   RAINIER AVE S","PROP_NAME":"STAR BETHEL MISSIONARY BAPTIST","LAND_SQFT":4408,"LAND_USE_DESC":"Church/Welfare/Relig Srvc","ZONING":"LR3","SF_UNITS":0,"YR_BUILT":"1980","REDEV_FL_AREA":5730,"AVAIL_SQFT":4408,"STATUS_TEXT_1":"Special Land Use Type","STATUS_TEXT_2":null,"UV_NAME":"Outside Villages"},"geometry":{"type":"Polygon","coordinates":[[[-122.276875340103,47.5491180357478],[-122.276475030697,47.5491509641689],[-122.27646789576,47.5491083156185],[-122.276452178371,47.5490143311295],[-122.276858178154,47.5490136007958],[-122.276868691083,47.5490775883359],[-122.276875340103,47.5491180357478]]]}},{"type":"Feature","properties":{"OBJECTID":30850,"PIN":"1773101740","ADDRESS":"2409  SW FINDLAY ST","PROP_NAME":"Single family residence","LAND_SQFT":5559,"LAND_USE_DESC":"Single Family(C/I Zone)","ZONING":"NC2P-40","SF_UNITS":1,"YR_BUILT":"2000","REDEV_FL_AREA":16677,"AVAIL_SQFT":15009,"STATUS_TEXT_1":"Significantly Under Developed","STATUS_TEXT_2":"(under 20% of allowed density)","UV_NAME":"Outside Villages"},"geometry":{"type":"Polygon","coordinates":[[[-122.363342080207,47.5518375447785],[-122.363343436259,47.5517278863088],[-122.363404573503,47.5517282341449],[-122.36340593355,47.5516185783608],[-122.363656724584,47.551620005972],[-122.363655361016,47.5517296618135],[-122.363654001571,47.5518393203415],[-122.363403225677,47.5518378925063],[-122.363342080207,47.5518375447785]]]}},{"type":"Feature","properties":{"OBJECTID":30926,"PIN":"7625703351","ADDRESS":"6031 B  CALIFORNIA AVE SW","PROP_NAME":"LIVE/WORK TOWNHOME","LAND_SQFT":640,"LAND_USE_DESC":"Single Family(C/I Use)","ZONING":"NC2-30","SF_UNITS":1,"YR_BUILT":"2010","REDEV_FL_AREA":1440,"AVAIL_SQFT":128,"STATUS_TEXT_1":"Site with No Additional Development Allowed","STATUS_TEXT_2":"","UV_NAME":"Morgan Junction"},"geometry":{"type":"Polygon","coordinates":[[[-122.387328997549,47.5476761538617],[-122.387330054049,47.5476396125566],[-122.387524402721,47.5476422347599],[-122.387523336276,47.5476787775757],[-122.387328997549,47.5476761538617]]]}},{"type":"Feature","properties":{"OBJECTID":31045,"PIN":"7681000000","ADDRESS":"4004   BEACH DR SW","PROP_NAME":"SEAWEST CONDOMINIUM","LAND_SQFT":13135,"LAND_USE_DESC":"Condominium(Residential)","ZONING":"LR2","SF_UNITS":0,"YR_BUILT":"1993","REDEV_FL_AREA":9261,"AVAIL_SQFT":0,"STATUS_TEXT_1":"Completely Developed","STATUS_TEXT_2":"(more than 100% of allowed density)","UV_NAME":"Outside Villages"},"geometry":{"type":"Polygon","coordinates":[[[-122.408897163589,47.5684799824991],[-122.408898205667,47.5683838586414],[-122.408898652802,47.5683426611282],[-122.408898952214,47.5683151951869],[-122.40889954302,47.5682602661576],[-122.408980555246,47.5682607996715],[-122.408980706997,47.5682470680431],[-122.408981445761,47.5681785527659],[-122.408981449217,47.5681783991623],[-122.408982191518,47.5681097330223],[-122.408982458926,47.5680849602327],[-122.408982937784,47.5680410640853],[-122.409385586938,47.568043610637],[-122.40938497484,47.5680873770186],[-122.40938485726,47.5680921937172],[-122.409384745651,47.5680949318467],[-122.409384601643,47.5680976704254],[-122.409384425235,47.5681004094531],[-122.409384216428,47.56810314893],[-122.409383975056,47.5681058833741],[-122.409383701367,47.5681086210083],[-122.409383395113,47.5681113536098],[-122.409383056376,47.5681140839196],[-122.409382685241,47.5681168146784],[-122.409382285673,47.5681195430893],[-122.409381849572,47.5681222692645],[-122.409381380989,47.568124993148],[-122.409380883891,47.5681277119426],[-122.409380350344,47.5681304312426],[-122.409379788281,47.5681331454536],[-122.409379193736,47.5681358573728],[-122.409378562575,47.5681385643155],[-122.409377902982,47.5681412689102],[-122.409377214957,47.568143971157],[-122.409376490316,47.5681466684273],[-122.409375733193,47.5681493634057],[-122.409374947472,47.5681520505544],[-122.409374129268,47.5681547354113],[-122.409373278582,47.5681574179764],[-122.409372395247,47.5681600927678],[-122.409371483397,47.5681627624704],[-122.409370535015,47.5681654299374],[-122.409369558034,47.5681680895745],[-122.409368552538,47.5681707441228],[-122.409367510427,47.5681733936946],[-122.4093664398,47.5681760381774],[-122.409365336607,47.5681786776276],[-122.409364204817,47.5681813092479],[-122.409363040377,47.5681839330947],[-122.409361843456,47.5681865546496],[-122.409360617853,47.5681891656338],[-122.409359363735,47.5681917715292],[-122.409358073001,47.568194372448],[-122.409356753586,47.568196962796],[-122.409355405655,47.5681995480552],[-122.409354025076,47.5682021255408],[-122.409352615898,47.5682046951965],[-122.409351174155,47.5682072598196],[-122.409349703731,47.568209813872],[-122.409348204791,47.5682123628354],[-122.409346673037,47.5682148985434],[-122.409345112684,47.5682174264216],[-122.409343519766,47.568219949267],[-122.409341902216,47.5682224614856],[-122.409340252018,47.5682249659306],[-122.409338573139,47.5682274598048],[-122.409336861611,47.5682299459054],[-122.409335125451,47.568232421379],[-122.409333356643,47.5682348890791],[-122.409331559071,47.5682373434675],[-122.409329732983,47.568239792767],[-122.409327873998,47.5682422260702],[-122.40932599468,47.568244656913],[-122.409324082548,47.5682470745004],[-122.409322141651,47.5682494787761],[-122.409320176206,47.5682518751658],[-122.409318177946,47.5682542583001],[-122.409316151171,47.5682566363454],[-122.409314099598,47.5682589982821],[-122.409312019344,47.568261349648],[-122.409309910408,47.5682636904432],[-122.409307768741,47.5682660207238],[-122.409305610459,47.5682683375243],[-122.409303415396,47.5682706438663],[-122.409301199669,47.5682729367844],[-122.409298955259,47.5682752191318],[-122.409296682086,47.5682774881675],[-122.409294384281,47.5682797465763],[-122.409292057711,47.5682819916735],[-122.409289702377,47.568284223459],[-122.409287330428,47.5682864417644],[-122.409284921615,47.5682886468704],[-122.40928248817,47.5682908413496],[-122.409280038028,47.5682930196077],[-122.409277551104,47.5682951874073],[-122.409275051699,47.5682973444116],[-122.40927251113,47.5682994800499],[-122.409055729243,47.5684810699979],[-122.408897163589,47.5684799824991]]]}},{"type":"Feature","properties":{"OBJECTID":31162,"PIN":"0880000189","ADDRESS":"8617 A  DELRIDGE WAY SW","PROP_NAME":"townhouse","LAND_SQFT":1321,"LAND_USE_DESC":"Townhouse Plat","ZONING":"LR2","SF_UNITS":0,"YR_BUILT":"2003","REDEV_FL_AREA":1519,"AVAIL_SQFT":0,"STATUS_TEXT_1":"Substantially Developed","STATUS_TEXT_2":"(81% - 100% of allowed density)","UV_NAME":"Westwood-Highland Park"},"geometry":{"type":"Polygon","coordinates":[[[-122.360593159688,47.5260799626189],[-122.360593589483,47.5259991683601],[-122.360775072447,47.5259988260336],[-122.36077454289,47.5260796600267],[-122.360593159688,47.5260799626189]]]}},{"type":"Feature","properties":{"OBJECTID":31254,"PIN":"9324600000","ADDRESS":"8627   25TH AVE SW","PROP_NAME":"WESTWOOD NO. 01 CONDOMINIUM","LAND_SQFT":15347,"LAND_USE_DESC":"Condominium(Residential)","ZONING":"LR2","SF_UNITS":0,"YR_BUILT":"2005","REDEV_FL_AREA":17649,"AVAIL_SQFT":9208,"STATUS_TEXT_1":"Moderately Developed","STATUS_TEXT_2":"(41% - 80% of allowed density)","UV_NAME":"Westwood-Highland Park"},"geometry":{"type":"Polygon","coordinates":[[[-122.364641439226,47.5259096670806],[-122.364643129545,47.5255827800626],[-122.365163847745,47.5255817538594],[-122.36516215129,47.5259087342411],[-122.364641439226,47.5259096670806]]]}},{"type":"Feature","properties":{"OBJECTID":31326,"PIN":"7652400010","ADDRESS":"2620   ALKI AVE SW","PROP_NAME":"EL CHUPACABRA/TAILANDING ON ALKI/APT","LAND_SQFT":2746,"LAND_USE_DESC":"Apartment(Mixed Use)","ZONING":"NC1-30","SF_UNITS":0,"YR_BUILT":"1990","REDEV_FL_AREA":6178,"AVAIL_SQFT":3295,"STATUS_TEXT_1":"Moderately Developed","STATUS_TEXT_2":"(41% - 80% of allowed density)","UV_NAME":"Outside Villages"},"geometry":{"type":"Polygon","coordinates":[[[-122.407254362602,47.5799737419136],[-122.407374967143,47.5799752506895],[-122.407368557591,47.5802067970822],[-122.40724657028,47.5802595701451],[-122.407254362602,47.5799737419136]]]}},{"type":"Feature","properties":{"OBJECTID":31455,"PIN":"7904700019","ADDRESS":"4429 B  44TH AVE SW","PROP_NAME":"Townhouse","LAND_SQFT":1563,"LAND_USE_DESC":"Townhouse Plat","ZONING":"LR2","SF_UNITS":0,"YR_BUILT":"2005","REDEV_FL_AREA":1797,"AVAIL_SQFT":0,"STATUS_TEXT_1":"Substantially Developed","STATUS_TEXT_2":"(81% - 100% of allowed density)","UV_NAME":"West Seattle Junction"},"geometry":{"type":"Polygon","coordinates":[[[-122.388528772439,47.5639199477135],[-122.388529043173,47.5638514119183],[-122.388777797007,47.5638518942025],[-122.388777713046,47.5639204329315],[-122.388528772439,47.5639199477135]]]}},{"type":"Feature","properties":{"OBJECTID":31559,"PIN":"3389900647","ADDRESS":"4506  SW ALASKA ST","PROP_NAME":"Townhouse","LAND_SQFT":1705,"LAND_USE_DESC":"Townhouse Plat","ZONING":"LR2","SF_UNITS":0,"YR_BUILT":"1996","REDEV_FL_AREA":1961,"AVAIL_SQFT":0,"STATUS_TEXT_1":"Moderately Developed","STATUS_TEXT_2":"(41% - 80% of allowed density)","UV_NAME":"West Seattle Junction"},"geometry":{"type":"Polygon","coordinates":[[[-122.389831296241,47.5613590656875],[-122.389831337948,47.5613261659714],[-122.389831386993,47.5612905295866],[-122.389831481794,47.5612219934301],[-122.389970475327,47.561222185165],[-122.389969513644,47.5612907167421],[-122.389969011078,47.5613263565965],[-122.389968552122,47.5613592538012],[-122.389831296241,47.5613590656875]]]}},{"type":"Feature","properties":{"OBJECTID":31708,"PIN":"7899800090","ADDRESS":"8853   16TH AVE SW","PROP_NAME":"duplex","LAND_SQFT":7827,"LAND_USE_DESC":"Duplex","ZONING":"SF 5000","SF_UNITS":0,"YR_BUILT":"1952","REDEV_FL_AREA":8716,"AVAIL_SQFT":6262,"STATUS_TEXT_1":"Moderately Developed","STATUS_TEXT_2":"(41% - 80% of allowed density)","UV_NAME":"Outside Villages"},"geometry":{"type":"Polygon","coordinates":[[[-122.3552207994,47.5232995318545],[-122.355221995187,47.5231981046743],[-122.355222745208,47.5231350636306],[-122.355742046036,47.5231337839393],[-122.355741296883,47.5231968332093],[-122.355740098141,47.5232982631901],[-122.3552207994,47.5232995318545]]]}},{"type":"Feature","properties":{"OBJECTID":31791,"PIN":"9358000615","ADDRESS":"4060   30TH AVE SW","PROP_NAME":"4-PLEX","LAND_SQFT":5098,"LAND_USE_DESC":"4-Plex","ZONING":"LR1","SF_UNITS":0,"YR_BUILT":"1984","REDEV_FL_AREA":5098,"AVAIL_SQFT":2039,"STATUS_TEXT_1":"Completely Developed","STATUS_TEXT_2":"(more than 100% of allowed density)","UV_NAME":"Outside Villages"},"geometry":{"type":"Polygon","coordinates":[[[-122.370547411202,47.5672475297664],[-122.370446170434,47.567247746923],[-122.370448495147,47.567094257313],[-122.370450408319,47.5669681415522],[-122.370551636151,47.5669679163332],[-122.370652864144,47.566967696506],[-122.370648647838,47.5672473098335],[-122.370547411202,47.5672475297664]]]}},{"type":"Feature","properties":{"OBJECTID":31931,"PIN":"7625702438","ADDRESS":"5940 C  CALIFORNIA AVE SW","PROP_NAME":"Townhomes","LAND_SQFT":889,"LAND_USE_DESC":"Townhouse Plat","ZONING":"LR3 RC","SF_UNITS":0,"YR_BUILT":"2006","REDEV_FL_AREA":1422,"AVAIL_SQFT":0,"STATUS_TEXT_1":"Substantially Developed","STATUS_TEXT_2":"(81% - 100% of allowed density)","UV_NAME":"Morgan Junction"},"geometry":{"type":"Polygon","coordinates":[[[-122.386682178998,47.549171138286],[-122.386657034134,47.5491708087776],[-122.386658623971,47.5491160063676],[-122.386660217363,47.5490611874566],[-122.386764912953,47.5490625533884],[-122.386763776291,47.5490761832049],[-122.386748834885,47.5491171836525],[-122.386728943658,47.5491717481236],[-122.386682178998,47.549171138286]]]}},{"type":"Feature","properties":{"OBJECTID":31998,"PIN":"5323100005","ADDRESS":"2716   ALKI AVE SW","PROP_NAME":"PHOENECIA RESTAURANT, ALKI CLEANERS,  APTS","LAND_SQFT":4400,"LAND_USE_DESC":"Apartment(Mixed Use)","ZONING":"NC1-30","SF_UNITS":0,"YR_BUILT":"1980","REDEV_FL_AREA":6831,"AVAIL_SQFT":1822,"STATUS_TEXT_1":"Moderately Developed","STATUS_TEXT_2":"(41% - 80% of allowed density)","UV_NAME":"Outside Villages"},"geometry":{"type":"Polygon","coordinates":[[[-122.41003533082,47.5788572597411],[-122.410197567302,47.5788594194367],[-122.410189577198,47.5791393828198],[-122.410026561235,47.5791869859646],[-122.410025918589,47.5791871758512],[-122.41003533082,47.5788572597411]]]}},{"type":"Feature","properties":{"OBJECTID":32154,"PIN":"7985400095","ADDRESS":"2416 E SW HOLDEN ST","PROP_NAME":"Townhouse unit","LAND_SQFT":1943,"LAND_USE_DESC":"Townhouse Plat","ZONING":"LR2","SF_UNITS":0,"YR_BUILT":"2004","REDEV_FL_AREA":2234,"AVAIL_SQFT":0,"STATUS_TEXT_1":"Moderately Developed","STATUS_TEXT_2":"(41% - 80% of allowed density)","UV_NAME":"Outside Villages"},"geometry":{"type":"Polygon","coordinates":[[[-122.363967716808,47.534295512793],[-122.36396780298,47.5342881081399],[-122.363968310449,47.5342452844401],[-122.3639684071,47.5342371338125],[-122.363968789009,47.5342050605781],[-122.364031274021,47.534205400612],[-122.364191426741,47.5342062701226],[-122.364190811011,47.5342583578765],[-122.364231185479,47.5342675398829],[-122.364230936245,47.5342885499662],[-122.364230838626,47.5342969419066],[-122.364030699992,47.5342958543437],[-122.363967716808,47.534295512793]]]}},{"type":"Feature","properties":{"OBJECTID":32262,"PIN":"7625700435","ADDRESS":"5242   CALIFORNIA AVE SW","PROP_NAME":"JOHN L SCOTT REAL ESTATE/LANDLORD MGMT INC.","LAND_SQFT":15023,"LAND_USE_DESC":"Office Building","ZONING":"NC2-30","SF_UNITS":0,"YR_BUILT":"1980","REDEV_FL_AREA":33802,"AVAIL_SQFT":30046,"STATUS_TEXT_1":"Significantly Under Developed","STATUS_TEXT_2":"(under 20% of allowed density)","UV_NAME":"Outside Villages"},"geometry":{"type":"Polygon","coordinates":[[[-122.386199369164,47.5545122749861],[-122.386203286308,47.5543751902673],[-122.386207199382,47.5542381056036],[-122.386815381144,47.554245890829],[-122.386811401165,47.554382987418],[-122.386807412904,47.5545200786356],[-122.386199369164,47.5545122749861]]]}},{"type":"Feature","properties":{"OBJECTID":32405,"PIN":"7985400090","ADDRESS":"2414 E SW HOLDEN ST","PROP_NAME":"Townhouse unit","LAND_SQFT":1536,"LAND_USE_DESC":"Townhouse Plat","ZONING":"LR2","SF_UNITS":0,"YR_BUILT":"2004","REDEV_FL_AREA":1766,"AVAIL_SQFT":0,"STATUS_TEXT_1":"Substantially Developed","STATUS_TEXT_2":"(81% - 100% of allowed density)","UV_NAME":"Outside Villages"},"geometry":{"type":"Polygon","coordinates":[[[-122.3637036316,47.5343752958985],[-122.363703738236,47.5343662430081],[-122.363704015569,47.5343430115028],[-122.363704414378,47.534309577995],[-122.363904362591,47.5343106604722],[-122.363967532132,47.5343110050319],[-122.363966885659,47.5343656378034],[-122.363966884832,47.5343657474959],[-122.363966753813,47.5343767256236],[-122.363903244055,47.5343763801614],[-122.3637036316,47.5343752958985]]]}},{"type":"Feature","properties":{"OBJECTID":32497,"PIN":"7579200050","ADDRESS":"4730   CALIFORNIA AVE SW","PROP_NAME":"4730 CALIFORNIA","LAND_SQFT":14181,"LAND_USE_DESC":"Apartment(Mixed Use)","ZONING":"NC3P-85","SF_UNITS":0,"YR_BUILT":"2014","REDEV_FL_AREA":63814,"AVAIL_SQFT":0,"STATUS_TEXT_1":"Completely Developed","STATUS_TEXT_2":"(more than 100% of allowed density)","UV_NAME":"West Seattle Junction"},"geometry":{"type":"Polygon","coordinates":[[[-122.386180220318,47.5602943612488],[-122.386182343723,47.5602259043893],[-122.386184469066,47.5601574447613],[-122.386186594403,47.5600889851331],[-122.386188719653,47.560020522764],[-122.386190845142,47.5599520686176],[-122.386649978214,47.5599539574781],[-122.386647964765,47.5600224128524],[-122.386645951312,47.5600908682267],[-122.386643937853,47.5601593236009],[-122.386641924307,47.5602277762341],[-122.386639910838,47.5602962316081],[-122.386180220318,47.5602943612488]]]}},{"type":"Feature","properties":{"OBJECTID":32664,"PIN":"1924049050","ADDRESS":"5423   WEST MARGINAL WAY SW","PROP_NAME":"ALASKA MARINE LINES","LAND_SQFT":26574,"LAND_USE_DESC":"Warehouse","ZONING":"IG2 U/85","SF_UNITS":0,"YR_BUILT":"1975","REDEV_FL_AREA":26574,"AVAIL_SQFT":15944,"STATUS_TEXT_1":"Under Developed","STATUS_TEXT_2":"(21% - 40% of allowed density)","UV_NAME":"Greater Duwamish"},"geometry":{"type":"Polygon","coordinates":[[[-122.346856529505,47.5531711222629],[-122.346798067517,47.5530169819694],[-122.346750247173,47.552861202812],[-122.346692785098,47.5526494420208],[-122.347348345531,47.5526503991188],[-122.347317371078,47.5530774895781],[-122.347366431508,47.5531709340612],[-122.347011645094,47.5531714668777],[-122.346856529505,47.5531711222629]]]}},{"type":"Feature","properties":{"OBJECTID":32830,"PIN":"6453300036","ADDRESS":"250  SW ROXBURY ST","PROP_NAME":"APARTMENT","LAND_SQFT":12673,"LAND_USE_DESC":"Apartment","ZONING":"LR2","SF_UNITS":0,"YR_BUILT":"1992","REDEV_FL_AREA":14574,"AVAIL_SQFT":6336,"STATUS_TEXT_1":"Publicly Owned","STATUS_TEXT_2":null,"UV_NAME":"Outside Villages"},"geometry":{"type":"Polygon","coordinates":[[[-122.339206119907,47.5175552029505],[-122.339208279507,47.517349597109],[-122.339475302284,47.5173510937486],[-122.339896559483,47.5173534534038],[-122.339901557291,47.5173536997035],[-122.339903438216,47.5173539379887],[-122.339905534452,47.5173542035802],[-122.339909418068,47.5173549719313],[-122.339913167519,47.5173559998113],[-122.339916742107,47.5173572795342],[-122.339920120889,47.5173587866996],[-122.339923255233,47.5173605192105],[-122.339926116182,47.5173624555149],[-122.339928678907,47.5173645767481],[-122.339930918418,47.5173668585633],[-122.339932809805,47.5173692793549],[-122.339934332282,47.5173718202045],[-122.339935476808,47.5173744483278],[-122.339936226485,47.5173771392708],[-122.339936572586,47.5173798712131],[-122.339936518208,47.5173826112095],[-122.339936058591,47.5173853346448],[-122.339935200956,47.5173880112613],[-122.339933952762,47.5173906190237],[-122.339838864394,47.5175587484405],[-122.339472791492,47.5175566960399],[-122.339206119907,47.5175552029505]]]}},{"type":"Feature","properties":{"OBJECTID":32994,"PIN":"0939000005","ADDRESS":"515   2ND AVE","PROP_NAME":"SINKING SHIP PARKING GARAGE","LAND_SQFT":18500,"LAND_USE_DESC":"Parking(Garage)","ZONING":"PSM 100/100-120","SF_UNITS":0,"YR_BUILT":"1961","REDEV_FL_AREA":148000,"AVAIL_SQFT":92500,"STATUS_TEXT_1":"Under Developed","STATUS_TEXT_2":"(21% - 40% of allowed density)","UV_NAME":"Pioneer Square"},"geometry":{"type":"Polygon","coordinates":[[[-122.33234879225,47.6018840156061],[-122.33228092884,47.6018096689909],[-122.332525272561,47.6018100770829],[-122.332795389768,47.6018105261001],[-122.332871757533,47.601810652004],[-122.333362889675,47.6018114657969],[-122.333401507387,47.6018115296996],[-122.333413662351,47.6018249122253],[-122.333363877848,47.6018457498416],[-122.333031309206,47.6019849726219],[-122.332976192736,47.6020080465384],[-122.332604172154,47.6021637822153],[-122.332476481819,47.602023897612],[-122.33234879225,47.6018840156061]]]}},{"type":"Feature","properties":{"OBJECTID":33107,"PIN":"0939000175","ADDRESS":"706   1ST AVE S","PROP_NAME":"PARKING GARAGE STRUCTURE - (PORTION OF BUILDING ON","LAND_SQFT":13306,"LAND_USE_DESC":"Parking(Garage)","ZONING":"PSM 100/100-130","SF_UNITS":0,"YR_BUILT":"1965","REDEV_FL_AREA":119754,"AVAIL_SQFT":59877,"STATUS_TEXT_1":"Moderately Developed","STATUS_TEXT_2":"(41% - 80% of allowed density)","UV_NAME":"Pioneer Square"},"geometry":{"type":"Polygon","coordinates":[[[-122.333952627935,47.6029926549217],[-122.334334730941,47.6028327565714],[-122.334462757314,47.6029726621655],[-122.334590784376,47.6031125676152],[-122.334371857202,47.6032041767588],[-122.334208582125,47.6032724434388],[-122.334148770472,47.6032071088501],[-122.334080604726,47.6031325506229],[-122.333952627935,47.6029926549217]]]}},{"type":"Feature","properties":{"OBJECTID":33220,"PIN":"3438501320","ADDRESS":"5931   DELRIDGE WAY SW","PROP_NAME":"DUPLEX","LAND_SQFT":1342,"LAND_USE_DESC":"Townhouse Plat","ZONING":"LR1","SF_UNITS":0,"YR_BUILT":"2009","REDEV_FL_AREA":1342,"AVAIL_SQFT":0,"STATUS_TEXT_1":"Substantially Developed","STATUS_TEXT_2":"(81% - 100% of allowed density)","UV_NAME":"Outside Villages"},"geometry":{"type":"Polygon","coordinates":[[[-122.363186843079,47.5489388041851],[-122.363187565424,47.5488805838311],[-122.363240308449,47.5488808925205],[-122.363240350787,47.5488774383592],[-122.363436732733,47.5488785429978],[-122.363436690392,47.5488818586867],[-122.363435980689,47.5489402242035],[-122.363186843079,47.5489388041851]]]}},{"type":"Feature","properties":{"OBJECTID":33339,"PIN":"9485700201","ADDRESS":"8409   DELRIDGE WAY SW","PROP_NAME":"4-PLEX","LAND_SQFT":5922,"LAND_USE_DESC":"4-Plex","ZONING":"LR2","SF_UNITS":0,"YR_BUILT":"1988","REDEV_FL_AREA":6810,"AVAIL_SQFT":2961,"STATUS_TEXT_1":"Moderately Developed","STATUS_TEXT_2":"(41% - 80% of allowed density)","UV_NAME":"Westwood-Highland Park"},"geometry":{"type":"Polygon","coordinates":[[[-122.360582975989,47.5280012793773],[-122.36058364373,47.527875139683],[-122.361104601284,47.5278747461323],[-122.361103942335,47.5280008665342],[-122.360582975989,47.5280012793773]]]}},{"type":"Feature","properties":{"OBJECTID":33453,"PIN":"3438500740","ADDRESS":"5425   16TH AVE SW","PROP_NAME":"SFR","LAND_SQFT":10758,"LAND_USE_DESC":"Single Family(Res Use/Zone)","ZONING":"SF 5000","SF_UNITS":1,"YR_BUILT":"1932","REDEV_FL_AREA":10758,"AVAIL_SQFT":8606,"STATUS_TEXT_1":"Moderately Developed","STATUS_TEXT_2":"(41% - 80% of allowed density)","UV_NAME":"Outside Villages"},"geometry":{"type":"Polygon","coordinates":[[[-122.354922866873,47.5531179059776],[-122.35492483187,47.5528566823411],[-122.35538568424,47.5528628154236],[-122.355384739193,47.5529885007065],[-122.355383749947,47.5531198817733],[-122.354922866873,47.5531179059776]]]}},{"type":"Feature","properties":{"OBJECTID":33593,"PIN":"8846300060","ADDRESS":"7141   CALIFORNIA AVE SW","PROP_NAME":"UNITARIAN UNIVERSALIST CHURCH","LAND_SQFT":20762,"LAND_USE_DESC":"Church/Welfare/Relig Srvc","ZONING":"LR1","SF_UNITS":0,"YR_BUILT":"1975","REDEV_FL_AREA":20762,"AVAIL_SQFT":10381,"STATUS_TEXT_1":"Special Land Use Type","STATUS_TEXT_2":null,"UV_NAME":"Outside Villages"},"geometry":{"type":"Polygon","coordinates":[[[-122.387441365187,47.5389637782853],[-122.387442163734,47.5388910372046],[-122.387442552892,47.5388541238766],[-122.387443708047,47.5387444644289],[-122.387444863198,47.5386348049812],[-122.387445762521,47.5385495587697],[-122.387536588723,47.5385259550755],[-122.38792793539,47.5384242569147],[-122.387926781209,47.5385294358562],[-122.387925578504,47.5386390959734],[-122.387924375874,47.5387487588314],[-122.387923172995,47.5388584134667],[-122.38792197424,47.5389680707874],[-122.387441365187,47.5389637782853]]]}},{"type":"Feature","properties":{"OBJECTID":33782,"PIN":"2767603860","ADDRESS":"5900   24TH AVE NW","PROP_NAME":"Homestreet Bank","LAND_SQFT":6807,"LAND_USE_DESC":"Bank","ZONING":"MR-RC","SF_UNITS":0,"YR_BUILT":"1980","REDEV_FL_AREA":28930,"AVAIL_SQFT":24505,"STATUS_TEXT_1":"Significantly Under Developed","STATUS_TEXT_2":"(under 20% of allowed density)","UV_NAME":"Ballard"},"geometry":{"type":"Polygon","coordinates":[[[-122.387108196221,47.6720092584311],[-122.38710825985,47.6717347790295],[-122.387384264035,47.6717353028112],[-122.38738420047,47.6720097356173],[-122.387108196221,47.6720092584311]]]}},{"type":"Feature","properties":{"OBJECTID":33824,"PIN":"2267000531","ADDRESS":"8501   29TH AVE NW","PROP_NAME":"Townhouse","LAND_SQFT":1394,"LAND_USE_DESC":"Townhouse Plat","ZONING":"LR2","SF_UNITS":0,"YR_BUILT":"2004","REDEV_FL_AREA":1603,"AVAIL_SQFT":0,"STATUS_TEXT_1":"Substantially Developed","STATUS_TEXT_2":"(81% - 100% of allowed density)","UV_NAME":"Outside Villages"},"geometry":{"type":"Polygon","coordinates":[[[-122.394237906415,47.6907756968148],[-122.394251765919,47.690727129064],[-122.394492289862,47.690728671378],[-122.394565404835,47.6907291394979],[-122.39456476563,47.6907743591164],[-122.394564718552,47.6907777928035],[-122.39449160757,47.6907773246275],[-122.394237906415,47.6907756968148]]]}},{"type":"Feature","properties":{"OBJECTID":33875,"PIN":"0993000226","ADDRESS":"1303  N 90TH ST","PROP_NAME":"townhouse","LAND_SQFT":1193,"LAND_USE_DESC":"Townhouse Plat","ZONING":"LR2","SF_UNITS":0,"YR_BUILT":"1993","REDEV_FL_AREA":1372,"AVAIL_SQFT":0,"STATUS_TEXT_1":"Substantially Developed","STATUS_TEXT_2":"(81% - 100% of allowed density)","UV_NAME":"Aurora-Licton Springs"},"geometry":{"type":"Polygon","coordinates":[[[-122.341051351841,47.6941007861936],[-122.341050643141,47.6940405426853],[-122.341050542845,47.6940323289561],[-122.341049733693,47.6939638662365],[-122.341049158191,47.693914649322],[-122.341053212094,47.6939146724691],[-122.341052986485,47.6938954238154],[-122.341052501963,47.6938543796231],[-122.341109344506,47.6938546558897],[-122.341109828755,47.6938956891179],[-122.341110058525,47.6939149404588],[-122.341101938539,47.6939148943296],[-122.341102517991,47.6939641057082],[-122.341103326975,47.6940325602046],[-122.341103423298,47.6940407767284],[-122.34110413596,47.6941010147007],[-122.341051351841,47.6941007861936]]]}},{"type":"Feature","properties":{"OBJECTID":33904,"PIN":"9523102060","ADDRESS":"6318   LINDEN AVE N","PROP_NAME":"GREEN LAKE PRESBYTERIAN CHURCH","LAND_SQFT":16813,"LAND_USE_DESC":"Church/Welfare/Relig Srvc","ZONING":"SF 5000","SF_UNITS":0,"YR_BUILT":"1984","REDEV_FL_AREA":16813,"AVAIL_SQFT":8406,"STATUS_TEXT_1":"Special Land Use Type","STATUS_TEXT_2":null,"UV_NAME":"Outside Villages"},"geometry":{"type":"Polygon","coordinates":[[[-122.347802292797,47.6749750769696],[-122.348166585621,47.6749764581739],[-122.348166905402,47.6749353374028],[-122.348167438587,47.6748668567075],[-122.348167770542,47.6748257357744],[-122.348167983946,47.6747983758502],[-122.348168505034,47.6747298980574],[-122.348168507095,47.6747298294796],[-122.348169042193,47.6746614145667],[-122.348355759357,47.6746619808652],[-122.348355223322,47.6747304945073],[-122.348354691505,47.6747990135771],[-122.348354155547,47.6748675299598],[-122.348353619588,47.6749360463423],[-122.348353083628,47.6750045627245],[-122.348352551645,47.6750730763117],[-122.348352015761,47.6751415954345],[-122.348351487834,47.6752101089673],[-122.347800315667,47.6752075959626],[-122.347800896057,47.6751391859412],[-122.347801480503,47.6750707758657],[-122.347802060889,47.6750023658439],[-122.347802292797,47.6749750769696]]]}},{"type":"Feature","properties":{"OBJECTID":33974,"PIN":"7113000052","ADDRESS":"803 C SW TRENTON ST","PROP_NAME":"townhouse","LAND_SQFT":943,"LAND_USE_DESC":"Townhouse Plat","ZONING":"LR2","SF_UNITS":0,"YR_BUILT":"2008","REDEV_FL_AREA":1084,"AVAIL_SQFT":0,"STATUS_TEXT_1":"Substantially Developed","STATUS_TEXT_2":"(81% - 100% of allowed density)","UV_NAME":"Outside Villages"},"geometry":{"type":"Polygon","coordinates":[[[-122.345756639123,47.5244146986437],[-122.345733501342,47.5244147489397],[-122.345733077369,47.5243335934972],[-122.345732505968,47.5242239202546],[-122.345787411959,47.5242243765464],[-122.345787983476,47.5243340497887],[-122.345788402971,47.5244146294672],[-122.345756639123,47.5244146986437]]]}},{"type":"Feature","properties":{"OBJECTID":34057,"PIN":"1972206507","ADDRESS":"501  N 34TH ST","PROP_NAME":"THE EVANSTON BUILDING","LAND_SQFT":44055,"LAND_USE_DESC":"Office Building","ZONING":"IC-65","SF_UNITS":0,"YR_BUILT":"2000","REDEV_FL_AREA":66082,"AVAIL_SQFT":4406,"STATUS_TEXT_1":"Substantially Developed","STATUS_TEXT_2":"(81% - 100% of allowed density)","UV_NAME":"Fremont"},"geometry":{"type":"Polygon","coordinates":[[[-122.351169983067,47.6497190210958],[-122.351170453405,47.6496294878741],[-122.351171068452,47.6495125928477],[-122.351171164123,47.6494945326287],[-122.351171453441,47.6494396664361],[-122.351172782634,47.6491863354254],[-122.351439932271,47.6493047365024],[-122.351561723075,47.6493587127104],[-122.35168349353,47.6494126780946],[-122.351748461241,47.6494414722469],[-122.35204857224,47.6495744751339],[-122.352159634296,47.6496236965578],[-122.352167235808,47.6496270665675],[-122.352231665469,47.6496556208458],[-122.352241982347,47.6496601926541],[-122.352404855428,47.6497323740465],[-122.352401370316,47.6497360071011],[-122.352804375351,47.649914619924],[-122.352765964121,47.6499938092678],[-122.352333447132,47.649895958607],[-122.351330108017,47.6497430564899],[-122.351303770338,47.6497391026117],[-122.351169983067,47.6497190210958]]]}},{"type":"Feature","properties":{"OBJECTID":34135,"PIN":"1524039041","ADDRESS":"3801   BEACH DR SW","PROP_NAME":"4 PLEX","LAND_SQFT":5764,"LAND_USE_DESC":"4-Plex","ZONING":"LR3","SF_UNITS":0,"YR_BUILT":"1987","REDEV_FL_AREA":0,"AVAIL_SQFT":0,"STATUS_TEXT_1":"Site with No Additional Development Allowed","STATUS_TEXT_2":null,"UV_NAME":"Outside Villages"},"geometry":{"type":"Polygon","coordinates":[[[-122.41021434764,47.5700957246984],[-122.410213705601,47.570094592903],[-122.410212230473,47.5700920413028],[-122.410210735178,47.5700894927243],[-122.410209219799,47.5700869499084],[-122.410207688386,47.5700844127991],[-122.410206136805,47.5700818787115],[-122.410204569273,47.5700793530713],[-122.410202977524,47.570076830509],[-122.410201369741,47.5700743136533],[-122.410199745924,47.570071802504],[-122.410198102022,47.5700692971173],[-122.410196438036,47.5700667974933],[-122.410194753967,47.570064303632],[-122.410193057913,47.570061815421],[-122.410191337725,47.5700593330288],[-122.410189601502,47.5700568563432],[-122.410187845196,47.5700543854201],[-122.410186072855,47.5700519202035],[-122.410184280431,47.5700494607496],[-122.410182472055,47.5700470097431],[-122.410180643512,47.5700445617584],[-122.410178799018,47.570042122221],[-122.41017693444,47.5700396884462],[-122.410175053827,47.570037260378],[-122.410173153214,47.5700348408133],[-122.410171236483,47.5700324242142],[-122.410169303802,47.5700300160624],[-122.410167351036,47.5700276136734],[-122.410165374136,47.5700252171031],[-122.410163389385,47.5700228288679],[-122.41016138455,47.5700204463952],[-122.410159359713,47.5700180724262],[-122.410157318843,47.5700157041636],[-122.410155262021,47.5700133443485],[-122.410153185116,47.570010990296],[-122.410150899316,47.5700084280013],[-122.410079694532,47.5699240220357],[-122.410449127486,47.5699282266838],[-122.410472846519,47.5699284954415],[-122.410578329952,47.5699296974822],[-122.41166295879,47.5699420337871],[-122.411933706432,47.570115280981],[-122.410681718563,47.5701010436038],[-122.410611416373,47.5701002447782],[-122.410597023531,47.5701000797476],[-122.41021434764,47.5700957246984]]]}},{"type":"Feature","properties":{"OBJECTID":34230,"PIN":"1972203470","ADDRESS":"412  N 35TH ST","PROP_NAME":"Duplex","LAND_SQFT":4500,"LAND_USE_DESC":"Duplex","ZONING":"IG2 U/65","SF_UNITS":0,"YR_BUILT":"2003","REDEV_FL_AREA":4500,"AVAIL_SQFT":1800,"STATUS_TEXT_1":"Moderately Developed","STATUS_TEXT_2":"(41% - 80% of allowed density)","UV_NAME":"Fremont"},"geometry":{"type":"Polygon","coordinates":[[[-122.35359040303,47.6516146869347],[-122.353718939832,47.6513546834352],[-122.353834363402,47.6513807928872],[-122.353892077258,47.6513938475422],[-122.353763498607,47.6516539203562],[-122.353705799999,47.6516408407509],[-122.35359040303,47.6516146869347]]]}},{"type":"Feature","properties":{"OBJECTID":34287,"PIN":"7996710080","ADDRESS":"11705   STENDALL PL N","PROP_NAME":"townhouse","LAND_SQFT":2240,"LAND_USE_DESC":"Townhouse Plat","ZONING":"LR3 PUD","SF_UNITS":0,"YR_BUILT":"1981","REDEV_FL_AREA":2912,"AVAIL_SQFT":1120,"STATUS_TEXT_1":"Moderately Developed","STATUS_TEXT_2":"(41% - 80% of allowed density)","UV_NAME":"Outside Villages"},"geometry":{"type":"Polygon","coordinates":[[[-122.340566773415,47.7146290122168],[-122.340680061399,47.7146221566753],[-122.340709073655,47.7148406015606],[-122.34059578918,47.7148474543364],[-122.340566773415,47.7146290122168]]]}},{"type":"Feature","properties":{"OBJECTID":34397,"PIN":"7442000390","ADDRESS":"310  NW 40TH ST","PROP_NAME":"UNICRAB INDUSTRIES","LAND_SQFT":8541,"LAND_USE_DESC":"Office Building","ZONING":"IB U/45","SF_UNITS":0,"YR_BUILT":"1978","REDEV_FL_AREA":8541,"AVAIL_SQFT":3416,"STATUS_TEXT_1":"Moderately Developed","STATUS_TEXT_2":"(41% - 80% of allowed density)","UV_NAME":"Outside Villages"},"geometry":{"type":"Polygon","coordinates":[[[-122.361341359839,47.6565053661405],[-122.361219622896,47.6565059327428],[-122.36122223552,47.6561748912288],[-122.361343965426,47.6561743877743],[-122.361506287135,47.6561737261498],[-122.361503679761,47.6565046085866],[-122.361341359839,47.6565053661405]]]}},{"type":"Feature","properties":{"OBJECTID":34460,"PIN":"1989200615","ADDRESS":"200  W THOMAS ST","PROP_NAME":"200 WEST THOMAS BUILDING","LAND_SQFT":28777,"LAND_USE_DESC":"Office Building","ZONING":"NC3-65","SF_UNITS":0,"YR_BUILT":"1985","REDEV_FL_AREA":122302,"AVAIL_SQFT":57554,"STATUS_TEXT_1":"Moderately Developed","STATUS_TEXT_2":"(41% - 80% of allowed density)","UV_NAME":"Uptown"},"geometry":{"type":"Polygon","coordinates":[[[-122.359476840147,47.6216990455884],[-122.359478170716,47.621534676066],[-122.359479493087,47.6213703039108],[-122.35948081545,47.6212059317548],[-122.359482137885,47.6210415623391],[-122.35996872249,47.621043487331],[-122.359967401705,47.6212077223914],[-122.359966080879,47.621372094553],[-122.35996475591,47.6215364640273],[-122.359963430933,47.621700833501],[-122.359476840147,47.6216990455884]]]}},{"type":"Feature","properties":{"OBJECTID":34507,"PIN":"4235400185","ADDRESS":"3300 A W GOVERNMENT WAY","PROP_NAME":"segged into 5 sites","LAND_SQFT":1346,"LAND_USE_DESC":"Townhouse Plat","ZONING":"LR3 RC","SF_UNITS":0,"YR_BUILT":"2003","REDEV_FL_AREA":1750,"AVAIL_SQFT":673,"STATUS_TEXT_1":"Substantially Developed","STATUS_TEXT_2":"(81% - 100% of allowed density)","UV_NAME":"Outside Villages"},"geometry":{"type":"Polygon","coordinates":[[[-122.399832737712,47.6600425373947],[-122.399869979314,47.6600384413073],[-122.399873979632,47.6600379832041],[-122.399877979703,47.6600375168779],[-122.399881979525,47.6600370423289],[-122.399885970986,47.6600365596686],[-122.399889962199,47.6600360687854],[-122.399893953411,47.660035577902],[-122.399897944128,47.6600350705731],[-122.399901930623,47.6600345578179],[-122.399905912813,47.6600340368957],[-122.399909894837,47.6600335104914],[-122.399913876531,47.6600329731234],[-122.399917854002,47.6600324303292],[-122.399921827086,47.6600318766269],[-122.399925800088,47.6600313201837],[-122.399929776898,47.6600307554617],[-122.399933741207,47.6600301799433],[-122.39993770535,47.660029598943],[-122.399941669328,47.6600290124607],[-122.399945628836,47.6600284123295],[-122.399949588261,47.6600278094572],[-122.399953147439,47.6600272587051],[-122.399957102312,47.6600266394428],[-122.399992320247,47.6601444801226],[-122.399900953045,47.6601557919775],[-122.399861288472,47.6601607028851],[-122.399832737712,47.6600425373947]]]}},{"type":"Feature","properties":{"OBJECTID":34585,"PIN":"2767700460","ADDRESS":"1730  NW 56TH ST","PROP_NAME":"5 UNIT APARTMENT","LAND_SQFT":4997,"LAND_USE_DESC":"Apartment","ZONING":"NC3-65","SF_UNITS":0,"YR_BUILT":"1988","REDEV_FL_AREA":21237,"AVAIL_SQFT":15990,"STATUS_TEXT_1":"Under Developed","STATUS_TEXT_2":"(21% - 40% of allowed density)","UV_NAME":"Ballard"},"geometry":{"type":"Polygon","coordinates":[[[-122.380234696663,47.6698121270485],[-122.380234804273,47.6695380423768],[-122.380437672677,47.6695382954035],[-122.380437574661,47.6698123936697],[-122.380234696663,47.6698121270485]]]}},{"type":"Feature","properties":{"OBJECTID":34644,"PIN":"7519002162","ADDRESS":"605 B NW 77TH ST","PROP_NAME":"Townhouse","LAND_SQFT":1341,"LAND_USE_DESC":"Townhouse Plat","ZONING":"LR2 RC","SF_UNITS":0,"YR_BUILT":"2007","REDEV_FL_AREA":1542,"AVAIL_SQFT":0,"STATUS_TEXT_1":"Substantially Developed","STATUS_TEXT_2":"(81% - 100% of allowed density)","UV_NAME":"Outside Villages"},"geometry":{"type":"Polygon","coordinates":[[[-122.363655637272,47.6845134922325],[-122.363655440565,47.6843664592625],[-122.363655505591,47.6843664611312],[-122.363756884692,47.6843662320341],[-122.363757056883,47.6845135258294],[-122.363655702217,47.6845134913603],[-122.363655637272,47.6845134922325]]]}},{"type":"Feature","properties":{"OBJECTID":34705,"PIN":"1972204220","ADDRESS":"124  NW CANAL ST","PROP_NAME":"SHOP/ OFFICE/ CARETAKERS UNIT","LAND_SQFT":2539,"LAND_USE_DESC":"Industrial(Lignt)","ZONING":"IG2 U/65","SF_UNITS":0,"YR_BUILT":"2004","REDEV_FL_AREA":0,"AVAIL_SQFT":0,"STATUS_TEXT_1":"Site with No Additional Development Allowed","STATUS_TEXT_2":"","UV_NAME":"Fremont"},"geometry":{"type":"Polygon","coordinates":[[[-122.358534568624,47.6527241580651],[-122.358644442075,47.6524889672264],[-122.358646056283,47.652489765471],[-122.358646620473,47.6524900458267],[-122.358749890834,47.6525413231544],[-122.358653161204,47.6527449446063],[-122.358650680637,47.6527501657426],[-122.358536995107,47.6527247013922],[-122.358534568624,47.6527241580651]]]}},{"type":"Feature","properties":{"OBJECTID":34779,"PIN":"0476000072","ADDRESS":"2601  NW 59TH ST","PROP_NAME":"Townhouse","LAND_SQFT":1187,"LAND_USE_DESC":"Townhouse Plat","ZONING":"LR2","SF_UNITS":0,"YR_BUILT":"1999","REDEV_FL_AREA":1365,"AVAIL_SQFT":0,"STATUS_TEXT_1":"Substantially Developed","STATUS_TEXT_2":"(81% - 100% of allowed density)","UV_NAME":"Ballard"},"geometry":{"type":"Polygon","coordinates":[[[-122.390221126254,47.671428092011],[-122.390322550721,47.6714281673607],[-122.390322338946,47.6715173114172],[-122.390322239367,47.6715584352368],[-122.390261355465,47.6715583953707],[-122.390220806859,47.6715583709615],[-122.390221126254,47.671428092011]]]}},{"type":"Feature","properties":{"OBJECTID":34843,"PIN":"1176001354","ADDRESS":"5523   SEAVIEW AVE NW","PROP_NAME":"Duplex","LAND_SQFT":921,"LAND_USE_DESC":"Duplex","ZONING":"C1-30","SF_UNITS":0,"YR_BUILT":"1947","REDEV_FL_AREA":0,"AVAIL_SQFT":0,"STATUS_TEXT_1":"Site with No Additional Development Allowed","STATUS_TEXT_2":"","UV_NAME":"Outside Villages"},"geometry":{"type":"Polygon","coordinates":[[[-122.404384861302,47.6690918198313],[-122.40449603719,47.6690016742108],[-122.404509356218,47.6690152336935],[-122.404531334798,47.669037611468],[-122.404656465385,47.6691650130462],[-122.404532505941,47.6691987541838],[-122.404505666245,47.6692060604046],[-122.40450517251,47.6692055736443],[-122.404502895551,47.6692033044641],[-122.404500618592,47.6692010352839],[-122.4044983336,47.6691987689564],[-122.404496048692,47.6691965053698],[-122.404493759725,47.6691942418392],[-122.404491466702,47.6691919783644],[-122.404489169703,47.6691897176865],[-122.40448686873,47.6691874598054],[-122.404484563699,47.6691852019803],[-122.404482258751,47.669182946896],[-122.404479953803,47.6691806918117],[-122.404477640823,47.6691784395801],[-122.404475319728,47.6691761874605],[-122.404472998715,47.6691739380817],[-122.404470677786,47.6691716914438],[-122.404468348741,47.6691694449177],[-122.404466019696,47.6691671983916],[-122.40446368676,47.6691649574033],[-122.404461349683,47.66916271373],[-122.404459012689,47.6691604727975],[-122.404456667662,47.6691582347178],[-122.404454322802,47.66915600212],[-122.404452046842,47.66915383301],[-122.404451973718,47.6691537640961],[-122.404449620659,47.6691515288692],[-122.404447263626,47.669149296439],[-122.404444906593,47.6691470640089],[-122.40444254161,47.6691448371724],[-122.404440176627,47.6691426103358],[-122.404437807587,47.6691403835552],[-122.404435434572,47.6691381595714],[-122.4044330575,47.6691359356435],[-122.40443068051,47.6691337144565],[-122.404428299546,47.6691314960663],[-122.404425914524,47.6691292777321],[-122.404423525528,47.6691270621946],[-122.404421132474,47.6691248467131],[-122.404418735445,47.6691226340284],[-122.404416338416,47.6691204213436],[-122.404413937413,47.6691182114557],[-122.404411532435,47.6691160043646],[-122.404409123399,47.6691137973294],[-122.404406710389,47.6691115930911],[-122.404404297378,47.6691093888527],[-122.404401876336,47.669107187467],[-122.404399455293,47.6691049860814],[-122.404397034334,47.6691027874365],[-122.404394605341,47.6691005916445],[-122.404392172292,47.6690983959084],[-122.404389735185,47.6690962002282],[-122.404387302301,47.6690940099738],[-122.404384861302,47.6690918198313]]]}},{"type":"Feature","properties":{"OBJECTID":34893,"PIN":"1232001340","ADDRESS":"7543   15TH AVE NW","PROP_NAME":"SFR HOUSE CONVERTED TO COML USE","LAND_SQFT":3330,"LAND_USE_DESC":"Single Family(C/I Zone)","ZONING":"NC2-40","SF_UNITS":0,"YR_BUILT":"1975","REDEV_FL_AREA":9990,"AVAIL_SQFT":8658,"STATUS_TEXT_1":"Significantly Under Developed","STATUS_TEXT_2":"(under 20% of allowed density)","UV_NAME":"Outside Villages"},"geometry":{"type":"Polygon","coordinates":[[[-122.376967316272,47.6845354745686],[-122.376966925035,47.6844258067121],[-122.377304878103,47.6844223001949],[-122.377305261935,47.6845319681603],[-122.376967316272,47.6845354745686]]]}},{"type":"Feature","properties":{"OBJECTID":34951,"PIN":"0124000125","ADDRESS":"4368   LEARY WAY NW","PROP_NAME":"BALLARD ANIMAL HOSPITAL","LAND_SQFT":16547,"LAND_USE_DESC":"Vet/Animal Control Srvc","ZONING":"IB U/45","SF_UNITS":0,"YR_BUILT":"1995","REDEV_FL_AREA":16547,"AVAIL_SQFT":13238,"STATUS_TEXT_1":"Significantly Under Developed","STATUS_TEXT_2":"(under 20% of allowed density)","UV_NAME":"Ballard-Interbay-Northend"},"geometry":{"type":"Polygon","coordinates":[[[-122.365258793935,47.660713309704],[-122.365257362788,47.6604785372463],[-122.36535170952,47.6604784226259],[-122.365419679322,47.6604783419236],[-122.365473452012,47.6604782766718],[-122.365581999912,47.6604781463151],[-122.365595190446,47.6604781306421],[-122.365716928798,47.6604779817414],[-122.365744316444,47.6604779505298],[-122.365838671288,47.6604778353969],[-122.36590664117,47.660477757145],[-122.365960405663,47.6604776890315],[-122.365983771209,47.6604776625284],[-122.366051927176,47.6605480436165],[-122.366049238468,47.6606943122284],[-122.366045316257,47.6606975677],[-122.36604100994,47.6607005980099],[-122.366036351165,47.6607033753119],[-122.366031367849,47.660705882778],[-122.366026096102,47.6607081062121],[-122.366020571953,47.6607100286773],[-122.366014835652,47.6607116386636],[-122.366008919332,47.6607129247707],[-122.366002863241,47.6607138754886],[-122.365996715987,47.6607144874214],[-122.36599051392,47.6607147545956],[-122.36590808733,47.6607145914379],[-122.365745762984,47.6607142720503],[-122.365583442697,47.6607139523767],[-122.365421118355,47.6607136325265],[-122.365258793935,47.660713309704]]]}},{"type":"Feature","properties":{"OBJECTID":35072,"PIN":"6821101255","ADDRESS":"3651   34TH AVE W","PROP_NAME":"4 UNIT TOWN HOUSE APT","LAND_SQFT":5986,"LAND_USE_DESC":"4-Plex","ZONING":"NC1-30","SF_UNITS":0,"YR_BUILT":"1987","REDEV_FL_AREA":13468,"AVAIL_SQFT":9578,"STATUS_TEXT_1":"Under Developed","STATUS_TEXT_2":"(21% - 40% of allowed density)","UV_NAME":"Outside Villages"},"geometry":{"type":"Polygon","coordinates":[[[-122.401102978092,47.6538647643562],[-122.401103430393,47.6537276882707],[-122.401590324602,47.6537266850225],[-122.401589876489,47.6538635883205],[-122.401102978092,47.6538647643562]]]}},{"type":"Feature","properties":{"OBJECTID":35139,"PIN":"2767604205","ADDRESS":"5814   22ND AVE NW","PROP_NAME":"LAUREN MAY APARTMENTS-33 UNITS","LAND_SQFT":9966,"LAND_USE_DESC":"Apartment","ZONING":"LR3","SF_UNITS":0,"YR_BUILT":"1985","REDEV_FL_AREA":15946,"AVAIL_SQFT":0,"STATUS_TEXT_1":"Completely Developed","STATUS_TEXT_2":"(more than 100% of allowed density)","UV_NAME":"Ballard"},"geometry":{"type":"Polygon","coordinates":[[[-122.384202337492,47.6715486731157],[-122.384202437925,47.6714248356816],[-122.384202559942,47.6712751926026],[-122.384405359597,47.6712754916915],[-122.384608163558,47.6712757985871],[-122.384607882994,47.6715491647557],[-122.384405108173,47.6715489177733],[-122.384202337492,47.6715486731157]]]}},{"type":"Feature","properties":{"OBJECTID":35164,"PIN":"0850000300","ADDRESS":"503  N 50TH ST","PROP_NAME":"EMANUEL BIBLE CHURCH","LAND_SQFT":30038,"LAND_USE_DESC":"Church/Welfare/Relig Srvc","ZONING":"LR3","SF_UNITS":0,"YR_BUILT":"1985","REDEV_FL_AREA":34544,"AVAIL_SQFT":9011,"STATUS_TEXT_1":"Special Land Use Type","STATUS_TEXT_2":null,"UV_NAME":"Outside Villages"},"geometry":{"type":"Polygon","coordinates":[[[-122.351980396948,47.6649343340388],[-122.351982973093,47.6646600347193],[-122.351984261383,47.66452282336],[-122.351985545554,47.6643857491556],[-122.352087058452,47.6643858845993],[-122.352188567372,47.6643860227475],[-122.352290076213,47.6643861580643],[-122.352391585054,47.6643862932907],[-122.352493093896,47.6643864284266],[-122.352594602738,47.664386563472],[-122.35259213597,47.6646608833288],[-122.352589677049,47.6649351948515],[-122.352488130378,47.6649350520658],[-122.352386579569,47.6649349065028],[-122.352285036956,47.664934763482],[-122.352183490286,47.6649346204247],[-122.352081943617,47.664934477277],[-122.351980396948,47.6649343340388]]]}},{"type":"Feature","properties":{"OBJECTID":35238,"PIN":"2767702340","ADDRESS":"4775   BALLARD AVE NW","PROP_NAME":"AMERICAN PIONEER/BALLARD LOFT OFFICE LIVE/WORK","LAND_SQFT":2539,"LAND_USE_DESC":"Office Building","ZONING":"C1-65","SF_UNITS":0,"YR_BUILT":"1975","REDEV_FL_AREA":10791,"AVAIL_SQFT":4570,"STATUS_TEXT_1":"Moderately Developed","STATUS_TEXT_2":"(41% - 80% of allowed density)","UV_NAME":"Ballard"},"geometry":{"type":"Polygon","coordinates":[[[-122.380878247254,47.6642931567988],[-122.38119583398,47.6641264524373],[-122.381257250166,47.6641788764686],[-122.380950217851,47.6643487472395],[-122.380946320377,47.6643509033386],[-122.380878247254,47.6642931567988]]]}},{"type":"Feature","properties":{"OBJECTID":35305,"PIN":"1257202915","ADDRESS":"6206   MERIDIAN AVE N","PROP_NAME":"4 UNIT APT - CONV HSE","LAND_SQFT":6113,"LAND_USE_DESC":"4-Plex","ZONING":"SF 5000","SF_UNITS":0,"YR_BUILT":"1985","REDEV_FL_AREA":6113,"AVAIL_SQFT":2445,"STATUS_TEXT_1":"Completely Developed","STATUS_TEXT_2":"(more than 100% of allowed density)","UV_NAME":"Outside Villages"},"geometry":{"type":"Polygon","coordinates":[[[-122.332945998963,47.6740454144745],[-122.332948144245,47.6739057633532],[-122.333068708985,47.6739070773398],[-122.333069898919,47.6739070918375],[-122.333190463665,47.6739084056953],[-122.333191657658,47.6739084201383],[-122.333313412345,47.6739097483624],[-122.333435171097,47.6739110764029],[-122.333433026569,47.6740507083465],[-122.333311271707,47.6740493857322],[-122.333189512793,47.6740480630412],[-122.333067753885,47.6740467402201],[-122.332945998963,47.6740454144745]]]}},{"type":"Feature","properties":{"OBJECTID":35361,"PIN":"7010690000","ADDRESS":"2572   14TH AVE W","PROP_NAME":"QUEEN ANNE THE CONDOMINIUM","LAND_SQFT":9960,"LAND_USE_DESC":"Condominium(Residential)","ZONING":"LR3","SF_UNITS":0,"YR_BUILT":"1984","REDEV_FL_AREA":12948,"AVAIL_SQFT":0,"STATUS_TEXT_1":"Completely Developed","STATUS_TEXT_2":"(more than 100% of allowed density)","UV_NAME":"Outside Villages"},"geometry":{"type":"Polygon","coordinates":[[[-122.37424071502,47.6427199264604],[-122.374727500496,47.6427189668374],[-122.374728435034,47.6429465103756],[-122.37424164329,47.6429474673166],[-122.37424071502,47.6427199264604]]]}},{"type":"Feature","properties":{"OBJECTID":35415,"PIN":"2334300000","ADDRESS":"924  W EMERSON ST","PROP_NAME":"EMERSON VISTA CONDOMINIUM","LAND_SQFT":26497,"LAND_USE_DESC":"Condominium(Residential)","ZONING":"LR1","SF_UNITS":0,"YR_BUILT":"1990","REDEV_FL_AREA":26497,"AVAIL_SQFT":7949,"STATUS_TEXT_1":"Substantially Developed","STATUS_TEXT_2":"(81% - 100% of allowed density)","UV_NAME":"Outside Villages"},"geometry":{"type":"Polygon","coordinates":[[[-122.369458905144,47.6528966301093],[-122.369751821115,47.6526692385603],[-122.370490170742,47.6531015838002],[-122.370196564798,47.6533292223816],[-122.369458905144,47.6528966301093]]]}},{"type":"Feature","properties":{"OBJECTID":35524,"PIN":"2767702295","ADDRESS":"4600   SHILSHOLE AVE NW","PROP_NAME":"STEWART'S MARINE","LAND_SQFT":7358,"LAND_USE_DESC":"Service Building","ZONING":"IG2 U/65","SF_UNITS":0,"YR_BUILT":"1978","REDEV_FL_AREA":7358,"AVAIL_SQFT":4415,"STATUS_TEXT_1":"Under Developed","STATUS_TEXT_2":"(21% - 40% of allowed density)","UV_NAME":"Ballard-Interbay-Northend"},"geometry":{"type":"Polygon","coordinates":[[[-122.378149217585,47.6625733395532],[-122.378148028689,47.6623101639149],[-122.378354749579,47.6623739339426],[-122.378557251546,47.6624364007868],[-122.378556983,47.6625741507168],[-122.37835419816,47.6625737427644],[-122.378149217585,47.6625733395532]]]}},{"type":"Feature","properties":{"OBJECTID":35584,"PIN":"1926049291","ADDRESS":"915  N 145TH ST","PROP_NAME":"U S POSTAL SERVICE (BITTER LAKE STATION)","LAND_SQFT":90418,"LAND_USE_DESC":"Post Office/Post Service","ZONING":"C2-65","SF_UNITS":0,"YR_BUILT":"1980","REDEV_FL_AREA":384276,"AVAIL_SQFT":361672,"STATUS_TEXT_1":"Publicly Owned","STATUS_TEXT_2":null,"UV_NAME":"Bitter Lake Village"},"geometry":{"type":"Polygon","coordinates":[[[-122.345766738754,47.7340463078427],[-122.345761425728,47.7335627652955],[-122.345757660255,47.7332200837219],[-122.346598600969,47.7332202622455],[-122.346916677493,47.733220330179],[-122.346920791913,47.7335571530016],[-122.346920865271,47.7335630144378],[-122.347022461225,47.7335630371803],[-122.347028371297,47.7340465801271],[-122.345766738754,47.7340463078427]]]}}]}